nohup: ignoring input
=== [1/81] UMLS/DistMult@d200/L2/ls0.0/seed42 ===
Device: cuda, AMP: True
GPU: NVIDIA GeForce RTX 2080 Ti, 11.3 GB
======================================================================
CompGCN+DistMult | UMLS | seed=42
d_h=200 L=2 lr=0.0005 ls=0.0 epochs=300
======================================================================
  KG: 135 ent, 92 rel, 10432 edges
  Train/Val/Test: 5216/652/661
  Params: 243,800
  Training: epochs=300, lr=0.0005, batch=4096, ls=0.0
  Steps/epoch: 1
  E  1/300 Loss:5.608 lr:5.00e-04 1s
  >> Val MRR:0.0526 H@1:1.8% H@10:8.2% ** BEST **
  E 10/300 Loss:5.237 lr:5.00e-04 0s
  >> Val MRR:0.0508 (best:0.0526 p:1/30)
  >> Val MRR:0.0514 (best:0.0526 p:2/30)
  E 20/300 Loss:4.904 lr:5.00e-04 0s
  >> Val MRR:0.0529 H@1:0.8% H@10:11.0% ** BEST **
  >> Val MRR:0.0675 H@1:1.6% H@10:13.6% ** BEST **
  E 30/300 Loss:4.589 lr:5.00e-04 0s
  >> Val MRR:0.0950 H@1:3.4% H@10:18.2% ** BEST **
  >> Val MRR:0.1238 H@1:4.4% H@10:26.4% ** BEST **
  E 40/300 Loss:4.360 lr:5.00e-04 0s
  >> Val MRR:0.1721 H@1:7.0% H@10:34.8% ** BEST **
  >> Val MRR:0.2402 H@1:12.6% H@10:48.4% ** BEST **
  E 50/300 Loss:4.079 lr:5.00e-04 0s
  >> Val MRR:0.3228 H@1:19.2% H@10:58.4% ** BEST **
  >> Val MRR:0.4049 H@1:27.2% H@10:68.4% ** BEST **
  E 60/300 Loss:3.828 lr:5.00e-04 0s
  >> Val MRR:0.4762 H@1:34.6% H@10:74.8% ** BEST **
  >> Val MRR:0.5342 H@1:40.2% H@10:78.4% ** BEST **
  E 70/300 Loss:3.676 lr:5.00e-04 0s
  >> Val MRR:0.5803 H@1:44.6% H@10:82.0% ** BEST **
  >> Val MRR:0.6380 H@1:51.6% H@10:85.6% ** BEST **
  E 80/300 Loss:3.540 lr:5.00e-04 0s
  >> Val MRR:0.6844 H@1:57.2% H@10:88.2% ** BEST **
  >> Val MRR:0.7214 H@1:62.4% H@10:88.8% ** BEST **
  E 90/300 Loss:3.378 lr:5.00e-04 0s
  >> Val MRR:0.7446 H@1:65.2% H@10:90.2% ** BEST **
  >> Val MRR:0.7633 H@1:67.8% H@10:90.4% ** BEST **
  E100/300 Loss:3.333 lr:5.00e-04 0s
  >> Val MRR:0.7839 H@1:70.6% H@10:91.2% ** BEST **
  >> Val MRR:0.8035 H@1:73.0% H@10:91.6% ** BEST **
  E110/300 Loss:3.268 lr:5.00e-04 0s
  >> Val MRR:0.8204 H@1:75.4% H@10:93.0% ** BEST **
  >> Val MRR:0.8299 H@1:76.8% H@10:93.4% ** BEST **
  E120/300 Loss:3.203 lr:5.00e-04 0s
  >> Val MRR:0.8296 (best:0.8299 p:1/30)
  >> Val MRR:0.8378 H@1:77.4% H@10:93.0% ** BEST **
  E130/300 Loss:3.134 lr:5.00e-04 0s
  >> Val MRR:0.8386 H@1:77.4% H@10:93.2% ** BEST **
  >> Val MRR:0.8502 H@1:79.2% H@10:93.8% ** BEST **
  E140/300 Loss:3.073 lr:5.00e-04 0s
  >> Val MRR:0.8561 H@1:80.2% H@10:93.8% ** BEST **
  >> Val MRR:0.8548 (best:0.8561 p:1/30)
  E150/300 Loss:3.035 lr:5.00e-04 0s
  >> Val MRR:0.8576 H@1:80.4% H@10:94.8% ** BEST **
  >> Val MRR:0.8548 (best:0.8576 p:1/30)
  E160/300 Loss:2.994 lr:5.00e-04 0s
  >> Val MRR:0.8600 H@1:80.4% H@10:95.2% ** BEST **
  >> Val MRR:0.8681 H@1:81.4% H@10:95.6% ** BEST **
  E170/300 Loss:2.959 lr:5.00e-04 0s
  >> Val MRR:0.8764 H@1:82.6% H@10:95.6% ** BEST **
  >> Val MRR:0.8764 H@1:82.4% H@10:95.8% ** BEST **
  E180/300 Loss:2.958 lr:1.50e-04 0s
  >> Val MRR:0.8808 H@1:83.0% H@10:96.0% ** BEST **
  >> Val MRR:0.8796 (best:0.8808 p:1/30)
  E190/300 Loss:2.947 lr:1.50e-04 0s
  >> Val MRR:0.8834 H@1:83.4% H@10:96.2% ** BEST **
  >> Val MRR:0.8858 H@1:83.8% H@10:96.2% ** BEST **
  E200/300 Loss:2.942 lr:1.50e-04 0s
  >> Val MRR:0.8851 (best:0.8858 p:1/30)
  >> Val MRR:0.8859 H@1:83.6% H@10:96.2% ** BEST **
  E210/300 Loss:2.920 lr:1.50e-04 0s
  >> Val MRR:0.8859 (best:0.8859 p:1/30)
  >> Val MRR:0.8885 H@1:84.2% H@10:96.2% ** BEST **
  E220/300 Loss:2.893 lr:1.50e-04 0s
  >> Val MRR:0.8872 (best:0.8885 p:1/30)
  >> Val MRR:0.8857 (best:0.8885 p:2/30)
  E230/300 Loss:2.891 lr:1.50e-04 0s
  >> Val MRR:0.8853 (best:0.8885 p:3/30)
  E240/300 Loss:2.893 lr:4.50e-05 0s
  >> Val MRR:0.8893 H@1:84.4% H@10:96.0% ** BEST **
  >> Val MRR:0.8893 (best:0.8893 p:1/30)
  E250/300 Loss:2.910 lr:4.50e-05 0s
  >> Val MRR:0.8913 H@1:84.6% H@10:96.0% ** BEST **
  >> Val MRR:0.8903 (best:0.8913 p:1/30)
  E260/300 Loss:2.904 lr:4.50e-05 0s
  >> Val MRR:0.8897 (best:0.8913 p:2/30)
  >> Val MRR:0.8882 (best:0.8913 p:3/30)
  E270/300 Loss:2.891 lr:4.50e-05 0s
  >> Val MRR:0.8916 H@1:84.6% H@10:96.4% ** BEST **
  E280/300 Loss:2.875 lr:4.50e-05 0s
  >> Val MRR:0.8895 (best:0.8916 p:1/30)
  >> Val MRR:0.8894 (best:0.8916 p:2/30)
  E290/300 Loss:2.885 lr:4.50e-05 0s
  >> Val MRR:0.8905 (best:0.8916 p:3/30)
  E300/300 Loss:2.905 lr:4.50e-05 0s
  Training done: 152s, best_val_MRR=0.8916
  Full test evaluation (661 triples)...

  FINAL TEST: MRR=0.8853 H@1=82.8% H@3=93.3% H@10=97.7%
  Saved: /home/shanxh/decoder/UMLS_d200_L2_ls0.0_seed42.json
=== UMLS/DistMult@d200/L2/ls0.0/seed42 rc=0 in 157s ===
=== [2/81] UMLS/DistMult@d200/L2/ls0.0/seed123 ===
Device: cuda, AMP: True
GPU: NVIDIA GeForce RTX 2080 Ti, 11.3 GB
======================================================================
CompGCN+DistMult | UMLS | seed=123
d_h=200 L=2 lr=0.0005 ls=0.0 epochs=300
======================================================================
  KG: 135 ent, 92 rel, 10432 edges
  Train/Val/Test: 5216/652/661
  Params: 243,800
  Training: epochs=300, lr=0.0005, batch=4096, ls=0.0
  Steps/epoch: 1
  E  1/300 Loss:5.604 lr:5.00e-04 1s
  >> Val MRR:0.0506 H@1:1.6% H@10:8.0% ** BEST **
  E 10/300 Loss:5.255 lr:5.00e-04 0s
  >> Val MRR:0.0477 (best:0.0506 p:1/30)
  >> Val MRR:0.0458 (best:0.0506 p:2/30)
  E 20/300 Loss:4.946 lr:5.00e-04 0s
  >> Val MRR:0.0493 (best:0.0506 p:3/30)
  >> Val MRR:0.0570 H@1:1.6% H@10:9.6% ** BEST **
  E 30/300 Loss:4.600 lr:5.00e-04 0s
  >> Val MRR:0.0808 H@1:2.8% H@10:16.2% ** BEST **
  >> Val MRR:0.1291 H@1:6.4% H@10:25.0% ** BEST **
  E 40/300 Loss:4.261 lr:5.00e-04 0s
  >> Val MRR:0.1897 H@1:10.4% H@10:36.6% ** BEST **
  >> Val MRR:0.2738 H@1:16.4% H@10:51.6% ** BEST **
  E 50/300 Loss:4.004 lr:5.00e-04 0s
  >> Val MRR:0.3519 H@1:21.2% H@10:61.2% ** BEST **
  >> Val MRR:0.4396 H@1:30.2% H@10:70.0% ** BEST **
  E 60/300 Loss:3.792 lr:5.00e-04 0s
  >> Val MRR:0.5160 H@1:38.6% H@10:76.0% ** BEST **
  >> Val MRR:0.5953 H@1:48.2% H@10:80.8% ** BEST **
  E 70/300 Loss:3.646 lr:5.00e-04 0s
  >> Val MRR:0.6443 H@1:53.8% H@10:83.6% ** BEST **
  >> Val MRR:0.6801 H@1:57.2% H@10:85.8% ** BEST **
  E 80/300 Loss:3.502 lr:5.00e-04 0s
  >> Val MRR:0.7077 H@1:60.4% H@10:87.8% ** BEST **
  >> Val MRR:0.7286 H@1:63.0% H@10:89.0% ** BEST **
  E 90/300 Loss:3.348 lr:5.00e-04 0s
  >> Val MRR:0.7557 H@1:66.6% H@10:90.0% ** BEST **
  >> Val MRR:0.7767 H@1:69.2% H@10:90.8% ** BEST **
  E100/300 Loss:3.320 lr:5.00e-04 0s
  >> Val MRR:0.7986 H@1:72.4% H@10:91.2% ** BEST **
  >> Val MRR:0.8152 H@1:75.0% H@10:92.2% ** BEST **
  E110/300 Loss:3.248 lr:5.00e-04 0s
  >> Val MRR:0.8228 H@1:75.6% H@10:92.2% ** BEST **
  >> Val MRR:0.8351 H@1:77.2% H@10:92.8% ** BEST **
  E120/300 Loss:3.179 lr:5.00e-04 0s
  >> Val MRR:0.8353 H@1:76.8% H@10:93.0% ** BEST **
  >> Val MRR:0.8485 H@1:78.8% H@10:93.4% ** BEST **
  E130/300 Loss:3.148 lr:5.00e-04 0s
  >> Val MRR:0.8590 H@1:80.4% H@10:93.6% ** BEST **
  >> Val MRR:0.8645 H@1:81.4% H@10:94.0% ** BEST **
  E140/300 Loss:3.074 lr:5.00e-04 0s
  >> Val MRR:0.8693 H@1:82.0% H@10:94.2% ** BEST **
  >> Val MRR:0.8757 H@1:82.6% H@10:94.6% ** BEST **
  E150/300 Loss:3.044 lr:5.00e-04 0s
  >> Val MRR:0.8793 H@1:83.2% H@10:95.2% ** BEST **
  >> Val MRR:0.8785 (best:0.8793 p:1/30)
  E160/300 Loss:3.042 lr:5.00e-04 0s
  >> Val MRR:0.8790 (best:0.8793 p:2/30)
  >> Val MRR:0.8816 H@1:83.4% H@10:95.4% ** BEST **
  E170/300 Loss:2.974 lr:5.00e-04 0s
  >> Val MRR:0.8842 H@1:83.8% H@10:95.6% ** BEST **
  >> Val MRR:0.8859 H@1:83.8% H@10:95.4% ** BEST **
  E180/300 Loss:2.944 lr:1.50e-04 0s
  >> Val MRR:0.8840 (best:0.8859 p:1/30)
  >> Val MRR:0.8835 (best:0.8859 p:2/30)
  E190/300 Loss:2.929 lr:1.50e-04 0s
  >> Val MRR:0.8857 (best:0.8859 p:3/30)
  >> Val MRR:0.8878 H@1:83.8% H@10:95.6% ** BEST **
  E200/300 Loss:2.942 lr:1.50e-04 0s
  >> Val MRR:0.8881 H@1:83.8% H@10:95.8% ** BEST **
  >> Val MRR:0.8922 H@1:84.6% H@10:95.8% ** BEST **
  E210/300 Loss:2.907 lr:1.50e-04 0s
  >> Val MRR:0.8934 H@1:84.8% H@10:96.0% ** BEST **
  >> Val MRR:0.8935 H@1:84.8% H@10:96.0% ** BEST **
  E220/300 Loss:2.894 lr:1.50e-04 0s
  >> Val MRR:0.8966 H@1:85.4% H@10:96.0% ** BEST **
  >> Val MRR:0.8976 H@1:85.6% H@10:96.0% ** BEST **
  E230/300 Loss:2.922 lr:1.50e-04 0s
  >> Val MRR:0.8987 H@1:85.8% H@10:96.0% ** BEST **
  >> Val MRR:0.9011 H@1:86.0% H@10:96.0% ** BEST **
  E240/300 Loss:2.882 lr:4.50e-05 0s
  >> Val MRR:0.8990 (best:0.9011 p:1/30)
  >> Val MRR:0.8996 (best:0.9011 p:2/30)
  E250/300 Loss:2.900 lr:4.50e-05 0s
  >> Val MRR:0.9006 (best:0.9011 p:3/30)
  E260/300 Loss:2.940 lr:4.50e-05 0s
  >> Val MRR:0.9027 H@1:86.4% H@10:96.0% ** BEST **
  >> Val MRR:0.9029 H@1:86.4% H@10:96.0% ** BEST **
  E270/300 Loss:2.912 lr:4.50e-05 0s
  >> Val MRR:0.9039 H@1:86.6% H@10:96.0% ** BEST **
  >> Val MRR:0.8999 (best:0.9039 p:1/30)
  E280/300 Loss:2.888 lr:4.50e-05 0s
  >> Val MRR:0.9018 (best:0.9039 p:2/30)
  >> Val MRR:0.9014 (best:0.9039 p:3/30)
  E290/300 Loss:2.899 lr:4.50e-05 0s
  E300/300 Loss:2.911 lr:4.50e-05 0s
  Training done: 146s, best_val_MRR=0.9039
  Full test evaluation (661 triples)...

  FINAL TEST: MRR=0.8880 H@1=82.9% H@3=93.6% H@10=97.7%
  Saved: /home/shanxh/decoder/UMLS_d200_L2_ls0.0_seed123.json
=== UMLS/DistMult@d200/L2/ls0.0/seed123 rc=0 in 152s ===
=== [3/81] UMLS/DistMult@d200/L2/ls0.0/seed456 ===
Device: cuda, AMP: True
GPU: NVIDIA GeForce RTX 2080 Ti, 11.3 GB
======================================================================
CompGCN+DistMult | UMLS | seed=456
d_h=200 L=2 lr=0.0005 ls=0.0 epochs=300
======================================================================
  KG: 135 ent, 92 rel, 10432 edges
  Train/Val/Test: 5216/652/661
  Params: 243,800
  Training: epochs=300, lr=0.0005, batch=4096, ls=0.0
  Steps/epoch: 1
  E  1/300 Loss:5.657 lr:5.00e-04 1s
  >> Val MRR:0.0422 H@1:0.6% H@10:7.4% ** BEST **
  E 10/300 Loss:5.286 lr:5.00e-04 0s
  >> Val MRR:0.0435 H@1:0.8% H@10:8.6% ** BEST **
  >> Val MRR:0.0442 H@1:0.2% H@10:9.2% ** BEST **
  E 20/300 Loss:4.956 lr:5.00e-04 0s
  >> Val MRR:0.0564 H@1:1.0% H@10:12.2% ** BEST **
  >> Val MRR:0.0752 H@1:2.4% H@10:15.2% ** BEST **
  E 30/300 Loss:4.589 lr:5.00e-04 0s
  >> Val MRR:0.1032 H@1:3.8% H@10:20.2% ** BEST **
  >> Val MRR:0.1538 H@1:7.0% H@10:32.4% ** BEST **
  E 40/300 Loss:4.262 lr:5.00e-04 0s
  >> Val MRR:0.2335 H@1:12.8% H@10:45.4% ** BEST **
  >> Val MRR:0.3303 H@1:21.0% H@10:57.4% ** BEST **
  E 50/300 Loss:3.977 lr:5.00e-04 0s
  >> Val MRR:0.4289 H@1:30.6% H@10:69.2% ** BEST **
  >> Val MRR:0.5110 H@1:39.6% H@10:75.6% ** BEST **
  E 60/300 Loss:3.772 lr:5.00e-04 0s
  >> Val MRR:0.5770 H@1:46.4% H@10:81.2% ** BEST **
  >> Val MRR:0.6195 H@1:50.4% H@10:84.6% ** BEST **
  E 70/300 Loss:3.604 lr:5.00e-04 0s
  >> Val MRR:0.6601 H@1:54.8% H@10:86.2% ** BEST **
  >> Val MRR:0.7047 H@1:60.2% H@10:87.2% ** BEST **
  E 80/300 Loss:3.491 lr:5.00e-04 0s
  >> Val MRR:0.7269 H@1:63.2% H@10:89.6% ** BEST **
  >> Val MRR:0.7503 H@1:66.0% H@10:90.4% ** BEST **
  E 90/300 Loss:3.395 lr:5.00e-04 0s
  >> Val MRR:0.7649 H@1:67.4% H@10:91.4% ** BEST **
  >> Val MRR:0.7860 H@1:69.8% H@10:92.4% ** BEST **
  E100/300 Loss:3.335 lr:5.00e-04 0s
  >> Val MRR:0.7965 H@1:71.2% H@10:93.0% ** BEST **
  >> Val MRR:0.8158 H@1:74.2% H@10:93.4% ** BEST **
  E110/300 Loss:3.262 lr:5.00e-04 0s
  >> Val MRR:0.8312 H@1:76.6% H@10:93.8% ** BEST **
  >> Val MRR:0.8383 H@1:77.2% H@10:93.8% ** BEST **
  E120/300 Loss:3.162 lr:5.00e-04 0s
  >> Val MRR:0.8455 H@1:78.4% H@10:93.8% ** BEST **
  >> Val MRR:0.8425 (best:0.8455 p:1/30)
  E130/300 Loss:3.170 lr:5.00e-04 0s
  >> Val MRR:0.8479 H@1:78.6% H@10:94.0% ** BEST **
  >> Val MRR:0.8507 H@1:79.0% H@10:94.4% ** BEST **
  E140/300 Loss:3.099 lr:5.00e-04 0s
  >> Val MRR:0.8619 H@1:80.8% H@10:94.8% ** BEST **
  >> Val MRR:0.8661 H@1:81.4% H@10:95.0% ** BEST **
  E150/300 Loss:3.045 lr:5.00e-04 0s
  >> Val MRR:0.8694 H@1:81.8% H@10:95.0% ** BEST **
  >> Val MRR:0.8696 H@1:81.6% H@10:95.2% ** BEST **
  E160/300 Loss:3.030 lr:5.00e-04 0s
  >> Val MRR:0.8762 H@1:83.0% H@10:95.0% ** BEST **
  >> Val MRR:0.8770 H@1:82.8% H@10:95.2% ** BEST **
  E170/300 Loss:2.964 lr:5.00e-04 0s
  >> Val MRR:0.8764 (best:0.8770 p:1/30)
  >> Val MRR:0.8779 H@1:82.6% H@10:96.2% ** BEST **
  E180/300 Loss:2.948 lr:1.50e-04 0s
  >> Val MRR:0.8856 H@1:84.0% H@10:96.0% ** BEST **
  >> Val MRR:0.8819 (best:0.8856 p:1/30)
  E190/300 Loss:2.941 lr:1.50e-04 0s
  >> Val MRR:0.8835 (best:0.8856 p:2/30)
  >> Val MRR:0.8869 H@1:84.0% H@10:96.2% ** BEST **
  E200/300 Loss:2.952 lr:1.50e-04 0s
  >> Val MRR:0.8882 H@1:84.0% H@10:96.6% ** BEST **
  >> Val MRR:0.8897 H@1:84.2% H@10:96.6% ** BEST **
  E210/300 Loss:2.970 lr:1.50e-04 0s
  >> Val MRR:0.8893 (best:0.8897 p:1/30)
  >> Val MRR:0.8918 H@1:84.4% H@10:97.0% ** BEST **
  E220/300 Loss:2.922 lr:1.50e-04 0s
  >> Val MRR:0.8931 H@1:84.6% H@10:96.8% ** BEST **
  >> Val MRR:0.8952 H@1:84.8% H@10:96.8% ** BEST **
  E230/300 Loss:2.889 lr:1.50e-04 0s
  >> Val MRR:0.8948 (best:0.8952 p:1/30)
  >> Val MRR:0.8935 (best:0.8952 p:2/30)
  E240/300 Loss:2.889 lr:4.50e-05 0s
  >> Val MRR:0.8946 (best:0.8952 p:3/30)
  E250/300 Loss:2.911 lr:4.50e-05 0s
  E260/300 Loss:2.913 lr:4.50e-05 0s
  E270/300 Loss:2.883 lr:4.50e-05 0s
  >> Val MRR:0.8947 (best:0.8952 p:10/30)
  E280/300 Loss:2.880 lr:4.50e-05 0s
  >> Val MRR:0.8957 H@1:84.4% H@10:97.2% ** BEST **
  >> Val MRR:0.8977 H@1:84.8% H@10:97.2% ** BEST **
  E290/300 Loss:2.941 lr:4.50e-05 0s
  >> Val MRR:0.8966 (best:0.8977 p:1/30)
  >> Val MRR:0.8989 H@1:85.0% H@10:97.2% ** BEST **
  E300/300 Loss:2.904 lr:4.50e-05 0s
  >> Val MRR:0.8996 H@1:85.2% H@10:97.2% ** BEST **
  Training done: 150s, best_val_MRR=0.8996
  Full test evaluation (661 triples)...

  FINAL TEST: MRR=0.8919 H@1=83.7% H@3=93.2% H@10=98.0%
  Saved: /home/shanxh/decoder/UMLS_d200_L2_ls0.0_seed456.json
=== UMLS/DistMult@d200/L2/ls0.0/seed456 rc=0 in 155s ===
=== [4/81] UMLS/DistMult@d200/L2/ls0.1/seed42 ===
Device: cuda, AMP: True
GPU: NVIDIA GeForce RTX 2080 Ti, 11.3 GB
======================================================================
CompGCN+DistMult | UMLS | seed=42
d_h=200 L=2 lr=0.0005 ls=0.1 epochs=300
======================================================================
  KG: 135 ent, 92 rel, 10432 edges
  Train/Val/Test: 5216/652/661
  Params: 243,800
  Training: epochs=300, lr=0.0005, batch=4096, ls=0.1
  Steps/epoch: 1
  E  1/300 Loss:5.608 lr:5.00e-04 1s
  >> Val MRR:0.0525 H@1:1.8% H@10:8.4% ** BEST **
  E 10/300 Loss:5.264 lr:5.00e-04 0s
  >> Val MRR:0.0489 (best:0.0525 p:1/30)
  >> Val MRR:0.0511 (best:0.0525 p:2/30)
  E 20/300 Loss:4.970 lr:5.00e-04 0s
  >> Val MRR:0.0524 (best:0.0525 p:3/30)
  >> Val MRR:0.0683 H@1:2.0% H@10:13.6% ** BEST **
  E 30/300 Loss:4.693 lr:5.00e-04 0s
  >> Val MRR:0.0910 H@1:3.0% H@10:17.4% ** BEST **
  >> Val MRR:0.1177 H@1:4.0% H@10:24.8% ** BEST **
  E 40/300 Loss:4.497 lr:5.00e-04 0s
  >> Val MRR:0.1650 H@1:6.8% H@10:32.2% ** BEST **
  >> Val MRR:0.2318 H@1:12.0% H@10:44.8% ** BEST **
  E 50/300 Loss:4.261 lr:5.00e-04 0s
  >> Val MRR:0.3057 H@1:17.4% H@10:56.4% ** BEST **
  >> Val MRR:0.3935 H@1:26.4% H@10:67.0% ** BEST **
  E 60/300 Loss:4.050 lr:5.00e-04 0s
  >> Val MRR:0.4634 H@1:33.8% H@10:73.2% ** BEST **
  >> Val MRR:0.5238 H@1:40.0% H@10:77.4% ** BEST **
  E 70/300 Loss:3.926 lr:5.00e-04 0s
  >> Val MRR:0.5621 H@1:42.8% H@10:80.8% ** BEST **
  >> Val MRR:0.6179 H@1:50.0% H@10:84.2% ** BEST **
  E 80/300 Loss:3.820 lr:5.00e-04 0s
  >> Val MRR:0.6711 H@1:56.6% H@10:86.8% ** BEST **
  >> Val MRR:0.7072 H@1:61.4% H@10:88.2% ** BEST **
  E 90/300 Loss:3.685 lr:5.00e-04 0s
  >> Val MRR:0.7319 H@1:64.2% H@10:89.4% ** BEST **
  >> Val MRR:0.7537 H@1:67.2% H@10:89.8% ** BEST **
  E100/300 Loss:3.650 lr:5.00e-04 0s
  >> Val MRR:0.7774 H@1:70.2% H@10:91.2% ** BEST **
  >> Val MRR:0.7964 H@1:72.8% H@10:91.4% ** BEST **
  E110/300 Loss:3.597 lr:5.00e-04 0s
  >> Val MRR:0.8114 H@1:74.4% H@10:92.0% ** BEST **
  >> Val MRR:0.8233 H@1:76.2% H@10:93.0% ** BEST **
  E120/300 Loss:3.548 lr:5.00e-04 0s
  >> Val MRR:0.8270 H@1:76.8% H@10:93.0% ** BEST **
  >> Val MRR:0.8407 H@1:78.4% H@10:93.2% ** BEST **
  E130/300 Loss:3.494 lr:5.00e-04 0s
  >> Val MRR:0.8421 H@1:78.6% H@10:93.0% ** BEST **
  >> Val MRR:0.8469 H@1:79.2% H@10:93.8% ** BEST **
  E140/300 Loss:3.445 lr:5.00e-04 0s
  >> Val MRR:0.8527 H@1:80.0% H@10:94.0% ** BEST **
  >> Val MRR:0.8555 H@1:80.0% H@10:94.0% ** BEST **
  E150/300 Loss:3.417 lr:5.00e-04 0s
  >> Val MRR:0.8589 H@1:80.6% H@10:94.2% ** BEST **
  >> Val MRR:0.8570 (best:0.8589 p:1/30)
  E160/300 Loss:3.386 lr:5.00e-04 0s
  >> Val MRR:0.8575 (best:0.8589 p:2/30)
  >> Val MRR:0.8650 H@1:81.0% H@10:95.6% ** BEST **
  E170/300 Loss:3.357 lr:5.00e-04 0s
  >> Val MRR:0.8689 H@1:81.4% H@10:95.6% ** BEST **
  >> Val MRR:0.8733 H@1:82.0% H@10:95.6% ** BEST **
  E180/300 Loss:3.357 lr:1.50e-04 0s
  >> Val MRR:0.8768 H@1:82.8% H@10:96.2% ** BEST **
  >> Val MRR:0.8791 H@1:83.2% H@10:96.2% ** BEST **
  E190/300 Loss:3.351 lr:1.50e-04 0s
  >> Val MRR:0.8808 H@1:83.4% H@10:96.4% ** BEST **
  >> Val MRR:0.8834 H@1:83.8% H@10:96.4% ** BEST **
  E200/300 Loss:3.353 lr:1.50e-04 0s
  >> Val MRR:0.8820 (best:0.8834 p:1/30)
  >> Val MRR:0.8805 (best:0.8834 p:2/30)
  E210/300 Loss:3.329 lr:1.50e-04 0s
  >> Val MRR:0.8828 (best:0.8834 p:3/30)
  >> Val MRR:0.8866 H@1:84.2% H@10:96.4% ** BEST **
  E220/300 Loss:3.306 lr:1.50e-04 0s
  >> Val MRR:0.8867 H@1:84.2% H@10:96.4% ** BEST **
  >> Val MRR:0.8868 H@1:84.2% H@10:96.4% ** BEST **
  E230/300 Loss:3.303 lr:1.50e-04 0s
  >> Val MRR:0.8821 (best:0.8868 p:1/30)
  >> Val MRR:0.8843 (best:0.8868 p:2/30)
  E240/300 Loss:3.310 lr:4.50e-05 0s
  >> Val MRR:0.8856 (best:0.8868 p:3/30)
  E250/300 Loss:3.324 lr:4.50e-05 0s
  E260/300 Loss:3.317 lr:4.50e-05 0s
  E270/300 Loss:3.307 lr:4.50e-05 0s
  >> Val MRR:0.8874 H@1:84.2% H@10:96.6% ** BEST **
  E280/300 Loss:3.297 lr:4.50e-05 0s
  >> Val MRR:0.8854 (best:0.8874 p:1/30)
  >> Val MRR:0.8864 (best:0.8874 p:2/30)
  E290/300 Loss:3.300 lr:4.50e-05 0s
  >> Val MRR:0.8854 (best:0.8874 p:3/30)
  E300/300 Loss:3.317 lr:4.50e-05 0s
  Training done: 150s, best_val_MRR=0.8874
  Full test evaluation (661 triples)...

  FINAL TEST: MRR=0.8837 H@1=83.1% H@3=92.3% H@10=97.6%
  Saved: /home/shanxh/decoder/UMLS_d200_L2_ls0.1_seed42.json
=== UMLS/DistMult@d200/L2/ls0.1/seed42 rc=0 in 156s ===
=== [5/81] UMLS/DistMult@d200/L2/ls0.1/seed123 ===
Device: cuda, AMP: True
GPU: NVIDIA GeForce RTX 2080 Ti, 11.3 GB
======================================================================
CompGCN+DistMult | UMLS | seed=123
d_h=200 L=2 lr=0.0005 ls=0.1 epochs=300
======================================================================
  KG: 135 ent, 92 rel, 10432 edges
  Train/Val/Test: 5216/652/661
  Params: 243,800
  Training: epochs=300, lr=0.0005, batch=4096, ls=0.1
  Steps/epoch: 1
  E  1/300 Loss:5.605 lr:5.00e-04 1s
  >> Val MRR:0.0505 H@1:1.6% H@10:7.6% ** BEST **
  E 10/300 Loss:5.281 lr:5.00e-04 0s
  >> Val MRR:0.0477 (best:0.0505 p:1/30)
  >> Val MRR:0.0455 (best:0.0505 p:2/30)
  E 20/300 Loss:5.007 lr:5.00e-04 0s
  >> Val MRR:0.0468 (best:0.0505 p:3/30)
  >> Val MRR:0.0557 H@1:1.6% H@10:9.2% ** BEST **
  E 30/300 Loss:4.706 lr:5.00e-04 0s
  >> Val MRR:0.0746 H@1:2.4% H@10:14.0% ** BEST **
  >> Val MRR:0.1207 H@1:5.6% H@10:22.4% ** BEST **
  E 40/300 Loss:4.416 lr:5.00e-04 0s
  >> Val MRR:0.1797 H@1:9.8% H@10:34.4% ** BEST **
  >> Val MRR:0.2523 H@1:14.2% H@10:49.8% ** BEST **
  E 50/300 Loss:4.196 lr:5.00e-04 0s
  >> Val MRR:0.3353 H@1:20.6% H@10:59.6% ** BEST **
  >> Val MRR:0.4224 H@1:29.0% H@10:68.8% ** BEST **
  E 60/300 Loss:4.023 lr:5.00e-04 0s
  >> Val MRR:0.5069 H@1:38.6% H@10:74.8% ** BEST **
  >> Val MRR:0.5739 H@1:45.8% H@10:78.8% ** BEST **
  E 70/300 Loss:3.900 lr:5.00e-04 0s
  >> Val MRR:0.6232 H@1:51.4% H@10:82.2% ** BEST **
  >> Val MRR:0.6601 H@1:55.0% H@10:84.4% ** BEST **
  E 80/300 Loss:3.785 lr:5.00e-04 0s
  >> Val MRR:0.7038 H@1:61.0% H@10:86.8% ** BEST **
  >> Val MRR:0.7237 H@1:63.2% H@10:88.0% ** BEST **
  E 90/300 Loss:3.664 lr:5.00e-04 0s
  >> Val MRR:0.7437 H@1:65.4% H@10:89.0% ** BEST **
  >> Val MRR:0.7657 H@1:68.2% H@10:90.4% ** BEST **
  E100/300 Loss:3.641 lr:5.00e-04 0s
  >> Val MRR:0.7826 H@1:70.6% H@10:91.4% ** BEST **
  >> Val MRR:0.7974 H@1:72.2% H@10:92.0% ** BEST **
  E110/300 Loss:3.581 lr:5.00e-04 0s
  >> Val MRR:0.8122 H@1:74.4% H@10:92.2% ** BEST **
  >> Val MRR:0.8269 H@1:76.4% H@10:92.8% ** BEST **
  E120/300 Loss:3.530 lr:5.00e-04 0s
  >> Val MRR:0.8333 H@1:77.4% H@10:92.8% ** BEST **
  >> Val MRR:0.8391 H@1:78.2% H@10:93.2% ** BEST **
  E130/300 Loss:3.509 lr:5.00e-04 0s
  >> Val MRR:0.8443 H@1:78.2% H@10:93.2% ** BEST **
  >> Val MRR:0.8491 H@1:79.4% H@10:93.6% ** BEST **
  E140/300 Loss:3.447 lr:5.00e-04 0s
  >> Val MRR:0.8568 H@1:80.8% H@10:94.2% ** BEST **
  >> Val MRR:0.8610 H@1:81.0% H@10:95.0% ** BEST **
  E150/300 Loss:3.422 lr:5.00e-04 0s
  >> Val MRR:0.8679 H@1:81.6% H@10:95.2% ** BEST **
  >> Val MRR:0.8699 H@1:81.6% H@10:95.2% ** BEST **
  E160/300 Loss:3.424 lr:5.00e-04 0s
  >> Val MRR:0.8704 H@1:82.0% H@10:95.4% ** BEST **
  >> Val MRR:0.8781 H@1:83.4% H@10:95.4% ** BEST **
  E170/300 Loss:3.372 lr:5.00e-04 0s
  >> Val MRR:0.8761 (best:0.8781 p:1/30)
  >> Val MRR:0.8758 (best:0.8781 p:2/30)
  E180/300 Loss:3.347 lr:1.50e-04 0s
  >> Val MRR:0.8786 H@1:82.8% H@10:95.4% ** BEST **
  >> Val MRR:0.8762 (best:0.8786 p:1/30)
  E190/300 Loss:3.334 lr:1.50e-04 0s
  >> Val MRR:0.8786 (best:0.8786 p:2/30)
  >> Val MRR:0.8813 H@1:83.2% H@10:95.6% ** BEST **
  E200/300 Loss:3.347 lr:1.50e-04 0s
  >> Val MRR:0.8838 H@1:83.6% H@10:95.6% ** BEST **
  >> Val MRR:0.8858 H@1:83.8% H@10:95.6% ** BEST **
  E210/300 Loss:3.319 lr:1.50e-04 0s
  >> Val MRR:0.8903 H@1:84.6% H@10:95.6% ** BEST **
  >> Val MRR:0.8894 (best:0.8903 p:1/30)
  E220/300 Loss:3.307 lr:1.50e-04 0s
  >> Val MRR:0.8946 H@1:85.4% H@10:95.8% ** BEST **
  >> Val MRR:0.8969 H@1:85.8% H@10:95.8% ** BEST **
  E230/300 Loss:3.331 lr:1.50e-04 0s
  >> Val MRR:0.8978 H@1:86.0% H@10:95.8% ** BEST **
  >> Val MRR:0.8974 (best:0.8978 p:1/30)
  E240/300 Loss:3.301 lr:4.50e-05 0s
  >> Val MRR:0.8962 (best:0.8978 p:2/30)
  >> Val MRR:0.8964 (best:0.8978 p:3/30)
  E250/300 Loss:3.311 lr:4.50e-05 0s
  E260/300 Loss:3.343 lr:4.50e-05 0s
  E270/300 Loss:3.323 lr:4.50e-05 0s
  E280/300 Loss:3.303 lr:4.50e-05 0s
  >> Val MRR:0.8943 (best:0.8978 p:10/30)
  E290/300 Loss:3.312 lr:4.50e-05 0s
  E300/300 Loss:3.324 lr:4.50e-05 0s
  Training done: 148s, best_val_MRR=0.8978
  Full test evaluation (661 triples)...

  FINAL TEST: MRR=0.8808 H@1=82.1% H@3=92.6% H@10=97.4%
  Saved: /home/shanxh/decoder/UMLS_d200_L2_ls0.1_seed123.json
=== UMLS/DistMult@d200/L2/ls0.1/seed123 rc=0 in 154s ===
=== [6/81] UMLS/DistMult@d200/L2/ls0.1/seed456 ===
Device: cuda, AMP: True
GPU: NVIDIA GeForce RTX 2080 Ti, 11.3 GB
======================================================================
CompGCN+DistMult | UMLS | seed=456
d_h=200 L=2 lr=0.0005 ls=0.1 epochs=300
======================================================================
  KG: 135 ent, 92 rel, 10432 edges
  Train/Val/Test: 5216/652/661
  Params: 243,800
  Training: epochs=300, lr=0.0005, batch=4096, ls=0.1
  Steps/epoch: 1
  E  1/300 Loss:5.653 lr:5.00e-04 1s
  >> Val MRR:0.0424 H@1:0.6% H@10:7.4% ** BEST **
  E 10/300 Loss:5.313 lr:5.00e-04 0s
  >> Val MRR:0.0433 H@1:0.8% H@10:8.0% ** BEST **
  >> Val MRR:0.0447 H@1:0.2% H@10:8.8% ** BEST **
  E 20/300 Loss:5.017 lr:5.00e-04 0s
  >> Val MRR:0.0559 H@1:1.0% H@10:11.6% ** BEST **
  >> Val MRR:0.0731 H@1:2.4% H@10:14.2% ** BEST **
  E 30/300 Loss:4.697 lr:5.00e-04 0s
  >> Val MRR:0.0978 H@1:3.6% H@10:19.0% ** BEST **
  >> Val MRR:0.1416 H@1:6.0% H@10:29.8% ** BEST **
  E 40/300 Loss:4.419 lr:5.00e-04 0s
  >> Val MRR:0.2174 H@1:11.8% H@10:42.4% ** BEST **
  >> Val MRR:0.3153 H@1:20.0% H@10:54.8% ** BEST **
  E 50/300 Loss:4.178 lr:5.00e-04 0s
  >> Val MRR:0.4093 H@1:28.8% H@10:65.6% ** BEST **
  >> Val MRR:0.4954 H@1:37.8% H@10:73.8% ** BEST **
  E 60/300 Loss:4.011 lr:5.00e-04 0s
  >> Val MRR:0.5607 H@1:45.2% H@10:79.4% ** BEST **
  >> Val MRR:0.6062 H@1:49.2% H@10:83.4% ** BEST **
  E 70/300 Loss:3.872 lr:5.00e-04 0s
  >> Val MRR:0.6500 H@1:53.8% H@10:85.2% ** BEST **
  >> Val MRR:0.6816 H@1:57.2% H@10:86.4% ** BEST **
  E 80/300 Loss:3.780 lr:5.00e-04 0s
  >> Val MRR:0.7075 H@1:60.4% H@10:87.8% ** BEST **
  >> Val MRR:0.7364 H@1:64.6% H@10:89.2% ** BEST **
  E 90/300 Loss:3.700 lr:5.00e-04 0s
  >> Val MRR:0.7551 H@1:66.6% H@10:89.6% ** BEST **
  >> Val MRR:0.7759 H@1:69.2% H@10:91.6% ** BEST **
  E100/300 Loss:3.652 lr:5.00e-04 0s
  >> Val MRR:0.7905 H@1:71.4% H@10:92.4% ** BEST **
  >> Val MRR:0.8067 H@1:73.8% H@10:92.6% ** BEST **
  E110/300 Loss:3.596 lr:5.00e-04 0s
  >> Val MRR:0.8130 H@1:74.4% H@10:93.6% ** BEST **
  >> Val MRR:0.8274 H@1:76.0% H@10:93.8% ** BEST **
  E120/300 Loss:3.514 lr:5.00e-04 0s
  >> Val MRR:0.8395 H@1:77.4% H@10:93.6% ** BEST **
  >> Val MRR:0.8340 (best:0.8395 p:1/30)
  E130/300 Loss:3.521 lr:5.00e-04 0s
  >> Val MRR:0.8347 (best:0.8395 p:2/30)
  >> Val MRR:0.8416 H@1:78.4% H@10:94.0% ** BEST **
  E140/300 Loss:3.471 lr:5.00e-04 0s
  >> Val MRR:0.8577 H@1:80.8% H@10:94.4% ** BEST **
  >> Val MRR:0.8566 (best:0.8577 p:1/30)
  E150/300 Loss:3.426 lr:5.00e-04 0s
  >> Val MRR:0.8628 H@1:81.4% H@10:95.0% ** BEST **
  >> Val MRR:0.8645 H@1:81.6% H@10:94.8% ** BEST **
  E160/300 Loss:3.405 lr:5.00e-04 0s
  >> Val MRR:0.8698 H@1:82.4% H@10:94.8% ** BEST **
  >> Val MRR:0.8725 H@1:82.8% H@10:95.4% ** BEST **
  E170/300 Loss:3.362 lr:5.00e-04 0s
  >> Val MRR:0.8727 H@1:82.6% H@10:96.0% ** BEST **
  >> Val MRR:0.8793 H@1:83.6% H@10:95.6% ** BEST **
  E180/300 Loss:3.348 lr:1.50e-04 0s
  >> Val MRR:0.8746 (best:0.8793 p:1/30)
  >> Val MRR:0.8729 (best:0.8793 p:2/30)
  E190/300 Loss:3.345 lr:1.50e-04 0s
  >> Val MRR:0.8727 (best:0.8793 p:3/30)
  E200/300 Loss:3.355 lr:1.50e-04 0s
  >> Val MRR:0.8801 H@1:83.0% H@10:96.0% ** BEST **
  E210/300 Loss:3.365 lr:1.50e-04 0s
  >> Val MRR:0.8825 H@1:83.4% H@10:96.0% ** BEST **
  >> Val MRR:0.8822 (best:0.8825 p:1/30)
  E220/300 Loss:3.337 lr:1.50e-04 0s
  >> Val MRR:0.8852 H@1:83.6% H@10:96.0% ** BEST **
  >> Val MRR:0.8845 (best:0.8852 p:1/30)
  E230/300 Loss:3.307 lr:1.50e-04 0s
  >> Val MRR:0.8867 H@1:83.4% H@10:96.2% ** BEST **
  >> Val MRR:0.8883 H@1:83.6% H@10:96.4% ** BEST **
  E240/300 Loss:3.305 lr:4.50e-05 0s
  >> Val MRR:0.8885 H@1:83.6% H@10:96.8% ** BEST **
  >> Val MRR:0.8883 (best:0.8885 p:1/30)
  E250/300 Loss:3.319 lr:4.50e-05 0s
  >> Val MRR:0.8883 (best:0.8885 p:2/30)
  >> Val MRR:0.8874 (best:0.8885 p:3/30)
  E260/300 Loss:3.323 lr:4.50e-05 0s
  >> Val MRR:0.8894 H@1:83.8% H@10:97.0% ** BEST **
  E270/300 Loss:3.299 lr:4.50e-05 0s
  >> Val MRR:0.8894 (best:0.8894 p:1/30)
  >> Val MRR:0.8893 (best:0.8894 p:2/30)
  E280/300 Loss:3.297 lr:4.50e-05 0s
  >> Val MRR:0.8904 H@1:84.0% H@10:97.0% ** BEST **
  >> Val MRR:0.8915 H@1:84.2% H@10:97.0% ** BEST **
  E290/300 Loss:3.349 lr:4.50e-05 0s
  >> Val MRR:0.8904 (best:0.8915 p:1/30)
  >> Val MRR:0.8918 H@1:84.2% H@10:97.0% ** BEST **
  E300/300 Loss:3.318 lr:4.50e-05 0s
  >> Val MRR:0.8931 H@1:84.6% H@10:97.0% ** BEST **
  Training done: 150s, best_val_MRR=0.8931
  Full test evaluation (661 triples)...

  FINAL TEST: MRR=0.8943 H@1=84.6% H@3=93.0% H@10=98.0%
  Saved: /home/shanxh/decoder/UMLS_d200_L2_ls0.1_seed456.json
=== UMLS/DistMult@d200/L2/ls0.1/seed456 rc=0 in 156s ===
=== [7/81] UMLS/ComplEx@d200/L2/ls0.0/seed42 ===
Device: cuda, AMP: True
GPU: NVIDIA GeForce RTX 2080 Ti, 11.3 GB
======================================================================
CompGCN+DistMult | UMLS | seed=42
d_h=200 L=2 lr=0.0005 ls=0.0 epochs=300
======================================================================
  KG: 135 ent, 92 rel, 10432 edges
  Train/Val/Test: 5216/652/661
  Params: 243,800
  Training: epochs=300, lr=0.0005, batch=4096, ls=0.0
  Steps/epoch: 1
  E  1/300 Loss:6.847 lr:5.00e-04 1s
  >> Val MRR:0.0440 H@1:0.8% H@10:8.4% ** BEST **
  E 10/300 Loss:6.254 lr:5.00e-04 0s
  >> Val MRR:0.0394 (best:0.0440 p:1/30)
  >> Val MRR:0.0407 (best:0.0440 p:2/30)
  E 20/300 Loss:5.764 lr:5.00e-04 0s
  >> Val MRR:0.0449 H@1:0.2% H@10:10.0% ** BEST **
  >> Val MRR:0.0537 H@1:0.8% H@10:12.8% ** BEST **
  E 30/300 Loss:5.236 lr:5.00e-04 0s
  >> Val MRR:0.0683 H@1:1.4% H@10:16.8% ** BEST **
  >> Val MRR:0.0944 H@1:2.6% H@10:20.4% ** BEST **
  E 40/300 Loss:4.881 lr:5.00e-04 0s
  >> Val MRR:0.1421 H@1:6.2% H@10:28.4% ** BEST **
  >> Val MRR:0.2105 H@1:12.4% H@10:38.2% ** BEST **
  E 50/300 Loss:4.412 lr:5.00e-04 0s
  >> Val MRR:0.2908 H@1:19.0% H@10:50.4% ** BEST **
  >> Val MRR:0.3846 H@1:28.2% H@10:59.4% ** BEST **
  E 60/300 Loss:4.082 lr:5.00e-04 0s
  >> Val MRR:0.4532 H@1:34.2% H@10:66.2% ** BEST **
  >> Val MRR:0.5211 H@1:41.6% H@10:74.0% ** BEST **
  E 70/300 Loss:3.894 lr:5.00e-04 0s
  >> Val MRR:0.5605 H@1:44.0% H@10:78.6% ** BEST **
  >> Val MRR:0.6119 H@1:49.8% H@10:81.8% ** BEST **
  E 80/300 Loss:3.696 lr:5.00e-04 0s
  >> Val MRR:0.6412 H@1:52.6% H@10:85.8% ** BEST **
  >> Val MRR:0.6772 H@1:56.8% H@10:87.6% ** BEST **
  E 90/300 Loss:3.564 lr:5.00e-04 0s
  >> Val MRR:0.7013 H@1:59.0% H@10:88.8% ** BEST **
  >> Val MRR:0.7228 H@1:61.2% H@10:90.4% ** BEST **
  E100/300 Loss:3.461 lr:5.00e-04 0s
  >> Val MRR:0.7417 H@1:63.4% H@10:91.4% ** BEST **
  >> Val MRR:0.7708 H@1:67.6% H@10:92.0% ** BEST **
  E110/300 Loss:3.371 lr:5.00e-04 0s
  >> Val MRR:0.7847 H@1:69.0% H@10:92.4% ** BEST **
  >> Val MRR:0.7942 H@1:70.4% H@10:92.8% ** BEST **
  E120/300 Loss:3.329 lr:5.00e-04 0s
  >> Val MRR:0.8084 H@1:72.8% H@10:92.8% ** BEST **
  >> Val MRR:0.8145 H@1:73.2% H@10:93.2% ** BEST **
  E130/300 Loss:3.229 lr:5.00e-04 0s
  >> Val MRR:0.8183 H@1:73.4% H@10:94.0% ** BEST **
  >> Val MRR:0.8149 (best:0.8183 p:1/30)
  E140/300 Loss:3.205 lr:5.00e-04 0s
  >> Val MRR:0.8251 H@1:74.0% H@10:94.4% ** BEST **
  >> Val MRR:0.8337 H@1:75.4% H@10:94.8% ** BEST **
  E150/300 Loss:3.159 lr:5.00e-04 0s
  >> Val MRR:0.8393 H@1:76.2% H@10:95.0% ** BEST **
  >> Val MRR:0.8488 H@1:78.0% H@10:95.0% ** BEST **
  E160/300 Loss:3.072 lr:5.00e-04 0s
  >> Val MRR:0.8524 H@1:78.4% H@10:95.2% ** BEST **
  >> Val MRR:0.8567 H@1:78.8% H@10:95.2% ** BEST **
  E170/300 Loss:3.031 lr:5.00e-04 0s
  >> Val MRR:0.8583 H@1:78.8% H@10:95.8% ** BEST **
  >> Val MRR:0.8664 H@1:80.0% H@10:96.2% ** BEST **
  E180/300 Loss:3.013 lr:1.50e-04 0s
  >> Val MRR:0.8734 H@1:81.2% H@10:96.4% ** BEST **
  >> Val MRR:0.8710 (best:0.8734 p:1/30)
  E190/300 Loss:3.036 lr:1.50e-04 0s
  >> Val MRR:0.8729 (best:0.8734 p:2/30)
  >> Val MRR:0.8757 H@1:81.6% H@10:96.2% ** BEST **
  E200/300 Loss:3.010 lr:1.50e-04 0s
  >> Val MRR:0.8722 (best:0.8757 p:1/30)
  >> Val MRR:0.8714 (best:0.8757 p:2/30)
  E210/300 Loss:3.004 lr:1.50e-04 0s
  >> Val MRR:0.8747 (best:0.8757 p:3/30)
  >> Val MRR:0.8779 H@1:82.0% H@10:96.2% ** BEST **
  E220/300 Loss:2.973 lr:1.50e-04 0s
  >> Val MRR:0.8763 (best:0.8779 p:1/30)
  >> Val MRR:0.8754 (best:0.8779 p:2/30)
  E230/300 Loss:2.986 lr:1.50e-04 0s
  >> Val MRR:0.8746 (best:0.8779 p:3/30)
  E240/300 Loss:2.956 lr:4.50e-05 0s
  >> Val MRR:0.8784 H@1:81.6% H@10:96.8% ** BEST **
  >> Val MRR:0.8804 H@1:82.0% H@10:96.8% ** BEST **
  E250/300 Loss:2.981 lr:4.50e-05 0s
  >> Val MRR:0.8795 (best:0.8804 p:1/30)
  >> Val MRR:0.8794 (best:0.8804 p:2/30)
  E260/300 Loss:2.952 lr:4.50e-05 0s
  >> Val MRR:0.8796 (best:0.8804 p:3/30)
  >> Val MRR:0.8811 H@1:82.0% H@10:97.0% ** BEST **
  E270/300 Loss:2.944 lr:4.50e-05 0s
  >> Val MRR:0.8791 (best:0.8811 p:1/30)
  >> Val MRR:0.8809 (best:0.8811 p:2/30)
  E280/300 Loss:2.985 lr:4.50e-05 0s
  >> Val MRR:0.8831 H@1:82.2% H@10:97.0% ** BEST **
  >> Val MRR:0.8828 (best:0.8831 p:1/30)
  E290/300 Loss:2.958 lr:4.50e-05 0s
  >> Val MRR:0.8850 H@1:82.6% H@10:97.0% ** BEST **
  >> Val MRR:0.8851 H@1:82.6% H@10:97.0% ** BEST **
  E300/300 Loss:2.986 lr:4.50e-05 0s
  >> Val MRR:0.8864 H@1:82.8% H@10:97.0% ** BEST **
  Training done: 149s, best_val_MRR=0.8864
  Full test evaluation (661 triples)...

  FINAL TEST: MRR=0.8763 H@1=81.1% H@3=93.8% H@10=97.1%
  Saved: /home/shanxh/decoder/UMLS_d200_L2_ls0.0_ComplEx_seed42.json
=== UMLS/ComplEx@d200/L2/ls0.0/seed42 rc=0 in 155s ===
=== [8/81] UMLS/ComplEx@d200/L2/ls0.0/seed123 ===
Device: cuda, AMP: True
GPU: NVIDIA GeForce RTX 2080 Ti, 11.3 GB
======================================================================
CompGCN+DistMult | UMLS | seed=123
d_h=200 L=2 lr=0.0005 ls=0.0 epochs=300
======================================================================
  KG: 135 ent, 92 rel, 10432 edges
  Train/Val/Test: 5216/652/661
  Params: 243,800
  Training: epochs=300, lr=0.0005, batch=4096, ls=0.0
  Steps/epoch: 1
  E  1/300 Loss:6.970 lr:5.00e-04 1s
  >> Val MRR:0.0434 H@1:0.6% H@10:8.8% ** BEST **
  E 10/300 Loss:6.343 lr:5.00e-04 0s
  >> Val MRR:0.0451 H@1:0.8% H@10:9.0% ** BEST **
  >> Val MRR:0.0446 (best:0.0451 p:1/30)
  E 20/300 Loss:5.837 lr:5.00e-04 0s
  >> Val MRR:0.0494 H@1:1.0% H@10:10.4% ** BEST **
  >> Val MRR:0.0526 H@1:1.2% H@10:11.0% ** BEST **
  E 30/300 Loss:5.417 lr:5.00e-04 0s
  >> Val MRR:0.0562 H@1:1.0% H@10:13.4% ** BEST **
  >> Val MRR:0.0645 H@1:0.6% H@10:16.6% ** BEST **
  E 40/300 Loss:4.922 lr:5.00e-04 0s
  >> Val MRR:0.0961 H@1:2.6% H@10:21.6% ** BEST **
  >> Val MRR:0.1502 H@1:6.2% H@10:32.4% ** BEST **
  E 50/300 Loss:4.556 lr:5.00e-04 0s
  >> Val MRR:0.2159 H@1:10.6% H@10:43.8% ** BEST **
  >> Val MRR:0.3103 H@1:18.0% H@10:58.0% ** BEST **
  E 60/300 Loss:4.284 lr:5.00e-04 0s
  >> Val MRR:0.3888 H@1:24.8% H@10:66.8% ** BEST **
  >> Val MRR:0.4623 H@1:31.4% H@10:74.2% ** BEST **
  E 70/300 Loss:3.988 lr:5.00e-04 0s
  >> Val MRR:0.5292 H@1:38.6% H@10:77.6% ** BEST **
  >> Val MRR:0.5768 H@1:43.6% H@10:80.4% ** BEST **
  E 80/300 Loss:3.796 lr:5.00e-04 0s
  >> Val MRR:0.6172 H@1:48.6% H@10:83.0% ** BEST **
  >> Val MRR:0.6607 H@1:54.4% H@10:85.0% ** BEST **
  E 90/300 Loss:3.584 lr:5.00e-04 0s
  >> Val MRR:0.6925 H@1:58.6% H@10:86.4% ** BEST **
  >> Val MRR:0.7124 H@1:61.0% H@10:88.8% ** BEST **
  E100/300 Loss:3.508 lr:5.00e-04 0s
  >> Val MRR:0.7323 H@1:63.0% H@10:90.0% ** BEST **
  >> Val MRR:0.7526 H@1:65.8% H@10:90.6% ** BEST **
  E110/300 Loss:3.444 lr:5.00e-04 0s
  >> Val MRR:0.7708 H@1:68.2% H@10:90.8% ** BEST **
  >> Val MRR:0.7817 H@1:69.4% H@10:90.8% ** BEST **
  E120/300 Loss:3.348 lr:5.00e-04 0s
  >> Val MRR:0.7858 H@1:69.4% H@10:91.8% ** BEST **
  >> Val MRR:0.7941 H@1:70.6% H@10:92.4% ** BEST **
  E130/300 Loss:3.293 lr:5.00e-04 0s
  >> Val MRR:0.8007 H@1:71.4% H@10:92.6% ** BEST **
  >> Val MRR:0.8145 H@1:73.4% H@10:93.2% ** BEST **
  E140/300 Loss:3.244 lr:5.00e-04 0s
  >> Val MRR:0.8247 H@1:74.8% H@10:93.2% ** BEST **
  >> Val MRR:0.8325 H@1:76.0% H@10:93.6% ** BEST **
  E150/300 Loss:3.156 lr:5.00e-04 0s
  >> Val MRR:0.8365 H@1:76.0% H@10:93.8% ** BEST **
  >> Val MRR:0.8446 H@1:77.4% H@10:94.0% ** BEST **
  E160/300 Loss:3.152 lr:5.00e-04 0s
  >> Val MRR:0.8524 H@1:78.6% H@10:94.2% ** BEST **
  >> Val MRR:0.8578 H@1:79.6% H@10:94.8% ** BEST **
  E170/300 Loss:3.106 lr:5.00e-04 0s
  >> Val MRR:0.8551 (best:0.8578 p:1/30)
  >> Val MRR:0.8542 (best:0.8578 p:2/30)
  E180/300 Loss:3.056 lr:1.50e-04 0s
  >> Val MRR:0.8635 H@1:79.4% H@10:95.2% ** BEST **
  >> Val MRR:0.8638 H@1:79.4% H@10:95.2% ** BEST **
  E190/300 Loss:3.020 lr:1.50e-04 0s
  >> Val MRR:0.8690 H@1:80.2% H@10:95.6% ** BEST **
  >> Val MRR:0.8693 H@1:80.2% H@10:95.8% ** BEST **
  E200/300 Loss:3.033 lr:1.50e-04 0s
  >> Val MRR:0.8721 H@1:80.6% H@10:95.8% ** BEST **
  >> Val MRR:0.8755 H@1:81.4% H@10:95.8% ** BEST **
  E210/300 Loss:3.015 lr:1.50e-04 0s
  >> Val MRR:0.8744 (best:0.8755 p:1/30)
  >> Val MRR:0.8727 (best:0.8755 p:2/30)
  E220/300 Loss:3.002 lr:1.50e-04 0s
  >> Val MRR:0.8751 (best:0.8755 p:3/30)
  >> Val MRR:0.8758 H@1:80.8% H@10:95.8% ** BEST **
  E230/300 Loss:2.992 lr:1.50e-04 0s
  >> Val MRR:0.8751 (best:0.8758 p:1/30)
  >> Val MRR:0.8801 H@1:81.6% H@10:95.8% ** BEST **
  E240/300 Loss:3.013 lr:4.50e-05 0s
  >> Val MRR:0.8831 H@1:82.2% H@10:96.0% ** BEST **
  >> Val MRR:0.8822 (best:0.8831 p:1/30)
  E250/300 Loss:3.015 lr:4.50e-05 0s
  >> Val MRR:0.8838 H@1:82.4% H@10:96.0% ** BEST **
  >> Val MRR:0.8828 (best:0.8838 p:1/30)
  E260/300 Loss:3.000 lr:4.50e-05 0s
  >> Val MRR:0.8838 (best:0.8838 p:2/30)
  >> Val MRR:0.8846 H@1:82.4% H@10:96.0% ** BEST **
  E270/300 Loss:2.977 lr:4.50e-05 0s
  >> Val MRR:0.8846 H@1:82.4% H@10:96.0% ** BEST **
  >> Val MRR:0.8868 H@1:82.8% H@10:96.0% ** BEST **
  E280/300 Loss:2.944 lr:4.50e-05 0s
  >> Val MRR:0.8830 (best:0.8868 p:1/30)
  >> Val MRR:0.8840 (best:0.8868 p:2/30)
  E290/300 Loss:2.963 lr:4.50e-05 0s
  >> Val MRR:0.8822 (best:0.8868 p:3/30)
  E300/300 Loss:2.988 lr:4.50e-05 0s
  Training done: 150s, best_val_MRR=0.8868
  Full test evaluation (661 triples)...

  FINAL TEST: MRR=0.8702 H@1=79.6% H@3=93.6% H@10=96.5%
  Saved: /home/shanxh/decoder/UMLS_d200_L2_ls0.0_ComplEx_seed123.json
=== UMLS/ComplEx@d200/L2/ls0.0/seed123 rc=0 in 156s ===
=== [9/81] UMLS/ComplEx@d200/L2/ls0.0/seed456 ===
Device: cuda, AMP: True
GPU: NVIDIA GeForce RTX 2080 Ti, 11.3 GB
======================================================================
CompGCN+DistMult | UMLS | seed=456
d_h=200 L=2 lr=0.0005 ls=0.0 epochs=300
======================================================================
  KG: 135 ent, 92 rel, 10432 edges
  Train/Val/Test: 5216/652/661
  Params: 243,800
  Training: epochs=300, lr=0.0005, batch=4096, ls=0.0
  Steps/epoch: 1
  E  1/300 Loss:6.932 lr:5.00e-04 1s
  >> Val MRR:0.0432 H@1:0.8% H@10:9.0% ** BEST **
  E 10/300 Loss:6.304 lr:5.00e-04 0s
  >> Val MRR:0.0441 H@1:0.8% H@10:9.4% ** BEST **
  >> Val MRR:0.0476 H@1:0.6% H@10:10.2% ** BEST **
  E 20/300 Loss:5.778 lr:5.00e-04 0s
  >> Val MRR:0.0517 H@1:0.8% H@10:9.6% ** BEST **
  >> Val MRR:0.0605 H@1:1.6% H@10:10.8% ** BEST **
  E 30/300 Loss:5.235 lr:5.00e-04 0s
  >> Val MRR:0.0794 H@1:3.2% H@10:13.8% ** BEST **
  >> Val MRR:0.1012 H@1:4.2% H@10:19.6% ** BEST **
  E 40/300 Loss:4.863 lr:5.00e-04 0s
  >> Val MRR:0.1398 H@1:6.6% H@10:29.4% ** BEST **
  >> Val MRR:0.1961 H@1:9.6% H@10:39.0% ** BEST **
  E 50/300 Loss:4.480 lr:5.00e-04 0s
  >> Val MRR:0.2701 H@1:15.6% H@10:52.0% ** BEST **
  >> Val MRR:0.3474 H@1:22.6% H@10:60.4% ** BEST **
  E 60/300 Loss:4.125 lr:5.00e-04 0s
  >> Val MRR:0.4225 H@1:29.2% H@10:67.2% ** BEST **
  >> Val MRR:0.4817 H@1:34.8% H@10:73.4% ** BEST **
  E 70/300 Loss:3.925 lr:5.00e-04 0s
  >> Val MRR:0.5260 H@1:38.4% H@10:76.4% ** BEST **
  >> Val MRR:0.5763 H@1:44.6% H@10:79.8% ** BEST **
  E 80/300 Loss:3.703 lr:5.00e-04 0s
  >> Val MRR:0.6238 H@1:51.0% H@10:82.6% ** BEST **
  >> Val MRR:0.6563 H@1:54.4% H@10:84.6% ** BEST **
  E 90/300 Loss:3.609 lr:5.00e-04 0s
  >> Val MRR:0.6868 H@1:58.2% H@10:87.0% ** BEST **
  >> Val MRR:0.7026 H@1:59.8% H@10:88.2% ** BEST **
  E100/300 Loss:3.518 lr:5.00e-04 0s
  >> Val MRR:0.7242 H@1:62.0% H@10:89.6% ** BEST **
  >> Val MRR:0.7374 H@1:63.2% H@10:91.0% ** BEST **
  E110/300 Loss:3.390 lr:5.00e-04 0s
  >> Val MRR:0.7494 H@1:64.8% H@10:91.6% ** BEST **
  >> Val MRR:0.7618 H@1:66.2% H@10:92.2% ** BEST **
  E120/300 Loss:3.320 lr:5.00e-04 0s
  >> Val MRR:0.7680 H@1:66.8% H@10:92.6% ** BEST **
  >> Val MRR:0.7697 H@1:66.6% H@10:92.8% ** BEST **
  E130/300 Loss:3.259 lr:5.00e-04 0s
  >> Val MRR:0.7755 H@1:67.2% H@10:93.4% ** BEST **
  >> Val MRR:0.7736 (best:0.7755 p:1/30)
  E140/300 Loss:3.188 lr:5.00e-04 0s
  >> Val MRR:0.7840 H@1:67.8% H@10:93.8% ** BEST **
  >> Val MRR:0.7966 H@1:70.0% H@10:93.8% ** BEST **
  E150/300 Loss:3.164 lr:5.00e-04 0s
  >> Val MRR:0.8123 H@1:72.6% H@10:94.6% ** BEST **
  >> Val MRR:0.8182 H@1:73.2% H@10:94.8% ** BEST **
  E160/300 Loss:3.110 lr:5.00e-04 0s
  >> Val MRR:0.8252 H@1:73.8% H@10:94.8% ** BEST **
  >> Val MRR:0.8300 H@1:74.2% H@10:95.0% ** BEST **
  E170/300 Loss:3.043 lr:5.00e-04 0s
  >> Val MRR:0.8356 H@1:74.8% H@10:95.6% ** BEST **
  >> Val MRR:0.8443 H@1:76.2% H@10:95.6% ** BEST **
  E180/300 Loss:3.060 lr:1.50e-04 0s
  >> Val MRR:0.8463 H@1:76.4% H@10:95.6% ** BEST **
  >> Val MRR:0.8473 H@1:76.6% H@10:95.6% ** BEST **
  E190/300 Loss:3.049 lr:1.50e-04 0s
  >> Val MRR:0.8514 H@1:77.2% H@10:95.6% ** BEST **
  >> Val MRR:0.8505 (best:0.8514 p:1/30)
  E200/300 Loss:2.994 lr:1.50e-04 0s
  >> Val MRR:0.8509 (best:0.8514 p:2/30)
  >> Val MRR:0.8533 H@1:77.6% H@10:96.0% ** BEST **
  E210/300 Loss:3.013 lr:1.50e-04 0s
  >> Val MRR:0.8559 H@1:78.0% H@10:96.0% ** BEST **
  >> Val MRR:0.8585 H@1:78.4% H@10:96.0% ** BEST **
  E220/300 Loss:3.006 lr:1.50e-04 0s
  >> Val MRR:0.8604 H@1:78.8% H@10:96.0% ** BEST **
  >> Val MRR:0.8621 H@1:79.0% H@10:96.0% ** BEST **
  E230/300 Loss:2.977 lr:1.50e-04 0s
  >> Val MRR:0.8625 H@1:78.8% H@10:96.0% ** BEST **
  >> Val MRR:0.8618 (best:0.8625 p:1/30)
  E240/300 Loss:2.983 lr:4.50e-05 0s
  >> Val MRR:0.8610 (best:0.8625 p:2/30)
  >> Val MRR:0.8611 (best:0.8625 p:3/30)
  E250/300 Loss:2.971 lr:4.50e-05 0s
  E260/300 Loss:3.001 lr:4.50e-05 0s
  E270/300 Loss:2.965 lr:4.50e-05 0s
  E280/300 Loss:2.948 lr:4.50e-05 0s
  >> Val MRR:0.8617 (best:0.8625 p:10/30)
  E290/300 Loss:2.991 lr:4.50e-05 0s
  >> Val MRR:0.8631 H@1:78.6% H@10:96.2% ** BEST **
  >> Val MRR:0.8631 H@1:78.6% H@10:96.2% ** BEST **
  E300/300 Loss:2.969 lr:4.50e-05 0s
  >> Val MRR:0.8644 H@1:78.8% H@10:96.2% ** BEST **
  Training done: 149s, best_val_MRR=0.8644
  Full test evaluation (661 triples)...

  FINAL TEST: MRR=0.8661 H@1=78.7% H@3=94.1% H@10=97.1%
  Saved: /home/shanxh/decoder/UMLS_d200_L2_ls0.0_ComplEx_seed456.json
=== UMLS/ComplEx@d200/L2/ls0.0/seed456 rc=0 in 155s ===
=== [10/81] UMLS/ComplEx@d200/L2/ls0.1/seed42 ===
Device: cuda, AMP: True
GPU: NVIDIA GeForce RTX 2080 Ti, 11.3 GB
======================================================================
CompGCN+DistMult | UMLS | seed=42
d_h=200 L=2 lr=0.0005 ls=0.1 epochs=300
======================================================================
  KG: 135 ent, 92 rel, 10432 edges
  Train/Val/Test: 5216/652/661
  Params: 243,800
  Training: epochs=300, lr=0.0005, batch=4096, ls=0.1
  Steps/epoch: 1
  E  1/300 Loss:6.851 lr:5.00e-04 1s
  >> Val MRR:0.0433 H@1:0.6% H@10:8.6% ** BEST **
  E 10/300 Loss:6.298 lr:5.00e-04 0s
  >> Val MRR:0.0396 (best:0.0433 p:1/30)
  >> Val MRR:0.0408 (best:0.0433 p:2/30)
  E 20/300 Loss:5.854 lr:5.00e-04 0s
  >> Val MRR:0.0449 H@1:0.2% H@10:9.8% ** BEST **
  >> Val MRR:0.0533 H@1:0.8% H@10:13.0% ** BEST **
  E 30/300 Loss:5.386 lr:5.00e-04 0s
  >> Val MRR:0.0659 H@1:1.4% H@10:16.2% ** BEST **
  >> Val MRR:0.0858 H@1:2.2% H@10:19.4% ** BEST **
  E 40/300 Loss:5.078 lr:5.00e-04 0s
  >> Val MRR:0.1256 H@1:4.8% H@10:27.0% ** BEST **
  >> Val MRR:0.1850 H@1:10.0% H@10:34.0% ** BEST **
  E 50/300 Loss:4.673 lr:5.00e-04 0s
  >> Val MRR:0.2522 H@1:15.8% H@10:46.8% ** BEST **
  >> Val MRR:0.3349 H@1:22.6% H@10:55.4% ** BEST **
  E 60/300 Loss:4.380 lr:5.00e-04 0s
  >> Val MRR:0.4139 H@1:31.2% H@10:61.8% ** BEST **
  >> Val MRR:0.4791 H@1:37.4% H@10:68.8% ** BEST **
  E 70/300 Loss:4.213 lr:5.00e-04 0s
  >> Val MRR:0.5175 H@1:40.2% H@10:75.6% ** BEST **
  >> Val MRR:0.5694 H@1:45.4% H@10:78.6% ** BEST **
  E 80/300 Loss:4.036 lr:5.00e-04 0s
  >> Val MRR:0.6060 H@1:49.0% H@10:81.2% ** BEST **
  >> Val MRR:0.6385 H@1:52.6% H@10:85.2% ** BEST **
  E 90/300 Loss:3.925 lr:5.00e-04 0s
  >> Val MRR:0.6650 H@1:55.4% H@10:86.8% ** BEST **
  >> Val MRR:0.6903 H@1:57.8% H@10:88.4% ** BEST **
  E100/300 Loss:3.837 lr:5.00e-04 0s
  >> Val MRR:0.7097 H@1:60.0% H@10:90.0% ** BEST **
  >> Val MRR:0.7360 H@1:63.2% H@10:91.2% ** BEST **
  E110/300 Loss:3.754 lr:5.00e-04 0s
  >> Val MRR:0.7638 H@1:67.2% H@10:91.6% ** BEST **
  >> Val MRR:0.7746 H@1:68.4% H@10:92.0% ** BEST **
  E120/300 Loss:3.716 lr:5.00e-04 0s
  >> Val MRR:0.7930 H@1:71.4% H@10:92.8% ** BEST **
  >> Val MRR:0.7997 H@1:72.0% H@10:92.8% ** BEST **
  E130/300 Loss:3.632 lr:5.00e-04 0s
  >> Val MRR:0.8084 H@1:72.8% H@10:93.2% ** BEST **
  >> Val MRR:0.8094 H@1:72.2% H@10:93.8% ** BEST **
  E140/300 Loss:3.605 lr:5.00e-04 0s
  >> Val MRR:0.8124 H@1:72.6% H@10:94.2% ** BEST **
  >> Val MRR:0.8173 H@1:73.0% H@10:94.0% ** BEST **
  E150/300 Loss:3.559 lr:5.00e-04 0s
  >> Val MRR:0.8289 H@1:74.8% H@10:94.4% ** BEST **
  >> Val MRR:0.8327 H@1:75.6% H@10:94.6% ** BEST **
  E160/300 Loss:3.489 lr:5.00e-04 0s
  >> Val MRR:0.8408 H@1:76.8% H@10:94.4% ** BEST **
  >> Val MRR:0.8424 H@1:77.0% H@10:94.4% ** BEST **
  E170/300 Loss:3.451 lr:5.00e-04 0s
  >> Val MRR:0.8536 H@1:79.0% H@10:94.6% ** BEST **
  >> Val MRR:0.8554 H@1:79.0% H@10:95.0% ** BEST **
  E180/300 Loss:3.438 lr:1.50e-04 0s
  >> Val MRR:0.8569 H@1:79.0% H@10:95.6% ** BEST **
  >> Val MRR:0.8590 H@1:79.2% H@10:95.6% ** BEST **
  E190/300 Loss:3.458 lr:1.50e-04 0s
  >> Val MRR:0.8591 H@1:79.2% H@10:95.6% ** BEST **
  >> Val MRR:0.8585 (best:0.8591 p:1/30)
  E200/300 Loss:3.434 lr:1.50e-04 0s
  >> Val MRR:0.8601 H@1:79.4% H@10:95.8% ** BEST **
  >> Val MRR:0.8604 H@1:79.6% H@10:96.0% ** BEST **
  E210/300 Loss:3.428 lr:1.50e-04 0s
  >> Val MRR:0.8609 H@1:79.6% H@10:96.0% ** BEST **
  >> Val MRR:0.8636 H@1:80.2% H@10:95.8% ** BEST **
  E220/300 Loss:3.400 lr:1.50e-04 0s
  >> Val MRR:0.8628 (best:0.8636 p:1/30)
  >> Val MRR:0.8631 (best:0.8636 p:2/30)
  E230/300 Loss:3.414 lr:1.50e-04 0s
  >> Val MRR:0.8627 (best:0.8636 p:3/30)
  E240/300 Loss:3.389 lr:4.50e-05 0s
  >> Val MRR:0.8652 H@1:80.2% H@10:96.2% ** BEST **
  >> Val MRR:0.8653 H@1:80.2% H@10:96.2% ** BEST **
  E250/300 Loss:3.408 lr:4.50e-05 0s
  >> Val MRR:0.8656 H@1:80.2% H@10:96.2% ** BEST **
  >> Val MRR:0.8687 H@1:80.8% H@10:96.2% ** BEST **
  E260/300 Loss:3.390 lr:4.50e-05 0s
  >> Val MRR:0.8678 (best:0.8687 p:1/30)
  >> Val MRR:0.8673 (best:0.8687 p:2/30)
  E270/300 Loss:3.379 lr:4.50e-05 0s
  >> Val MRR:0.8663 (best:0.8687 p:3/30)
  E280/300 Loss:3.406 lr:4.50e-05 0s
  E290/300 Loss:3.387 lr:4.50e-05 0s
  E300/300 Loss:3.408 lr:4.50e-05 0s
  >> Val MRR:0.8699 H@1:80.8% H@10:96.2% ** BEST **
  Training done: 149s, best_val_MRR=0.8699
  Full test evaluation (661 triples)...

  FINAL TEST: MRR=0.8603 H@1=78.8% H@3=92.4% H@10=96.2%
  Saved: /home/shanxh/decoder/UMLS_d200_L2_ls0.1_ComplEx_seed42.json
=== UMLS/ComplEx@d200/L2/ls0.1/seed42 rc=0 in 154s ===
=== [11/81] UMLS/ComplEx@d200/L2/ls0.1/seed123 ===
Device: cuda, AMP: True
GPU: NVIDIA GeForce RTX 2080 Ti, 11.3 GB
======================================================================
CompGCN+DistMult | UMLS | seed=123
d_h=200 L=2 lr=0.0005 ls=0.1 epochs=300
======================================================================
  KG: 135 ent, 92 rel, 10432 edges
  Train/Val/Test: 5216/652/661
  Params: 243,800
  Training: epochs=300, lr=0.0005, batch=4096, ls=0.1
  Steps/epoch: 1
  E  1/300 Loss:6.962 lr:5.00e-04 1s
  >> Val MRR:0.0425 H@1:0.4% H@10:8.4% ** BEST **
  E 10/300 Loss:6.381 lr:5.00e-04 0s
  >> Val MRR:0.0450 H@1:0.8% H@10:8.8% ** BEST **
  >> Val MRR:0.0449 (best:0.0450 p:1/30)
  E 20/300 Loss:5.921 lr:5.00e-04 0s
  >> Val MRR:0.0504 H@1:1.2% H@10:9.8% ** BEST **
  >> Val MRR:0.0516 H@1:1.2% H@10:10.6% ** BEST **
  E 30/300 Loss:5.550 lr:5.00e-04 0s
  >> Val MRR:0.0552 H@1:1.2% H@10:13.4% ** BEST **
  >> Val MRR:0.0607 H@1:0.8% H@10:15.2% ** BEST **
  E 40/300 Loss:5.115 lr:5.00e-04 0s
  >> Val MRR:0.0805 H@1:1.4% H@10:19.2% ** BEST **
  >> Val MRR:0.1286 H@1:4.8% H@10:27.4% ** BEST **
  E 50/300 Loss:4.800 lr:5.00e-04 0s
  >> Val MRR:0.1856 H@1:8.6% H@10:36.6% ** BEST **
  >> Val MRR:0.2545 H@1:13.0% H@10:50.2% ** BEST **
  E 60/300 Loss:4.557 lr:5.00e-04 0s
  >> Val MRR:0.3386 H@1:20.8% H@10:61.0% ** BEST **
  >> Val MRR:0.4102 H@1:27.2% H@10:68.8% ** BEST **
  E 70/300 Loss:4.299 lr:5.00e-04 0s
  >> Val MRR:0.4728 H@1:33.0% H@10:74.4% ** BEST **
  >> Val MRR:0.5293 H@1:38.6% H@10:76.8% ** BEST **
  E 80/300 Loss:4.132 lr:5.00e-04 0s
  >> Val MRR:0.5747 H@1:43.4% H@10:79.8% ** BEST **
  >> Val MRR:0.6148 H@1:48.4% H@10:82.4% ** BEST **
  E 90/300 Loss:3.948 lr:5.00e-04 0s
  >> Val MRR:0.6569 H@1:54.2% H@10:84.2% ** BEST **
  >> Val MRR:0.6833 H@1:57.8% H@10:86.6% ** BEST **
  E100/300 Loss:3.878 lr:5.00e-04 0s
  >> Val MRR:0.7047 H@1:60.0% H@10:87.8% ** BEST **
  >> Val MRR:0.7274 H@1:63.0% H@10:89.2% ** BEST **
  E110/300 Loss:3.815 lr:5.00e-04 0s
  >> Val MRR:0.7499 H@1:66.2% H@10:90.4% ** BEST **
  >> Val MRR:0.7597 H@1:66.8% H@10:90.8% ** BEST **
  E120/300 Loss:3.738 lr:5.00e-04 0s
  >> Val MRR:0.7661 H@1:67.4% H@10:90.8% ** BEST **
  >> Val MRR:0.7742 H@1:68.2% H@10:91.6% ** BEST **
  E130/300 Loss:3.685 lr:5.00e-04 0s
  >> Val MRR:0.7804 H@1:69.0% H@10:92.2% ** BEST **
  >> Val MRR:0.7902 H@1:69.8% H@10:92.4% ** BEST **
  E140/300 Loss:3.637 lr:5.00e-04 0s
  >> Val MRR:0.8056 H@1:72.4% H@10:92.6% ** BEST **
  >> Val MRR:0.8092 H@1:72.8% H@10:93.0% ** BEST **
  E150/300 Loss:3.562 lr:5.00e-04 0s
  >> Val MRR:0.8136 H@1:72.8% H@10:93.2% ** BEST **
  >> Val MRR:0.8269 H@1:74.6% H@10:93.6% ** BEST **
  E160/300 Loss:3.561 lr:5.00e-04 0s
  >> Val MRR:0.8287 H@1:74.6% H@10:94.0% ** BEST **
  >> Val MRR:0.8360 H@1:75.8% H@10:94.6% ** BEST **
  E170/300 Loss:3.517 lr:5.00e-04 0s
  >> Val MRR:0.8386 H@1:76.2% H@10:94.8% ** BEST **
  >> Val MRR:0.8426 H@1:76.4% H@10:95.0% ** BEST **
  E180/300 Loss:3.475 lr:1.50e-04 0s
  >> Val MRR:0.8473 H@1:77.0% H@10:95.0% ** BEST **
  >> Val MRR:0.8523 H@1:77.8% H@10:95.0% ** BEST **
  E190/300 Loss:3.445 lr:1.50e-04 0s
  >> Val MRR:0.8539 H@1:78.2% H@10:95.0% ** BEST **
  >> Val MRR:0.8581 H@1:79.0% H@10:95.0% ** BEST **
  E200/300 Loss:3.457 lr:1.50e-04 0s
  >> Val MRR:0.8588 H@1:79.0% H@10:95.0% ** BEST **
  >> Val MRR:0.8601 H@1:79.2% H@10:95.2% ** BEST **
  E210/300 Loss:3.437 lr:1.50e-04 0s
  >> Val MRR:0.8607 H@1:79.2% H@10:95.4% ** BEST **
  >> Val MRR:0.8599 (best:0.8607 p:1/30)
  E220/300 Loss:3.432 lr:1.50e-04 0s
  >> Val MRR:0.8615 H@1:79.0% H@10:95.4% ** BEST **
  >> Val MRR:0.8626 H@1:79.2% H@10:95.4% ** BEST **
  E230/300 Loss:3.423 lr:1.50e-04 0s
  >> Val MRR:0.8620 (best:0.8626 p:1/30)
  >> Val MRR:0.8650 H@1:79.4% H@10:95.8% ** BEST **
  E240/300 Loss:3.432 lr:4.50e-05 0s
  >> Val MRR:0.8674 H@1:79.8% H@10:95.8% ** BEST **
  >> Val MRR:0.8663 (best:0.8674 p:1/30)
  E250/300 Loss:3.440 lr:4.50e-05 0s
  >> Val MRR:0.8660 (best:0.8674 p:2/30)
  >> Val MRR:0.8672 (best:0.8674 p:3/30)
  E260/300 Loss:3.428 lr:4.50e-05 0s
  >> Val MRR:0.8692 H@1:80.2% H@10:95.8% ** BEST **
  >> Val MRR:0.8699 H@1:80.4% H@10:95.8% ** BEST **
  E270/300 Loss:3.411 lr:4.50e-05 0s
  >> Val MRR:0.8698 (best:0.8699 p:1/30)
  >> Val MRR:0.8710 H@1:80.4% H@10:95.8% ** BEST **
  E280/300 Loss:3.386 lr:4.50e-05 0s
  >> Val MRR:0.8701 (best:0.8710 p:1/30)
  >> Val MRR:0.8691 (best:0.8710 p:2/30)
  E290/300 Loss:3.393 lr:4.50e-05 0s
  >> Val MRR:0.8688 (best:0.8710 p:3/30)
  E300/300 Loss:3.411 lr:4.50e-05 0s
  Training done: 150s, best_val_MRR=0.8710
  Full test evaluation (661 triples)...

  FINAL TEST: MRR=0.8542 H@1=77.0% H@3=93.2% H@10=96.4%
  Saved: /home/shanxh/decoder/UMLS_d200_L2_ls0.1_ComplEx_seed123.json
=== UMLS/ComplEx@d200/L2/ls0.1/seed123 rc=0 in 155s ===
=== [12/81] UMLS/ComplEx@d200/L2/ls0.1/seed456 ===
Device: cuda, AMP: True
GPU: NVIDIA GeForce RTX 2080 Ti, 11.3 GB
======================================================================
CompGCN+DistMult | UMLS | seed=456
d_h=200 L=2 lr=0.0005 ls=0.1 epochs=300
======================================================================
  KG: 135 ent, 92 rel, 10432 edges
  Train/Val/Test: 5216/652/661
  Params: 243,800
  Training: epochs=300, lr=0.0005, batch=4096, ls=0.1
  Steps/epoch: 1
  E  1/300 Loss:6.931 lr:5.00e-04 1s
  >> Val MRR:0.0433 H@1:0.8% H@10:9.2% ** BEST **
  E 10/300 Loss:6.346 lr:5.00e-04 0s
  >> Val MRR:0.0445 H@1:0.8% H@10:9.6% ** BEST **
  >> Val MRR:0.0471 H@1:0.6% H@10:10.2% ** BEST **
  E 20/300 Loss:5.869 lr:5.00e-04 0s
  >> Val MRR:0.0512 H@1:0.8% H@10:9.6% ** BEST **
  >> Val MRR:0.0589 H@1:1.4% H@10:10.8% ** BEST **
  E 30/300 Loss:5.389 lr:5.00e-04 0s
  >> Val MRR:0.0775 H@1:3.2% H@10:13.4% ** BEST **
  >> Val MRR:0.0951 H@1:4.0% H@10:18.2% ** BEST **
  E 40/300 Loss:5.064 lr:5.00e-04 0s
  >> Val MRR:0.1251 H@1:5.6% H@10:26.2% ** BEST **
  >> Val MRR:0.1703 H@1:8.0% H@10:35.4% ** BEST **
  E 50/300 Loss:4.737 lr:5.00e-04 0s
  >> Val MRR:0.2338 H@1:12.6% H@10:45.2% ** BEST **
  >> Val MRR:0.3023 H@1:18.2% H@10:55.4% ** BEST **
  E 60/300 Loss:4.415 lr:5.00e-04 0s
  >> Val MRR:0.3708 H@1:24.2% H@10:63.6% ** BEST **
  >> Val MRR:0.4263 H@1:28.4% H@10:69.8% ** BEST **
  E 70/300 Loss:4.239 lr:5.00e-04 0s
  >> Val MRR:0.4870 H@1:35.2% H@10:73.4% ** BEST **
  >> Val MRR:0.5408 H@1:41.2% H@10:76.8% ** BEST **
  E 80/300 Loss:4.044 lr:5.00e-04 0s
  >> Val MRR:0.5914 H@1:47.6% H@10:78.6% ** BEST **
  >> Val MRR:0.6196 H@1:50.4% H@10:82.0% ** BEST **
  E 90/300 Loss:3.960 lr:5.00e-04 0s
  >> Val MRR:0.6548 H@1:54.6% H@10:84.4% ** BEST **
  >> Val MRR:0.6760 H@1:56.8% H@10:85.6% ** BEST **
  E100/300 Loss:3.876 lr:5.00e-04 0s
  >> Val MRR:0.6961 H@1:59.0% H@10:87.0% ** BEST **
  >> Val MRR:0.7172 H@1:61.8% H@10:87.8% ** BEST **
  E110/300 Loss:3.773 lr:5.00e-04 0s
  >> Val MRR:0.7316 H@1:63.4% H@10:89.4% ** BEST **
  >> Val MRR:0.7404 H@1:64.2% H@10:90.6% ** BEST **
  E120/300 Loss:3.705 lr:5.00e-04 0s
  >> Val MRR:0.7487 H@1:64.8% H@10:91.0% ** BEST **
  >> Val MRR:0.7497 H@1:64.4% H@10:91.4% ** BEST **
  E130/300 Loss:3.652 lr:5.00e-04 0s
  >> Val MRR:0.7587 H@1:65.6% H@10:92.6% ** BEST **
  >> Val MRR:0.7668 H@1:66.6% H@10:92.4% ** BEST **
  E140/300 Loss:3.592 lr:5.00e-04 0s
  >> Val MRR:0.7731 H@1:67.2% H@10:92.8% ** BEST **
  >> Val MRR:0.7829 H@1:68.4% H@10:93.0% ** BEST **
  E150/300 Loss:3.569 lr:5.00e-04 0s
  >> Val MRR:0.7974 H@1:70.8% H@10:93.4% ** BEST **
  >> Val MRR:0.8088 H@1:72.6% H@10:93.6% ** BEST **
  E160/300 Loss:3.519 lr:5.00e-04 0s
  >> Val MRR:0.8096 H@1:72.2% H@10:93.4% ** BEST **
  >> Val MRR:0.8146 H@1:73.0% H@10:93.8% ** BEST **
  E170/300 Loss:3.461 lr:5.00e-04 0s
  >> Val MRR:0.8189 H@1:73.2% H@10:94.0% ** BEST **
  >> Val MRR:0.8274 H@1:74.4% H@10:94.4% ** BEST **
  E180/300 Loss:3.477 lr:1.50e-04 0s
  >> Val MRR:0.8289 H@1:74.2% H@10:94.4% ** BEST **
  >> Val MRR:0.8311 H@1:74.6% H@10:94.4% ** BEST **
  E190/300 Loss:3.470 lr:1.50e-04 0s
  >> Val MRR:0.8344 H@1:75.2% H@10:94.6% ** BEST **
  >> Val MRR:0.8348 H@1:75.2% H@10:94.6% ** BEST **
  E200/300 Loss:3.420 lr:1.50e-04 0s
  >> Val MRR:0.8367 H@1:75.4% H@10:94.8% ** BEST **
  >> Val MRR:0.8397 H@1:76.0% H@10:95.6% ** BEST **
  E210/300 Loss:3.433 lr:1.50e-04 0s
  >> Val MRR:0.8419 H@1:76.4% H@10:95.6% ** BEST **
  >> Val MRR:0.8452 H@1:76.8% H@10:95.6% ** BEST **
  E220/300 Loss:3.428 lr:1.50e-04 0s
  >> Val MRR:0.8483 H@1:77.2% H@10:95.6% ** BEST **
  >> Val MRR:0.8480 (best:0.8483 p:1/30)
  E230/300 Loss:3.403 lr:1.50e-04 0s
  >> Val MRR:0.8524 H@1:77.6% H@10:95.6% ** BEST **
  >> Val MRR:0.8542 H@1:77.8% H@10:95.6% ** BEST **
  E240/300 Loss:3.406 lr:4.50e-05 0s
  >> Val MRR:0.8532 (best:0.8542 p:1/30)
  >> Val MRR:0.8522 (best:0.8542 p:2/30)
  E250/300 Loss:3.401 lr:4.50e-05 0s
  >> Val MRR:0.8531 (best:0.8542 p:3/30)
  E260/300 Loss:3.425 lr:4.50e-05 0s
  E270/300 Loss:3.393 lr:4.50e-05 0s
  E280/300 Loss:3.377 lr:4.50e-05 0s
  >> Val MRR:0.8543 H@1:77.8% H@10:95.6% ** BEST **
  >> Val MRR:0.8535 (best:0.8543 p:1/30)
  E290/300 Loss:3.412 lr:4.50e-05 0s
  >> Val MRR:0.8539 (best:0.8543 p:2/30)
  >> Val MRR:0.8546 H@1:77.8% H@10:95.6% ** BEST **
  E300/300 Loss:3.397 lr:4.50e-05 0s
  >> Val MRR:0.8556 H@1:78.0% H@10:95.6% ** BEST **
  Training done: 150s, best_val_MRR=0.8556
  Full test evaluation (661 triples)...

  FINAL TEST: MRR=0.8640 H@1=78.7% H@3=93.8% H@10=95.9%
  Saved: /home/shanxh/decoder/UMLS_d200_L2_ls0.1_ComplEx_seed456.json
=== UMLS/ComplEx@d200/L2/ls0.1/seed456 rc=0 in 155s ===
=== [13/81] UMLS/DistMult@d200/L0/ls0.3/seed42 ===
Device: cuda, AMP: True
GPU: NVIDIA GeForce RTX 2080 Ti, 11.3 GB
======================================================================
CompGCN+DistMult | UMLS | seed=42
d_h=200 L=0 lr=0.0005 ls=0.3 epochs=300
======================================================================
  KG: 135 ent, 92 rel, 10432 edges
  Train/Val/Test: 5216/652/661
  Params: 45,800
  Training: epochs=300, lr=0.0005, batch=4096, ls=0.3
  Steps/epoch: 1
  E  1/300 Loss:5.589 lr:5.00e-04 1s
  >> Val MRR:0.0479 H@1:1.2% H@10:8.4% ** BEST **
  E 10/300 Loss:5.381 lr:5.00e-04 0s
  >> Val MRR:0.0477 (best:0.0479 p:1/30)
  >> Val MRR:0.0475 (best:0.0479 p:2/30)
  E 20/300 Loss:5.195 lr:5.00e-04 0s
  >> Val MRR:0.0498 H@1:1.4% H@10:9.4% ** BEST **
  >> Val MRR:0.0499 H@1:1.2% H@10:9.6% ** BEST **
  E 30/300 Loss:5.034 lr:5.00e-04 0s
  >> Val MRR:0.0529 H@1:1.4% H@10:10.4% ** BEST **
  >> Val MRR:0.0561 H@1:1.6% H@10:10.2% ** BEST **
  E 40/300 Loss:4.894 lr:5.00e-04 0s
  >> Val MRR:0.0584 H@1:1.6% H@10:11.2% ** BEST **
  >> Val MRR:0.0632 H@1:1.6% H@10:12.0% ** BEST **
  E 50/300 Loss:4.753 lr:5.00e-04 0s
  >> Val MRR:0.0687 H@1:2.0% H@10:13.4% ** BEST **
  >> Val MRR:0.0802 H@1:2.8% H@10:14.4% ** BEST **
  E 60/300 Loss:4.626 lr:5.00e-04 0s
  >> Val MRR:0.0933 H@1:3.6% H@10:18.2% ** BEST **
  >> Val MRR:0.1088 H@1:4.4% H@10:22.0% ** BEST **
  E 70/300 Loss:4.482 lr:5.00e-04 0s
  >> Val MRR:0.1304 H@1:6.4% H@10:25.2% ** BEST **
  >> Val MRR:0.1513 H@1:7.8% H@10:29.2% ** BEST **
  E 80/300 Loss:4.350 lr:5.00e-04 0s
  >> Val MRR:0.1770 H@1:9.2% H@10:33.2% ** BEST **
  >> Val MRR:0.2155 H@1:12.8% H@10:37.2% ** BEST **
  E 90/300 Loss:4.221 lr:5.00e-04 0s
  >> Val MRR:0.2486 H@1:15.6% H@10:40.0% ** BEST **
  >> Val MRR:0.2805 H@1:19.0% H@10:45.4% ** BEST **
  E100/300 Loss:4.121 lr:5.00e-04 0s
  >> Val MRR:0.3164 H@1:22.2% H@10:51.2% ** BEST **
  >> Val MRR:0.3465 H@1:24.0% H@10:56.6% ** BEST **
  E110/300 Loss:4.029 lr:5.00e-04 0s
  >> Val MRR:0.3905 H@1:28.2% H@10:61.2% ** BEST **
  >> Val MRR:0.4268 H@1:31.2% H@10:65.6% ** BEST **
  E120/300 Loss:3.963 lr:5.00e-04 0s
  >> Val MRR:0.4610 H@1:34.6% H@10:70.2% ** BEST **
  >> Val MRR:0.4864 H@1:36.6% H@10:72.2% ** BEST **
  E130/300 Loss:3.910 lr:5.00e-04 0s
  >> Val MRR:0.5243 H@1:41.0% H@10:75.0% ** BEST **
  >> Val MRR:0.5550 H@1:44.4% H@10:76.4% ** BEST **
  E140/300 Loss:3.862 lr:5.00e-04 0s
  >> Val MRR:0.5826 H@1:47.8% H@10:79.2% ** BEST **
  >> Val MRR:0.5990 H@1:49.2% H@10:80.2% ** BEST **
  E150/300 Loss:3.841 lr:5.00e-04 0s
  >> Val MRR:0.6181 H@1:51.8% H@10:81.2% ** BEST **
  >> Val MRR:0.6340 H@1:53.6% H@10:82.2% ** BEST **
  E160/300 Loss:3.808 lr:5.00e-04 0s
  >> Val MRR:0.6442 H@1:55.0% H@10:84.4% ** BEST **
  >> Val MRR:0.6515 H@1:55.4% H@10:85.0% ** BEST **
  E170/300 Loss:3.787 lr:5.00e-04 0s
  >> Val MRR:0.6610 H@1:56.4% H@10:85.8% ** BEST **
  >> Val MRR:0.6659 H@1:56.6% H@10:86.6% ** BEST **
  E180/300 Loss:3.773 lr:1.50e-04 0s
  >> Val MRR:0.6744 H@1:57.4% H@10:86.8% ** BEST **
  >> Val MRR:0.6790 H@1:57.8% H@10:87.4% ** BEST **
  E190/300 Loss:3.767 lr:1.50e-04 0s
  >> Val MRR:0.6845 H@1:58.6% H@10:87.4% ** BEST **
  >> Val MRR:0.6868 H@1:59.0% H@10:87.4% ** BEST **
  E200/300 Loss:3.770 lr:1.50e-04 0s
  >> Val MRR:0.6897 H@1:59.4% H@10:87.6% ** BEST **
  >> Val MRR:0.6925 H@1:59.8% H@10:87.6% ** BEST **
  E210/300 Loss:3.765 lr:1.50e-04 0s
  >> Val MRR:0.6939 H@1:60.0% H@10:88.0% ** BEST **
  >> Val MRR:0.6964 H@1:60.4% H@10:88.0% ** BEST **
  E220/300 Loss:3.757 lr:1.50e-04 0s
  >> Val MRR:0.6977 H@1:60.6% H@10:88.0% ** BEST **
  >> Val MRR:0.6986 H@1:60.6% H@10:88.4% ** BEST **
  E230/300 Loss:3.757 lr:1.50e-04 0s
  >> Val MRR:0.7013 H@1:60.8% H@10:88.4% ** BEST **
  >> Val MRR:0.7047 H@1:61.2% H@10:88.4% ** BEST **
  E240/300 Loss:3.755 lr:4.50e-05 0s
  >> Val MRR:0.7048 H@1:61.2% H@10:88.4% ** BEST **
  >> Val MRR:0.7048 H@1:61.2% H@10:88.6% ** BEST **
  E250/300 Loss:3.754 lr:4.50e-05 0s
  >> Val MRR:0.7048 (best:0.7048 p:1/30)
  >> Val MRR:0.7037 (best:0.7048 p:2/30)
  E260/300 Loss:3.753 lr:4.50e-05 0s
  >> Val MRR:0.7038 (best:0.7048 p:3/30)
  E270/300 Loss:3.749 lr:4.50e-05 0s
  >> Val MRR:0.7048 H@1:61.0% H@10:88.8% ** BEST **
  E280/300 Loss:3.746 lr:4.50e-05 0s
  >> Val MRR:0.7051 H@1:61.0% H@10:88.8% ** BEST **
  >> Val MRR:0.7058 H@1:61.2% H@10:89.0% ** BEST **
  E290/300 Loss:3.748 lr:4.50e-05 0s
  >> Val MRR:0.7076 H@1:61.4% H@10:89.0% ** BEST **
  >> Val MRR:0.7085 H@1:61.6% H@10:89.0% ** BEST **
  E300/300 Loss:3.746 lr:4.50e-05 0s
  >> Val MRR:0.7100 H@1:61.8% H@10:89.0% ** BEST **
  Training done: 147s, best_val_MRR=0.7100
  Full test evaluation (661 triples)...

  FINAL TEST: MRR=0.7066 H@1=61.0% H@3=75.9% H@10=87.9%
  Saved: /home/shanxh/decoder/UMLS_d200_L0_ls0.3_seed42.json
=== UMLS/DistMult@d200/L0/ls0.3/seed42 rc=0 in 153s ===
=== [14/81] UMLS/DistMult@d200/L0/ls0.3/seed123 ===
Device: cuda, AMP: True
GPU: NVIDIA GeForce RTX 2080 Ti, 11.3 GB
======================================================================
CompGCN+DistMult | UMLS | seed=123
d_h=200 L=0 lr=0.0005 ls=0.3 epochs=300
======================================================================
  KG: 135 ent, 92 rel, 10432 edges
  Train/Val/Test: 5216/652/661
  Params: 45,800
  Training: epochs=300, lr=0.0005, batch=4096, ls=0.3
  Steps/epoch: 1
  E  1/300 Loss:5.583 lr:5.00e-04 0s
  >> Val MRR:0.0365 H@1:0.4% H@10:6.4% ** BEST **
  E 10/300 Loss:5.392 lr:5.00e-04 0s
  >> Val MRR:0.0369 H@1:0.4% H@10:6.6% ** BEST **
  >> Val MRR:0.0379 H@1:0.4% H@10:6.8% ** BEST **
  E 20/300 Loss:5.187 lr:5.00e-04 0s
  >> Val MRR:0.0385 H@1:0.4% H@10:7.8% ** BEST **
  >> Val MRR:0.0418 H@1:0.6% H@10:7.8% ** BEST **
  E 30/300 Loss:5.035 lr:5.00e-04 0s
  >> Val MRR:0.0430 H@1:0.6% H@10:8.4% ** BEST **
  >> Val MRR:0.0454 H@1:0.8% H@10:8.4% ** BEST **
  E 40/300 Loss:4.889 lr:5.00e-04 0s
  >> Val MRR:0.0477 H@1:0.8% H@10:9.4% ** BEST **
  >> Val MRR:0.0533 H@1:1.0% H@10:10.6% ** BEST **
  E 50/300 Loss:4.759 lr:5.00e-04 0s
  >> Val MRR:0.0589 H@1:1.2% H@10:12.0% ** BEST **
  >> Val MRR:0.0673 H@1:1.8% H@10:13.8% ** BEST **
  E 60/300 Loss:4.624 lr:5.00e-04 0s
  >> Val MRR:0.0748 H@1:1.8% H@10:15.0% ** BEST **
  >> Val MRR:0.0873 H@1:2.4% H@10:17.6% ** BEST **
  E 70/300 Loss:4.489 lr:5.00e-04 0s
  >> Val MRR:0.1055 H@1:3.8% H@10:21.6% ** BEST **
  >> Val MRR:0.1308 H@1:5.8% H@10:26.6% ** BEST **
  E 80/300 Loss:4.345 lr:5.00e-04 0s
  >> Val MRR:0.1549 H@1:7.4% H@10:31.4% ** BEST **
  >> Val MRR:0.1876 H@1:10.2% H@10:36.2% ** BEST **
  E 90/300 Loss:4.214 lr:5.00e-04 0s
  >> Val MRR:0.2187 H@1:12.4% H@10:41.8% ** BEST **
  >> Val MRR:0.2511 H@1:14.8% H@10:47.0% ** BEST **
  E100/300 Loss:4.111 lr:5.00e-04 0s
  >> Val MRR:0.2912 H@1:18.0% H@10:52.8% ** BEST **
  >> Val MRR:0.3279 H@1:20.8% H@10:56.8% ** BEST **
  E110/300 Loss:4.025 lr:5.00e-04 0s
  >> Val MRR:0.3779 H@1:25.8% H@10:62.0% ** BEST **
  >> Val MRR:0.4139 H@1:29.2% H@10:65.2% ** BEST **
  E120/300 Loss:3.961 lr:5.00e-04 0s
  >> Val MRR:0.4484 H@1:33.4% H@10:68.0% ** BEST **
  >> Val MRR:0.4841 H@1:37.6% H@10:71.8% ** BEST **
  E130/300 Loss:3.895 lr:5.00e-04 0s
  >> Val MRR:0.5115 H@1:40.2% H@10:75.6% ** BEST **
  >> Val MRR:0.5344 H@1:42.2% H@10:77.2% ** BEST **
  E140/300 Loss:3.862 lr:5.00e-04 0s
  >> Val MRR:0.5575 H@1:44.6% H@10:78.8% ** BEST **
  >> Val MRR:0.5778 H@1:46.8% H@10:80.8% ** BEST **
  E150/300 Loss:3.833 lr:5.00e-04 0s
  >> Val MRR:0.5967 H@1:48.8% H@10:82.2% ** BEST **
  >> Val MRR:0.6153 H@1:51.0% H@10:83.6% ** BEST **
  E160/300 Loss:3.813 lr:5.00e-04 0s
  >> Val MRR:0.6288 H@1:52.2% H@10:84.0% ** BEST **
  >> Val MRR:0.6414 H@1:53.4% H@10:84.4% ** BEST **
  E170/300 Loss:3.792 lr:5.00e-04 0s
  >> Val MRR:0.6531 H@1:54.8% H@10:85.0% ** BEST **
  >> Val MRR:0.6631 H@1:56.0% H@10:85.8% ** BEST **
  E180/300 Loss:3.772 lr:1.50e-04 0s
  >> Val MRR:0.6748 H@1:57.8% H@10:86.2% ** BEST **
  >> Val MRR:0.6757 H@1:57.8% H@10:86.4% ** BEST **
  E190/300 Loss:3.767 lr:1.50e-04 0s
  >> Val MRR:0.6751 (best:0.6757 p:1/30)
  >> Val MRR:0.6773 H@1:58.0% H@10:86.6% ** BEST **
  E200/300 Loss:3.769 lr:1.50e-04 0s
  >> Val MRR:0.6804 H@1:58.4% H@10:86.6% ** BEST **
  >> Val MRR:0.6833 H@1:58.8% H@10:86.6% ** BEST **
  E210/300 Loss:3.762 lr:1.50e-04 0s
  >> Val MRR:0.6878 H@1:59.6% H@10:86.8% ** BEST **
  >> Val MRR:0.6936 H@1:60.6% H@10:86.8% ** BEST **
  E220/300 Loss:3.761 lr:1.50e-04 0s
  >> Val MRR:0.6942 H@1:60.6% H@10:87.0% ** BEST **
  >> Val MRR:0.6959 H@1:60.8% H@10:87.2% ** BEST **
  E230/300 Loss:3.754 lr:1.50e-04 0s
  >> Val MRR:0.6959 H@1:60.6% H@10:87.4% ** BEST **
  >> Val MRR:0.6970 H@1:60.8% H@10:87.4% ** BEST **
  E240/300 Loss:3.759 lr:4.50e-05 0s
  >> Val MRR:0.6967 (best:0.6970 p:1/30)
  >> Val MRR:0.6981 H@1:61.0% H@10:87.4% ** BEST **
  E250/300 Loss:3.751 lr:4.50e-05 0s
  >> Val MRR:0.6985 H@1:61.0% H@10:87.6% ** BEST **
  >> Val MRR:0.6987 H@1:61.0% H@10:88.0% ** BEST **
  E260/300 Loss:3.747 lr:4.50e-05 0s
  >> Val MRR:0.6991 H@1:61.0% H@10:88.0% ** BEST **
  >> Val MRR:0.6995 H@1:61.0% H@10:88.0% ** BEST **
  E270/300 Loss:3.752 lr:4.50e-05 0s
  >> Val MRR:0.6995 H@1:61.0% H@10:88.0% ** BEST **
  >> Val MRR:0.6996 H@1:61.0% H@10:88.2% ** BEST **
  E280/300 Loss:3.755 lr:4.50e-05 0s
  >> Val MRR:0.7000 H@1:61.0% H@10:88.2% ** BEST **
  >> Val MRR:0.7011 H@1:61.2% H@10:88.0% ** BEST **
  E290/300 Loss:3.751 lr:4.50e-05 0s
  >> Val MRR:0.7009 (best:0.7011 p:1/30)
  >> Val MRR:0.7019 H@1:61.4% H@10:88.0% ** BEST **
  E300/300 Loss:3.747 lr:4.50e-05 0s
  >> Val MRR:0.7021 H@1:61.4% H@10:88.0% ** BEST **
  Training done: 148s, best_val_MRR=0.7021
  Full test evaluation (661 triples)...

  FINAL TEST: MRR=0.7146 H@1=62.6% H@3=76.4% H@10=88.7%
  Saved: /home/shanxh/decoder/UMLS_d200_L0_ls0.3_seed123.json
=== UMLS/DistMult@d200/L0/ls0.3/seed123 rc=0 in 153s ===
=== [15/81] UMLS/DistMult@d200/L0/ls0.3/seed456 ===
Device: cuda, AMP: True
GPU: NVIDIA GeForce RTX 2080 Ti, 11.3 GB
======================================================================
CompGCN+DistMult | UMLS | seed=456
d_h=200 L=0 lr=0.0005 ls=0.3 epochs=300
======================================================================
  KG: 135 ent, 92 rel, 10432 edges
  Train/Val/Test: 5216/652/661
  Params: 45,800
  Training: epochs=300, lr=0.0005, batch=4096, ls=0.3
  Steps/epoch: 1
  E  1/300 Loss:5.562 lr:5.00e-04 1s
  >> Val MRR:0.0452 H@1:0.8% H@10:8.6% ** BEST **
  E 10/300 Loss:5.366 lr:5.00e-04 0s
  >> Val MRR:0.0473 H@1:1.0% H@10:8.8% ** BEST **
  >> Val MRR:0.0479 H@1:1.0% H@10:8.6% ** BEST **
  E 20/300 Loss:5.190 lr:5.00e-04 0s
  >> Val MRR:0.0506 H@1:1.4% H@10:8.8% ** BEST **
  >> Val MRR:0.0521 H@1:1.4% H@10:9.2% ** BEST **
  E 30/300 Loss:5.033 lr:5.00e-04 0s
  >> Val MRR:0.0537 H@1:1.4% H@10:9.8% ** BEST **
  >> Val MRR:0.0590 H@1:1.8% H@10:10.4% ** BEST **
  E 40/300 Loss:4.896 lr:5.00e-04 0s
  >> Val MRR:0.0623 H@1:2.0% H@10:10.8% ** BEST **
  >> Val MRR:0.0693 H@1:2.6% H@10:12.2% ** BEST **
  E 50/300 Loss:4.765 lr:5.00e-04 0s
  >> Val MRR:0.0754 H@1:3.0% H@10:13.0% ** BEST **
  >> Val MRR:0.0848 H@1:3.6% H@10:14.4% ** BEST **
  E 60/300 Loss:4.636 lr:5.00e-04 0s
  >> Val MRR:0.0957 H@1:4.2% H@10:16.6% ** BEST **
  >> Val MRR:0.1102 H@1:5.2% H@10:18.6% ** BEST **
  E 70/300 Loss:4.486 lr:5.00e-04 0s
  >> Val MRR:0.1288 H@1:6.4% H@10:22.0% ** BEST **
  >> Val MRR:0.1534 H@1:8.2% H@10:27.0% ** BEST **
  E 80/300 Loss:4.363 lr:5.00e-04 0s
  >> Val MRR:0.1810 H@1:10.8% H@10:30.6% ** BEST **
  >> Val MRR:0.2109 H@1:13.0% H@10:36.8% ** BEST **
  E 90/300 Loss:4.218 lr:5.00e-04 0s
  >> Val MRR:0.2356 H@1:14.0% H@10:43.0% ** BEST **
  >> Val MRR:0.2833 H@1:18.4% H@10:48.6% ** BEST **
  E100/300 Loss:4.115 lr:5.00e-04 0s
  >> Val MRR:0.3251 H@1:22.2% H@10:54.0% ** BEST **
  >> Val MRR:0.3672 H@1:25.4% H@10:60.4% ** BEST **
  E110/300 Loss:4.024 lr:5.00e-04 0s
  >> Val MRR:0.4071 H@1:29.0% H@10:66.0% ** BEST **
  >> Val MRR:0.4441 H@1:32.0% H@10:71.4% ** BEST **
  E120/300 Loss:3.955 lr:5.00e-04 0s
  >> Val MRR:0.4876 H@1:36.6% H@10:73.4% ** BEST **
  >> Val MRR:0.5173 H@1:39.4% H@10:75.4% ** BEST **
  E130/300 Loss:3.907 lr:5.00e-04 0s
  >> Val MRR:0.5422 H@1:42.4% H@10:78.8% ** BEST **
  >> Val MRR:0.5706 H@1:45.6% H@10:80.4% ** BEST **
  E140/300 Loss:3.867 lr:5.00e-04 0s
  >> Val MRR:0.5938 H@1:47.8% H@10:82.2% ** BEST **
  >> Val MRR:0.6109 H@1:49.2% H@10:83.4% ** BEST **
  E150/300 Loss:3.832 lr:5.00e-04 0s
  >> Val MRR:0.6330 H@1:51.8% H@10:84.2% ** BEST **
  >> Val MRR:0.6549 H@1:54.4% H@10:85.2% ** BEST **
  E160/300 Loss:3.809 lr:5.00e-04 0s
  >> Val MRR:0.6699 H@1:56.2% H@10:86.6% ** BEST **
  >> Val MRR:0.6798 H@1:57.4% H@10:87.6% ** BEST **
  E170/300 Loss:3.796 lr:5.00e-04 0s
  >> Val MRR:0.6894 H@1:58.8% H@10:88.4% ** BEST **
  >> Val MRR:0.7011 H@1:60.6% H@10:89.2% ** BEST **
  E180/300 Loss:3.777 lr:1.50e-04 0s
  >> Val MRR:0.7073 H@1:61.2% H@10:90.0% ** BEST **
  >> Val MRR:0.7108 H@1:61.8% H@10:90.0% ** BEST **
  E190/300 Loss:3.771 lr:1.50e-04 0s
  >> Val MRR:0.7129 H@1:62.2% H@10:90.0% ** BEST **
  >> Val MRR:0.7126 (best:0.7129 p:1/30)
  E200/300 Loss:3.767 lr:1.50e-04 0s
  >> Val MRR:0.7157 H@1:62.4% H@10:90.2% ** BEST **
  >> Val MRR:0.7166 H@1:62.4% H@10:90.4% ** BEST **
  E210/300 Loss:3.764 lr:1.50e-04 0s
  >> Val MRR:0.7197 H@1:62.8% H@10:90.4% ** BEST **
  >> Val MRR:0.7205 H@1:62.8% H@10:90.4% ** BEST **
  E220/300 Loss:3.762 lr:1.50e-04 0s
  >> Val MRR:0.7217 H@1:62.8% H@10:90.6% ** BEST **
  >> Val MRR:0.7216 (best:0.7217 p:1/30)
  E230/300 Loss:3.762 lr:1.50e-04 0s
  >> Val MRR:0.7213 (best:0.7217 p:2/30)
  >> Val MRR:0.7227 H@1:63.0% H@10:91.2% ** BEST **
  E240/300 Loss:3.755 lr:4.50e-05 0s
  >> Val MRR:0.7277 H@1:63.8% H@10:91.2% ** BEST **
  >> Val MRR:0.7278 H@1:63.8% H@10:91.2% ** BEST **
  E250/300 Loss:3.752 lr:4.50e-05 0s
  >> Val MRR:0.7280 H@1:63.8% H@10:91.2% ** BEST **
  >> Val MRR:0.7290 H@1:64.0% H@10:91.2% ** BEST **
  E260/300 Loss:3.759 lr:4.50e-05 0s
  >> Val MRR:0.7292 H@1:64.0% H@10:91.2% ** BEST **
  >> Val MRR:0.7323 H@1:64.6% H@10:91.2% ** BEST **
  E270/300 Loss:3.756 lr:4.50e-05 0s
  >> Val MRR:0.7324 H@1:64.6% H@10:91.2% ** BEST **
  >> Val MRR:0.7324 H@1:64.6% H@10:91.2% ** BEST **
  E280/300 Loss:3.747 lr:4.50e-05 0s
  >> Val MRR:0.7324 (best:0.7324 p:1/30)
  >> Val MRR:0.7327 H@1:64.6% H@10:91.0% ** BEST **
  E290/300 Loss:3.754 lr:4.50e-05 0s
  >> Val MRR:0.7337 H@1:64.8% H@10:91.0% ** BEST **
  >> Val MRR:0.7338 H@1:64.8% H@10:91.0% ** BEST **
  E300/300 Loss:3.759 lr:4.50e-05 0s
  >> Val MRR:0.7342 H@1:64.8% H@10:91.0% ** BEST **
  Training done: 149s, best_val_MRR=0.7342
  Full test evaluation (661 triples)...

  FINAL TEST: MRR=0.7258 H@1=63.4% H@3=78.2% H@10=90.0%
  Saved: /home/shanxh/decoder/UMLS_d200_L0_ls0.3_seed456.json
=== UMLS/DistMult@d200/L0/ls0.3/seed456 rc=0 in 155s ===
=== [16/81] UMLS/DistMult@d200/L3/ls0.3/seed42 ===
Device: cuda, AMP: True
GPU: NVIDIA GeForce RTX 2080 Ti, 11.3 GB
======================================================================
CompGCN+DistMult | UMLS | seed=42
d_h=200 L=3 lr=0.0005 ls=0.3 epochs=300
======================================================================
  KG: 135 ent, 92 rel, 10432 edges
  Train/Val/Test: 5216/652/661
  Params: 342,800
  Training: epochs=300, lr=0.0005, batch=4096, ls=0.3
  Steps/epoch: 1
  E  1/300 Loss:5.595 lr:5.00e-04 1s
  >> Val MRR:0.0391 H@1:0.6% H@10:6.4% ** BEST **
  E 10/300 Loss:5.346 lr:5.00e-04 0s
  >> Val MRR:0.0435 H@1:1.0% H@10:6.8% ** BEST **
  >> Val MRR:0.0498 H@1:1.0% H@10:9.8% ** BEST **
  E 20/300 Loss:5.076 lr:5.00e-04 0s
  >> Val MRR:0.0603 H@1:1.2% H@10:13.6% ** BEST **
  >> Val MRR:0.0872 H@1:3.2% H@10:16.6% ** BEST **
  E 30/300 Loss:4.867 lr:5.00e-04 0s
  >> Val MRR:0.1235 H@1:5.4% H@10:23.2% ** BEST **
  >> Val MRR:0.1762 H@1:9.2% H@10:34.0% ** BEST **
  E 40/300 Loss:4.647 lr:5.00e-04 0s
  >> Val MRR:0.2485 H@1:13.8% H@10:46.0% ** BEST **
  >> Val MRR:0.3486 H@1:23.4% H@10:58.4% ** BEST **
  E 50/300 Loss:4.478 lr:5.00e-04 0s
  >> Val MRR:0.4347 H@1:30.0% H@10:68.0% ** BEST **
  >> Val MRR:0.5269 H@1:39.8% H@10:76.6% ** BEST **
  E 60/300 Loss:4.404 lr:5.00e-04 0s
  >> Val MRR:0.6041 H@1:49.2% H@10:79.6% ** BEST **
  >> Val MRR:0.6368 H@1:52.8% H@10:82.4% ** BEST **
  E 70/300 Loss:4.297 lr:5.00e-04 0s
  >> Val MRR:0.6673 H@1:56.6% H@10:83.8% ** BEST **
  >> Val MRR:0.6956 H@1:60.4% H@10:85.0% ** BEST **
  E 80/300 Loss:4.247 lr:5.00e-04 0s
  >> Val MRR:0.7191 H@1:63.0% H@10:86.2% ** BEST **
  >> Val MRR:0.7455 H@1:67.0% H@10:87.0% ** BEST **
  E 90/300 Loss:4.179 lr:5.00e-04 0s
  >> Val MRR:0.7633 H@1:69.2% H@10:88.4% ** BEST **
  >> Val MRR:0.7791 H@1:71.6% H@10:90.2% ** BEST **
  E100/300 Loss:4.149 lr:5.00e-04 0s
  >> Val MRR:0.7911 H@1:72.8% H@10:90.6% ** BEST **
  >> Val MRR:0.7922 H@1:72.6% H@10:91.0% ** BEST **
  E110/300 Loss:4.092 lr:5.00e-04 0s
  >> Val MRR:0.8002 H@1:73.8% H@10:91.4% ** BEST **
  >> Val MRR:0.8127 H@1:75.4% H@10:92.0% ** BEST **
  E120/300 Loss:4.084 lr:5.00e-04 0s
  >> Val MRR:0.8293 H@1:77.8% H@10:92.6% ** BEST **
  >> Val MRR:0.8322 H@1:77.6% H@10:93.2% ** BEST **
  E130/300 Loss:4.031 lr:5.00e-04 0s
  >> Val MRR:0.8384 H@1:78.4% H@10:93.6% ** BEST **
  >> Val MRR:0.8365 (best:0.8384 p:1/30)
  E140/300 Loss:4.006 lr:5.00e-04 0s
  >> Val MRR:0.8443 H@1:78.6% H@10:94.8% ** BEST **
  >> Val MRR:0.8469 H@1:78.8% H@10:94.8% ** BEST **
  E150/300 Loss:4.004 lr:5.00e-04 0s
  >> Val MRR:0.8492 H@1:79.0% H@10:94.8% ** BEST **
  >> Val MRR:0.8575 H@1:80.2% H@10:95.4% ** BEST **
  E160/300 Loss:3.961 lr:5.00e-04 0s
  >> Val MRR:0.8659 H@1:81.2% H@10:95.8% ** BEST **
  >> Val MRR:0.8725 H@1:82.2% H@10:96.0% ** BEST **
  E170/300 Loss:3.944 lr:5.00e-04 0s
  >> Val MRR:0.8816 H@1:83.2% H@10:96.2% ** BEST **
  >> Val MRR:0.8843 H@1:83.8% H@10:96.2% ** BEST **
  E180/300 Loss:3.934 lr:1.50e-04 0s
  >> Val MRR:0.8864 H@1:84.0% H@10:95.8% ** BEST **
  >> Val MRR:0.8885 H@1:84.4% H@10:96.2% ** BEST **
  E190/300 Loss:3.935 lr:1.50e-04 0s
  >> Val MRR:0.8875 (best:0.8885 p:1/30)
  >> Val MRR:0.8895 H@1:84.2% H@10:96.4% ** BEST **
  E200/300 Loss:3.937 lr:1.50e-04 0s
  >> Val MRR:0.8887 (best:0.8895 p:1/30)
  >> Val MRR:0.8880 (best:0.8895 p:2/30)
  E210/300 Loss:3.926 lr:1.50e-04 0s
  >> Val MRR:0.8892 (best:0.8895 p:3/30)
  >> Val MRR:0.8907 H@1:84.2% H@10:96.4% ** BEST **
  E220/300 Loss:3.917 lr:1.50e-04 0s
  >> Val MRR:0.8942 H@1:85.0% H@10:96.4% ** BEST **
  >> Val MRR:0.8983 H@1:85.8% H@10:96.4% ** BEST **
  E230/300 Loss:3.923 lr:1.50e-04 0s
  >> Val MRR:0.8970 (best:0.8983 p:1/30)
  >> Val MRR:0.8957 (best:0.8983 p:2/30)
  E240/300 Loss:3.920 lr:4.50e-05 0s
  >> Val MRR:0.8958 (best:0.8983 p:3/30)
  E250/300 Loss:3.925 lr:4.50e-05 0s
  E260/300 Loss:3.908 lr:4.50e-05 0s
  E270/300 Loss:3.917 lr:4.50e-05 0s
  >> Val MRR:0.8942 (best:0.8983 p:10/30)
  E280/300 Loss:3.912 lr:4.50e-05 0s
  E290/300 Loss:3.908 lr:4.50e-05 0s
  E300/300 Loss:3.907 lr:4.50e-05 0s
  Training done: 149s, best_val_MRR=0.8983
  Full test evaluation (661 triples)...

  FINAL TEST: MRR=0.8895 H@1=83.4% H@3=94.1% H@10=98.0%
  Saved: /home/shanxh/decoder/UMLS_d200_L3_ls0.3_seed42.json
=== UMLS/DistMult@d200/L3/ls0.3/seed42 rc=0 in 154s ===
=== [17/81] UMLS/DistMult@d200/L3/ls0.3/seed123 ===
Device: cuda, AMP: True
GPU: NVIDIA GeForce RTX 2080 Ti, 11.3 GB
======================================================================
CompGCN+DistMult | UMLS | seed=123
d_h=200 L=3 lr=0.0005 ls=0.3 epochs=300
======================================================================
  KG: 135 ent, 92 rel, 10432 edges
  Train/Val/Test: 5216/652/661
  Params: 342,800
  Training: epochs=300, lr=0.0005, batch=4096, ls=0.3
  Steps/epoch: 1
  E  1/300 Loss:5.624 lr:5.00e-04 1s
  >> Val MRR:0.0519 H@1:1.6% H@10:9.4% ** BEST **
  E 10/300 Loss:5.351 lr:5.00e-04 0s
  >> Val MRR:0.0575 H@1:1.8% H@10:9.4% ** BEST **
  >> Val MRR:0.0573 (best:0.0575 p:1/30)
  E 20/300 Loss:5.111 lr:5.00e-04 0s
  >> Val MRR:0.0646 H@1:1.8% H@10:13.2% ** BEST **
  >> Val MRR:0.0718 H@1:1.4% H@10:16.0% ** BEST **
  E 30/300 Loss:4.902 lr:5.00e-04 0s
  >> Val MRR:0.1007 H@1:2.6% H@10:25.0% ** BEST **
  >> Val MRR:0.1496 H@1:6.0% H@10:33.4% ** BEST **
  E 40/300 Loss:4.676 lr:5.00e-04 0s
  >> Val MRR:0.2136 H@1:10.8% H@10:46.0% ** BEST **
  >> Val MRR:0.2869 H@1:16.6% H@10:55.8% ** BEST **
  E 50/300 Loss:4.523 lr:5.00e-04 0s
  >> Val MRR:0.3788 H@1:23.6% H@10:65.6% ** BEST **
  >> Val MRR:0.4813 H@1:33.6% H@10:75.4% ** BEST **
  E 60/300 Loss:4.399 lr:5.00e-04 0s
  >> Val MRR:0.5672 H@1:44.0% H@10:80.4% ** BEST **
  >> Val MRR:0.6148 H@1:49.8% H@10:83.4% ** BEST **
  E 70/300 Loss:4.308 lr:5.00e-04 0s
  >> Val MRR:0.6574 H@1:55.0% H@10:85.4% ** BEST **
  >> Val MRR:0.6870 H@1:58.4% H@10:87.0% ** BEST **
  E 80/300 Loss:4.257 lr:5.00e-04 0s
  >> Val MRR:0.7132 H@1:61.4% H@10:88.8% ** BEST **
  >> Val MRR:0.7393 H@1:64.4% H@10:89.2% ** BEST **
  E 90/300 Loss:4.181 lr:5.00e-04 0s
  >> Val MRR:0.7553 H@1:67.0% H@10:89.6% ** BEST **
  >> Val MRR:0.7613 H@1:67.6% H@10:89.8% ** BEST **
  E100/300 Loss:4.152 lr:5.00e-04 0s
  >> Val MRR:0.7822 H@1:69.8% H@10:91.6% ** BEST **
  >> Val MRR:0.7969 H@1:71.8% H@10:92.2% ** BEST **
  E110/300 Loss:4.121 lr:5.00e-04 0s
  >> Val MRR:0.8084 H@1:74.0% H@10:92.2% ** BEST **
  >> Val MRR:0.8087 H@1:73.8% H@10:92.0% ** BEST **
  E120/300 Loss:4.076 lr:5.00e-04 0s
  >> Val MRR:0.8141 H@1:74.4% H@10:92.2% ** BEST **
  >> Val MRR:0.8259 H@1:75.8% H@10:93.4% ** BEST **
  E130/300 Loss:4.048 lr:5.00e-04 0s
  >> Val MRR:0.8357 H@1:77.0% H@10:93.2% ** BEST **
  >> Val MRR:0.8427 H@1:78.0% H@10:94.4% ** BEST **
  E140/300 Loss:4.017 lr:5.00e-04 0s
  >> Val MRR:0.8550 H@1:80.0% H@10:94.4% ** BEST **
  >> Val MRR:0.8594 H@1:80.8% H@10:94.6% ** BEST **
  E150/300 Loss:3.990 lr:5.00e-04 0s
  >> Val MRR:0.8603 H@1:80.2% H@10:94.4% ** BEST **
  >> Val MRR:0.8644 H@1:80.8% H@10:94.8% ** BEST **
  E160/300 Loss:3.962 lr:5.00e-04 0s
  >> Val MRR:0.8617 (best:0.8644 p:1/30)
  >> Val MRR:0.8641 (best:0.8644 p:2/30)
  E170/300 Loss:3.960 lr:5.00e-04 0s
  >> Val MRR:0.8751 H@1:82.6% H@10:95.4% ** BEST **
  >> Val MRR:0.8727 (best:0.8751 p:1/30)
  E180/300 Loss:3.944 lr:1.50e-04 0s
  >> Val MRR:0.8769 H@1:82.4% H@10:95.6% ** BEST **
  >> Val MRR:0.8797 H@1:82.8% H@10:95.6% ** BEST **
  E190/300 Loss:3.927 lr:1.50e-04 0s
  >> Val MRR:0.8820 H@1:83.0% H@10:95.6% ** BEST **
  >> Val MRR:0.8876 H@1:84.0% H@10:95.6% ** BEST **
  E200/300 Loss:3.928 lr:1.50e-04 0s
  >> Val MRR:0.8886 H@1:84.2% H@10:95.8% ** BEST **
  >> Val MRR:0.8851 (best:0.8886 p:1/30)
  E210/300 Loss:3.943 lr:1.50e-04 0s
  >> Val MRR:0.8850 (best:0.8886 p:2/30)
  >> Val MRR:0.8893 H@1:84.2% H@10:95.8% ** BEST **
  E220/300 Loss:3.937 lr:1.50e-04 0s
  >> Val MRR:0.8887 (best:0.8893 p:1/30)
  >> Val MRR:0.8899 H@1:84.2% H@10:96.2% ** BEST **
  E230/300 Loss:3.940 lr:1.50e-04 0s
  >> Val MRR:0.8906 H@1:84.2% H@10:96.2% ** BEST **
  >> Val MRR:0.8903 (best:0.8906 p:1/30)
  E240/300 Loss:3.925 lr:4.50e-05 0s
  >> Val MRR:0.8912 H@1:84.2% H@10:96.2% ** BEST **
  >> Val MRR:0.8931 H@1:84.6% H@10:96.4% ** BEST **
  E250/300 Loss:3.924 lr:4.50e-05 0s
  >> Val MRR:0.8933 H@1:84.6% H@10:96.4% ** BEST **
  >> Val MRR:0.8933 H@1:84.6% H@10:96.4% ** BEST **
  E260/300 Loss:3.920 lr:4.50e-05 0s
  >> Val MRR:0.8912 (best:0.8933 p:1/30)
  >> Val MRR:0.8923 (best:0.8933 p:2/30)
  E270/300 Loss:3.913 lr:4.50e-05 0s
  >> Val MRR:0.8910 (best:0.8933 p:3/30)
  E280/300 Loss:3.927 lr:4.50e-05 0s
  E290/300 Loss:3.909 lr:4.50e-05 0s
  >> Val MRR:0.8947 H@1:84.8% H@10:96.4% ** BEST **
  E300/300 Loss:3.916 lr:4.50e-05 0s
  >> Val MRR:0.8934 (best:0.8947 p:1/30)
  Training done: 149s, best_val_MRR=0.8947
  Full test evaluation (661 triples)...

  FINAL TEST: MRR=0.8955 H@1=83.5% H@3=94.7% H@10=98.3%
  Saved: /home/shanxh/decoder/UMLS_d200_L3_ls0.3_seed123.json
=== UMLS/DistMult@d200/L3/ls0.3/seed123 rc=0 in 154s ===
=== [18/81] UMLS/DistMult@d200/L3/ls0.3/seed456 ===
Device: cuda, AMP: True
GPU: NVIDIA GeForce RTX 2080 Ti, 11.3 GB
======================================================================
CompGCN+DistMult | UMLS | seed=456
d_h=200 L=3 lr=0.0005 ls=0.3 epochs=300
======================================================================
  KG: 135 ent, 92 rel, 10432 edges
  Train/Val/Test: 5216/652/661
  Params: 342,800
  Training: epochs=300, lr=0.0005, batch=4096, ls=0.3
  Steps/epoch: 1
  E  1/300 Loss:5.584 lr:5.00e-04 1s
  >> Val MRR:0.0440 H@1:0.6% H@10:8.8% ** BEST **
  E 10/300 Loss:5.343 lr:5.00e-04 0s
  >> Val MRR:0.0469 H@1:1.2% H@10:8.2% ** BEST **
  >> Val MRR:0.0485 H@1:1.0% H@10:9.4% ** BEST **
  E 20/300 Loss:5.095 lr:5.00e-04 0s
  >> Val MRR:0.0581 H@1:1.8% H@10:11.0% ** BEST **
  >> Val MRR:0.0705 H@1:2.4% H@10:15.8% ** BEST **
  E 30/300 Loss:4.866 lr:5.00e-04 0s
  >> Val MRR:0.0948 H@1:3.2% H@10:21.6% ** BEST **
  >> Val MRR:0.1477 H@1:7.0% H@10:28.4% ** BEST **
  E 40/300 Loss:4.670 lr:5.00e-04 0s
  >> Val MRR:0.2214 H@1:13.0% H@10:39.2% ** BEST **
  >> Val MRR:0.3058 H@1:20.2% H@10:50.4% ** BEST **
  E 50/300 Loss:4.488 lr:5.00e-04 0s
  >> Val MRR:0.4114 H@1:29.4% H@10:66.4% ** BEST **
  >> Val MRR:0.5167 H@1:39.2% H@10:75.4% ** BEST **
  E 60/300 Loss:4.365 lr:5.00e-04 0s
  >> Val MRR:0.5992 H@1:48.8% H@10:81.2% ** BEST **
  >> Val MRR:0.6488 H@1:54.6% H@10:83.6% ** BEST **
  E 70/300 Loss:4.287 lr:5.00e-04 0s
  >> Val MRR:0.6856 H@1:58.8% H@10:85.0% ** BEST **
  >> Val MRR:0.7226 H@1:63.4% H@10:87.0% ** BEST **
  E 80/300 Loss:4.214 lr:5.00e-04 0s
  >> Val MRR:0.7537 H@1:67.6% H@10:88.2% ** BEST **
  >> Val MRR:0.7636 H@1:68.0% H@10:89.6% ** BEST **
  E 90/300 Loss:4.183 lr:5.00e-04 0s
  >> Val MRR:0.7809 H@1:70.4% H@10:90.2% ** BEST **
  >> Val MRR:0.7927 H@1:72.0% H@10:91.0% ** BEST **
  E100/300 Loss:4.127 lr:5.00e-04 0s
  >> Val MRR:0.8061 H@1:73.8% H@10:91.4% ** BEST **
  >> Val MRR:0.8189 H@1:75.8% H@10:92.4% ** BEST **
  E110/300 Loss:4.111 lr:5.00e-04 0s
  >> Val MRR:0.8328 H@1:77.2% H@10:92.6% ** BEST **
  >> Val MRR:0.8436 H@1:78.8% H@10:92.8% ** BEST **
  E120/300 Loss:4.068 lr:5.00e-04 0s
  >> Val MRR:0.8488 H@1:79.4% H@10:93.2% ** BEST **
  >> Val MRR:0.8514 H@1:79.4% H@10:93.4% ** BEST **
  E130/300 Loss:4.062 lr:5.00e-04 0s
  >> Val MRR:0.8620 H@1:81.2% H@10:93.6% ** BEST **
  >> Val MRR:0.8602 (best:0.8620 p:1/30)
  E140/300 Loss:4.033 lr:5.00e-04 0s
  >> Val MRR:0.8609 (best:0.8620 p:2/30)
  >> Val MRR:0.8619 (best:0.8620 p:3/30)
  E150/300 Loss:4.002 lr:5.00e-04 0s
  >> Val MRR:0.8636 H@1:80.6% H@10:95.2% ** BEST **
  >> Val MRR:0.8701 H@1:81.4% H@10:95.0% ** BEST **
  E160/300 Loss:3.964 lr:5.00e-04 0s
  >> Val MRR:0.8749 H@1:82.0% H@10:95.4% ** BEST **
  >> Val MRR:0.8863 H@1:84.2% H@10:95.6% ** BEST **
  E170/300 Loss:3.953 lr:5.00e-04 0s
  >> Val MRR:0.8870 H@1:84.2% H@10:95.6% ** BEST **
  >> Val MRR:0.8880 H@1:84.2% H@10:95.6% ** BEST **
  E180/300 Loss:3.943 lr:1.50e-04 0s
  >> Val MRR:0.8929 H@1:84.8% H@10:95.8% ** BEST **
  >> Val MRR:0.8924 (best:0.8929 p:1/30)
  E190/300 Loss:3.931 lr:1.50e-04 0s
  >> Val MRR:0.8937 H@1:84.8% H@10:96.0% ** BEST **
  >> Val MRR:0.8953 H@1:84.8% H@10:96.2% ** BEST **
  E200/300 Loss:3.940 lr:1.50e-04 0s
  >> Val MRR:0.8991 H@1:85.4% H@10:96.4% ** BEST **
  >> Val MRR:0.8995 H@1:85.4% H@10:96.4% ** BEST **
  E210/300 Loss:3.920 lr:1.50e-04 0s
  >> Val MRR:0.9009 H@1:85.6% H@10:96.4% ** BEST **
  >> Val MRR:0.9012 H@1:85.6% H@10:96.4% ** BEST **
  E220/300 Loss:3.937 lr:1.50e-04 0s
  >> Val MRR:0.8988 (best:0.9012 p:1/30)
  >> Val MRR:0.8991 (best:0.9012 p:2/30)
  E230/300 Loss:3.917 lr:1.50e-04 0s
  >> Val MRR:0.8983 (best:0.9012 p:3/30)
  >> Val MRR:0.9016 H@1:85.4% H@10:96.2% ** BEST **
  E240/300 Loss:3.905 lr:4.50e-05 0s
  >> Val MRR:0.9036 H@1:85.8% H@10:96.4% ** BEST **
  >> Val MRR:0.9036 H@1:85.8% H@10:96.6% ** BEST **
  E250/300 Loss:3.919 lr:4.50e-05 0s
  >> Val MRR:0.9046 H@1:86.0% H@10:96.4% ** BEST **
  >> Val MRR:0.9055 H@1:86.2% H@10:96.2% ** BEST **
  E260/300 Loss:3.920 lr:4.50e-05 0s
  >> Val MRR:0.9045 (best:0.9055 p:1/30)
  >> Val MRR:0.9056 H@1:86.2% H@10:96.4% ** BEST **
  E270/300 Loss:3.910 lr:4.50e-05 0s
  >> Val MRR:0.9046 (best:0.9056 p:1/30)
  >> Val MRR:0.9046 (best:0.9056 p:2/30)
  E280/300 Loss:3.915 lr:4.50e-05 0s
  >> Val MRR:0.9057 H@1:86.2% H@10:96.4% ** BEST **
  >> Val MRR:0.9058 H@1:86.2% H@10:96.6% ** BEST **
  E290/300 Loss:3.921 lr:4.50e-05 0s
  >> Val MRR:0.9038 (best:0.9058 p:1/30)
  >> Val MRR:0.9058 H@1:86.2% H@10:96.4% ** BEST **
  E300/300 Loss:3.921 lr:4.50e-05 0s
  >> Val MRR:0.9048 (best:0.9058 p:1/30)
  Training done: 151s, best_val_MRR=0.9058
  Full test evaluation (661 triples)...

  FINAL TEST: MRR=0.9002 H@1=84.9% H@3=94.1% H@10=98.3%
  Saved: /home/shanxh/decoder/UMLS_d200_L3_ls0.3_seed456.json
=== UMLS/DistMult@d200/L3/ls0.3/seed456 rc=0 in 156s ===
=== [19/81] UMLS/ComplEx@d200/L0/ls0.3/seed42 ===
Device: cuda, AMP: True
GPU: NVIDIA GeForce RTX 2080 Ti, 11.3 GB
======================================================================
CompGCN+DistMult | UMLS | seed=42
d_h=200 L=0 lr=0.0005 ls=0.3 epochs=300
======================================================================
  KG: 135 ent, 92 rel, 10432 edges
  Train/Val/Test: 5216/652/661
  Params: 45,800
  Training: epochs=300, lr=0.0005, batch=4096, ls=0.3
  Steps/epoch: 1
  E  1/300 Loss:6.863 lr:5.00e-04 0s
  >> Val MRR:0.0578 H@1:1.4% H@10:11.4% ** BEST **
  E 10/300 Loss:6.387 lr:5.00e-04 0s
  >> Val MRR:0.0588 H@1:1.6% H@10:11.6% ** BEST **
  >> Val MRR:0.0619 H@1:2.0% H@10:11.6% ** BEST **
  E 20/300 Loss:5.997 lr:5.00e-04 0s
  >> Val MRR:0.0643 H@1:2.2% H@10:11.8% ** BEST **
  >> Val MRR:0.0643 (best:0.0643 p:1/30)
  E 30/300 Loss:5.696 lr:5.00e-04 0s
  >> Val MRR:0.0662 H@1:2.2% H@10:11.8% ** BEST **
  >> Val MRR:0.0663 H@1:2.0% H@10:12.0% ** BEST **
  E 40/300 Loss:5.432 lr:5.00e-04 0s
  >> Val MRR:0.0719 H@1:2.8% H@10:12.6% ** BEST **
  >> Val MRR:0.0755 H@1:3.2% H@10:12.8% ** BEST **
  E 50/300 Loss:5.198 lr:5.00e-04 0s
  >> Val MRR:0.0780 H@1:3.2% H@10:14.0% ** BEST **
  >> Val MRR:0.0810 H@1:3.2% H@10:14.8% ** BEST **
  E 60/300 Loss:4.993 lr:5.00e-04 0s
  >> Val MRR:0.0854 H@1:3.2% H@10:15.4% ** BEST **
  >> Val MRR:0.0901 H@1:3.2% H@10:16.6% ** BEST **
  E 70/300 Loss:4.809 lr:5.00e-04 0s
  >> Val MRR:0.1038 H@1:4.8% H@10:19.0% ** BEST **
  >> Val MRR:0.1124 H@1:5.0% H@10:21.4% ** BEST **
  E 80/300 Loss:4.617 lr:5.00e-04 0s
  >> Val MRR:0.1252 H@1:5.6% H@10:24.0% ** BEST **
  >> Val MRR:0.1430 H@1:6.6% H@10:26.4% ** BEST **
  E 90/300 Loss:4.459 lr:5.00e-04 0s
  >> Val MRR:0.1645 H@1:8.6% H@10:29.4% ** BEST **
  >> Val MRR:0.1888 H@1:10.6% H@10:33.4% ** BEST **
  E100/300 Loss:4.316 lr:5.00e-04 0s
  >> Val MRR:0.2133 H@1:12.6% H@10:36.4% ** BEST **
  >> Val MRR:0.2412 H@1:15.2% H@10:40.6% ** BEST **
  E110/300 Loss:4.207 lr:5.00e-04 0s
  >> Val MRR:0.2690 H@1:17.6% H@10:43.8% ** BEST **
  >> Val MRR:0.2976 H@1:20.4% H@10:49.2% ** BEST **
  E120/300 Loss:4.103 lr:5.00e-04 0s
  >> Val MRR:0.3186 H@1:21.6% H@10:51.8% ** BEST **
  >> Val MRR:0.3428 H@1:23.8% H@10:54.8% ** BEST **
  E130/300 Loss:4.037 lr:5.00e-04 0s
  >> Val MRR:0.3586 H@1:24.8% H@10:56.4% ** BEST **
  >> Val MRR:0.3811 H@1:27.6% H@10:59.6% ** BEST **
  E140/300 Loss:3.982 lr:5.00e-04 0s
  >> Val MRR:0.3994 H@1:29.0% H@10:61.6% ** BEST **
  >> Val MRR:0.4161 H@1:30.6% H@10:62.8% ** BEST **
  E150/300 Loss:3.937 lr:5.00e-04 0s
  >> Val MRR:0.4321 H@1:32.2% H@10:64.2% ** BEST **
  >> Val MRR:0.4454 H@1:33.2% H@10:66.0% ** BEST **
  E160/300 Loss:3.900 lr:5.00e-04 0s
  >> Val MRR:0.4548 H@1:33.8% H@10:67.8% ** BEST **
  >> Val MRR:0.4654 H@1:34.6% H@10:68.8% ** BEST **
  E170/300 Loss:3.871 lr:5.00e-04 0s
  >> Val MRR:0.4784 H@1:36.0% H@10:70.2% ** BEST **
  >> Val MRR:0.4881 H@1:36.6% H@10:71.4% ** BEST **
  E180/300 Loss:3.842 lr:1.50e-04 0s
  >> Val MRR:0.5033 H@1:38.4% H@10:72.8% ** BEST **
  >> Val MRR:0.5082 H@1:39.0% H@10:73.8% ** BEST **
  E190/300 Loss:3.833 lr:1.50e-04 0s
  >> Val MRR:0.5137 H@1:39.8% H@10:74.0% ** BEST **
  >> Val MRR:0.5148 H@1:39.8% H@10:74.2% ** BEST **
  E200/300 Loss:3.833 lr:1.50e-04 0s
  >> Val MRR:0.5180 H@1:40.2% H@10:74.6% ** BEST **
  >> Val MRR:0.5198 H@1:40.4% H@10:74.6% ** BEST **
  E210/300 Loss:3.828 lr:1.50e-04 0s
  >> Val MRR:0.5199 H@1:40.4% H@10:75.0% ** BEST **
  >> Val MRR:0.5207 H@1:40.4% H@10:75.2% ** BEST **
  E220/300 Loss:3.816 lr:1.50e-04 0s
  >> Val MRR:0.5234 H@1:40.8% H@10:75.4% ** BEST **
  >> Val MRR:0.5230 (best:0.5234 p:1/30)
  E230/300 Loss:3.813 lr:1.50e-04 0s
  >> Val MRR:0.5259 H@1:40.8% H@10:75.8% ** BEST **
  >> Val MRR:0.5274 H@1:40.8% H@10:76.0% ** BEST **
  E240/300 Loss:3.809 lr:4.50e-05 0s
  >> Val MRR:0.5271 (best:0.5274 p:1/30)
  >> Val MRR:0.5273 (best:0.5274 p:2/30)
  E250/300 Loss:3.810 lr:4.50e-05 0s
  >> Val MRR:0.5287 H@1:40.8% H@10:76.4% ** BEST **
  >> Val MRR:0.5286 (best:0.5287 p:1/30)
  E260/300 Loss:3.804 lr:4.50e-05 0s
  >> Val MRR:0.5306 H@1:41.0% H@10:76.4% ** BEST **
  >> Val MRR:0.5310 H@1:41.0% H@10:76.4% ** BEST **
  E270/300 Loss:3.806 lr:4.50e-05 0s
  >> Val MRR:0.5314 H@1:41.0% H@10:76.4% ** BEST **
  >> Val MRR:0.5335 H@1:41.4% H@10:76.4% ** BEST **
  E280/300 Loss:3.800 lr:4.50e-05 0s
  >> Val MRR:0.5343 H@1:41.4% H@10:76.6% ** BEST **
  >> Val MRR:0.5364 H@1:41.8% H@10:76.6% ** BEST **
  E290/300 Loss:3.804 lr:4.50e-05 0s
  >> Val MRR:0.5382 H@1:42.0% H@10:76.6% ** BEST **
  >> Val MRR:0.5387 H@1:42.0% H@10:76.4% ** BEST **
  E300/300 Loss:3.796 lr:4.50e-05 0s
  >> Val MRR:0.5391 H@1:42.0% H@10:76.4% ** BEST **
  Training done: 148s, best_val_MRR=0.5391
  Full test evaluation (661 triples)...

  FINAL TEST: MRR=0.5433 H@1=42.7% H@3=60.2% H@10=78.2%
  Saved: /home/shanxh/decoder/UMLS_d200_L0_ls0.3_ComplEx_seed42.json
=== UMLS/ComplEx@d200/L0/ls0.3/seed42 rc=0 in 153s ===
=== [20/81] UMLS/ComplEx@d200/L0/ls0.3/seed123 ===
Device: cuda, AMP: True
GPU: NVIDIA GeForce RTX 2080 Ti, 11.3 GB
======================================================================
CompGCN+DistMult | UMLS | seed=123
d_h=200 L=0 lr=0.0005 ls=0.3 epochs=300
======================================================================
  KG: 135 ent, 92 rel, 10432 edges
  Train/Val/Test: 5216/652/661
  Params: 45,800
  Training: epochs=300, lr=0.0005, batch=4096, ls=0.3
  Steps/epoch: 1
  E  1/300 Loss:6.927 lr:5.00e-04 1s
  >> Val MRR:0.0460 H@1:0.4% H@10:8.8% ** BEST **
  E 10/300 Loss:6.466 lr:5.00e-04 0s
  >> Val MRR:0.0461 H@1:0.4% H@10:9.2% ** BEST **
  >> Val MRR:0.0472 H@1:0.6% H@10:8.6% ** BEST **
  E 20/300 Loss:6.049 lr:5.00e-04 0s
  >> Val MRR:0.0485 H@1:0.8% H@10:9.6% ** BEST **
  >> Val MRR:0.0482 (best:0.0485 p:1/30)
  E 30/300 Loss:5.739 lr:5.00e-04 0s
  >> Val MRR:0.0477 (best:0.0485 p:2/30)
  >> Val MRR:0.0511 H@1:1.2% H@10:10.6% ** BEST **
  E 40/300 Loss:5.468 lr:5.00e-04 0s
  >> Val MRR:0.0533 H@1:1.4% H@10:10.8% ** BEST **
  >> Val MRR:0.0585 H@1:2.0% H@10:11.6% ** BEST **
  E 50/300 Loss:5.248 lr:5.00e-04 0s
  >> Val MRR:0.0610 H@1:2.0% H@10:12.0% ** BEST **
  >> Val MRR:0.0645 H@1:2.2% H@10:12.6% ** BEST **
  E 60/300 Loss:5.042 lr:5.00e-04 0s
  >> Val MRR:0.0721 H@1:3.0% H@10:13.0% ** BEST **
  >> Val MRR:0.0780 H@1:3.4% H@10:14.6% ** BEST **
  E 70/300 Loss:4.859 lr:5.00e-04 0s
  >> Val MRR:0.0867 H@1:4.2% H@10:16.0% ** BEST **
  >> Val MRR:0.0939 H@1:4.4% H@10:17.0% ** BEST **
  E 80/300 Loss:4.674 lr:5.00e-04 0s
  >> Val MRR:0.1076 H@1:5.2% H@10:20.4% ** BEST **
  >> Val MRR:0.1242 H@1:6.6% H@10:22.6% ** BEST **
  E 90/300 Loss:4.515 lr:5.00e-04 0s
  >> Val MRR:0.1383 H@1:7.6% H@10:25.2% ** BEST **
  >> Val MRR:0.1570 H@1:8.4% H@10:28.0% ** BEST **
  E100/300 Loss:4.365 lr:5.00e-04 0s
  >> Val MRR:0.1869 H@1:11.4% H@10:31.2% ** BEST **
  >> Val MRR:0.2077 H@1:12.8% H@10:34.6% ** BEST **
  E110/300 Loss:4.251 lr:5.00e-04 0s
  >> Val MRR:0.2338 H@1:14.6% H@10:39.0% ** BEST **
  >> Val MRR:0.2609 H@1:16.6% H@10:44.2% ** BEST **
  E120/300 Loss:4.145 lr:5.00e-04 0s
  >> Val MRR:0.2785 H@1:17.6% H@10:48.0% ** BEST **
  >> Val MRR:0.3090 H@1:20.4% H@10:51.6% ** BEST **
  E130/300 Loss:4.056 lr:5.00e-04 0s
  >> Val MRR:0.3338 H@1:22.6% H@10:54.8% ** BEST **
  >> Val MRR:0.3491 H@1:23.6% H@10:57.0% ** BEST **
  E140/300 Loss:3.992 lr:5.00e-04 0s
  >> Val MRR:0.3738 H@1:26.4% H@10:59.2% ** BEST **
  >> Val MRR:0.3954 H@1:28.8% H@10:60.4% ** BEST **
  E150/300 Loss:3.947 lr:5.00e-04 0s
  >> Val MRR:0.4139 H@1:30.4% H@10:62.2% ** BEST **
  >> Val MRR:0.4251 H@1:31.0% H@10:64.2% ** BEST **
  E160/300 Loss:3.915 lr:5.00e-04 0s
  >> Val MRR:0.4379 H@1:32.0% H@10:65.6% ** BEST **
  >> Val MRR:0.4556 H@1:34.2% H@10:67.4% ** BEST **
  E170/300 Loss:3.877 lr:5.00e-04 0s
  >> Val MRR:0.4717 H@1:36.4% H@10:68.8% ** BEST **
  >> Val MRR:0.4832 H@1:37.4% H@10:70.6% ** BEST **
  E180/300 Loss:3.844 lr:1.50e-04 0s
  >> Val MRR:0.4916 H@1:38.0% H@10:71.0% ** BEST **
  >> Val MRR:0.4934 H@1:38.2% H@10:71.2% ** BEST **
  E190/300 Loss:3.835 lr:1.50e-04 0s
  >> Val MRR:0.4953 H@1:38.2% H@10:71.4% ** BEST **
  >> Val MRR:0.4958 H@1:38.0% H@10:71.8% ** BEST **
  E200/300 Loss:3.836 lr:1.50e-04 0s
  >> Val MRR:0.4968 H@1:38.0% H@10:72.2% ** BEST **
  >> Val MRR:0.5017 H@1:38.6% H@10:72.6% ** BEST **
  E210/300 Loss:3.828 lr:1.50e-04 0s
  >> Val MRR:0.5088 H@1:39.4% H@10:72.8% ** BEST **
  >> Val MRR:0.5130 H@1:40.0% H@10:73.4% ** BEST **
  E220/300 Loss:3.825 lr:1.50e-04 0s
  >> Val MRR:0.5140 H@1:40.0% H@10:73.4% ** BEST **
  >> Val MRR:0.5144 H@1:39.8% H@10:73.4% ** BEST **
  E230/300 Loss:3.819 lr:1.50e-04 0s
  >> Val MRR:0.5167 H@1:40.0% H@10:73.6% ** BEST **
  >> Val MRR:0.5194 H@1:40.6% H@10:73.6% ** BEST **
  E240/300 Loss:3.816 lr:4.50e-05 0s
  >> Val MRR:0.5221 H@1:40.8% H@10:74.0% ** BEST **
  >> Val MRR:0.5228 H@1:40.8% H@10:74.0% ** BEST **
  E250/300 Loss:3.811 lr:4.50e-05 0s
  >> Val MRR:0.5230 H@1:40.8% H@10:74.0% ** BEST **
  >> Val MRR:0.5241 H@1:41.0% H@10:74.2% ** BEST **
  E260/300 Loss:3.807 lr:4.50e-05 0s
  >> Val MRR:0.5248 H@1:41.0% H@10:74.2% ** BEST **
  >> Val MRR:0.5249 H@1:41.0% H@10:74.2% ** BEST **
  E270/300 Loss:3.808 lr:4.50e-05 0s
  >> Val MRR:0.5262 H@1:41.2% H@10:74.0% ** BEST **
  >> Val MRR:0.5276 H@1:41.4% H@10:74.0% ** BEST **
  E280/300 Loss:3.812 lr:4.50e-05 0s
  >> Val MRR:0.5293 H@1:41.6% H@10:74.0% ** BEST **
  >> Val MRR:0.5304 H@1:41.6% H@10:74.0% ** BEST **
  E290/300 Loss:3.808 lr:4.50e-05 0s
  >> Val MRR:0.5307 H@1:41.6% H@10:74.4% ** BEST **
  >> Val MRR:0.5309 H@1:41.6% H@10:74.4% ** BEST **
  E300/300 Loss:3.801 lr:4.50e-05 0s
  >> Val MRR:0.5323 H@1:41.8% H@10:74.6% ** BEST **
  Training done: 148s, best_val_MRR=0.5323
  Full test evaluation (661 triples)...

  FINAL TEST: MRR=0.5557 H@1=43.4% H@3=62.6% H@10=79.0%
  Saved: /home/shanxh/decoder/UMLS_d200_L0_ls0.3_ComplEx_seed123.json
=== UMLS/ComplEx@d200/L0/ls0.3/seed123 rc=0 in 153s ===
=== [21/81] UMLS/ComplEx@d200/L0/ls0.3/seed456 ===
Device: cuda, AMP: True
GPU: NVIDIA GeForce RTX 2080 Ti, 11.3 GB
======================================================================
CompGCN+DistMult | UMLS | seed=456
d_h=200 L=0 lr=0.0005 ls=0.3 epochs=300
======================================================================
  KG: 135 ent, 92 rel, 10432 edges
  Train/Val/Test: 5216/652/661
  Params: 45,800
  Training: epochs=300, lr=0.0005, batch=4096, ls=0.3
  Steps/epoch: 1
  E  1/300 Loss:6.843 lr:5.00e-04 0s
  >> Val MRR:0.0575 H@1:1.4% H@10:11.6% ** BEST **
  E 10/300 Loss:6.371 lr:5.00e-04 0s
  >> Val MRR:0.0584 H@1:1.4% H@10:11.8% ** BEST **
  >> Val MRR:0.0590 H@1:1.4% H@10:12.0% ** BEST **
  E 20/300 Loss:6.000 lr:5.00e-04 0s
  >> Val MRR:0.0613 H@1:1.6% H@10:12.0% ** BEST **
  >> Val MRR:0.0637 H@1:1.8% H@10:11.8% ** BEST **
  E 30/300 Loss:5.669 lr:5.00e-04 0s
  >> Val MRR:0.0645 H@1:2.0% H@10:12.6% ** BEST **
  >> Val MRR:0.0655 H@1:2.0% H@10:12.4% ** BEST **
  E 40/300 Loss:5.414 lr:5.00e-04 0s
  >> Val MRR:0.0676 H@1:2.0% H@10:12.8% ** BEST **
  >> Val MRR:0.0694 H@1:2.2% H@10:13.4% ** BEST **
  E 50/300 Loss:5.184 lr:5.00e-04 0s
  >> Val MRR:0.0722 H@1:2.2% H@10:14.8% ** BEST **
  >> Val MRR:0.0776 H@1:2.4% H@10:15.4% ** BEST **
  E 60/300 Loss:4.979 lr:5.00e-04 0s
  >> Val MRR:0.0831 H@1:2.6% H@10:16.0% ** BEST **
  >> Val MRR:0.0943 H@1:3.8% H@10:16.2% ** BEST **
  E 70/300 Loss:4.787 lr:5.00e-04 0s
  >> Val MRR:0.1051 H@1:4.8% H@10:18.6% ** BEST **
  >> Val MRR:0.1138 H@1:5.4% H@10:19.6% ** BEST **
  E 80/300 Loss:4.620 lr:5.00e-04 0s
  >> Val MRR:0.1305 H@1:6.8% H@10:21.8% ** BEST **
  >> Val MRR:0.1411 H@1:7.2% H@10:25.4% ** BEST **
  E 90/300 Loss:4.453 lr:5.00e-04 0s
  >> Val MRR:0.1606 H@1:9.0% H@10:28.8% ** BEST **
  >> Val MRR:0.1808 H@1:10.2% H@10:33.2% ** BEST **
  E100/300 Loss:4.304 lr:5.00e-04 0s
  >> Val MRR:0.2022 H@1:11.8% H@10:36.2% ** BEST **
  >> Val MRR:0.2304 H@1:14.2% H@10:41.2% ** BEST **
  E110/300 Loss:4.193 lr:5.00e-04 0s
  >> Val MRR:0.2607 H@1:16.6% H@10:45.4% ** BEST **
  >> Val MRR:0.2900 H@1:19.0% H@10:47.8% ** BEST **
  E120/300 Loss:4.100 lr:5.00e-04 0s
  >> Val MRR:0.3154 H@1:21.6% H@10:50.6% ** BEST **
  >> Val MRR:0.3425 H@1:24.2% H@10:52.2% ** BEST **
  E130/300 Loss:4.027 lr:5.00e-04 0s
  >> Val MRR:0.3645 H@1:26.4% H@10:56.0% ** BEST **
  >> Val MRR:0.3871 H@1:28.6% H@10:59.4% ** BEST **
  E140/300 Loss:3.976 lr:5.00e-04 0s
  >> Val MRR:0.4001 H@1:29.2% H@10:61.8% ** BEST **
  >> Val MRR:0.4170 H@1:30.8% H@10:64.8% ** BEST **
  E150/300 Loss:3.918 lr:5.00e-04 0s
  >> Val MRR:0.4360 H@1:32.6% H@10:67.0% ** BEST **
  >> Val MRR:0.4505 H@1:33.8% H@10:69.4% ** BEST **
  E160/300 Loss:3.888 lr:5.00e-04 0s
  >> Val MRR:0.4606 H@1:34.6% H@10:70.6% ** BEST **
  >> Val MRR:0.4752 H@1:36.2% H@10:71.4% ** BEST **
  E170/300 Loss:3.862 lr:5.00e-04 0s
  >> Val MRR:0.4883 H@1:37.4% H@10:71.8% ** BEST **
  >> Val MRR:0.4976 H@1:38.0% H@10:72.4% ** BEST **
  E180/300 Loss:3.836 lr:1.50e-04 0s
  >> Val MRR:0.5153 H@1:40.2% H@10:73.8% ** BEST **
  >> Val MRR:0.5195 H@1:40.4% H@10:74.2% ** BEST **
  E190/300 Loss:3.828 lr:1.50e-04 0s
  >> Val MRR:0.5233 H@1:40.6% H@10:74.4% ** BEST **
  >> Val MRR:0.5256 H@1:40.8% H@10:74.2% ** BEST **
  E200/300 Loss:3.823 lr:1.50e-04 0s
  >> Val MRR:0.5282 H@1:40.8% H@10:74.4% ** BEST **
  >> Val MRR:0.5327 H@1:41.6% H@10:74.8% ** BEST **
  E210/300 Loss:3.817 lr:1.50e-04 0s
  >> Val MRR:0.5354 H@1:42.0% H@10:75.4% ** BEST **
  >> Val MRR:0.5377 H@1:42.2% H@10:75.4% ** BEST **
  E220/300 Loss:3.815 lr:1.50e-04 0s
  >> Val MRR:0.5419 H@1:42.8% H@10:75.4% ** BEST **
  >> Val MRR:0.5441 H@1:43.0% H@10:75.6% ** BEST **
  E230/300 Loss:3.811 lr:1.50e-04 0s
  >> Val MRR:0.5492 H@1:43.8% H@10:75.6% ** BEST **
  >> Val MRR:0.5549 H@1:44.6% H@10:75.6% ** BEST **
  E240/300 Loss:3.805 lr:4.50e-05 0s
  >> Val MRR:0.5573 H@1:44.8% H@10:76.2% ** BEST **
  >> Val MRR:0.5578 H@1:44.8% H@10:76.2% ** BEST **
  E250/300 Loss:3.801 lr:4.50e-05 0s
  >> Val MRR:0.5589 H@1:45.0% H@10:76.2% ** BEST **
  >> Val MRR:0.5616 H@1:45.4% H@10:76.2% ** BEST **
  E260/300 Loss:3.804 lr:4.50e-05 0s
  >> Val MRR:0.5618 H@1:45.4% H@10:76.2% ** BEST **
  >> Val MRR:0.5632 H@1:45.6% H@10:76.4% ** BEST **
  E270/300 Loss:3.803 lr:4.50e-05 0s
  >> Val MRR:0.5636 H@1:45.6% H@10:76.4% ** BEST **
  >> Val MRR:0.5649 H@1:45.8% H@10:76.4% ** BEST **
  E280/300 Loss:3.794 lr:4.50e-05 0s
  >> Val MRR:0.5661 H@1:46.0% H@10:76.4% ** BEST **
  >> Val MRR:0.5674 H@1:46.2% H@10:76.6% ** BEST **
  E290/300 Loss:3.797 lr:4.50e-05 0s
  >> Val MRR:0.5679 H@1:46.2% H@10:76.6% ** BEST **
  >> Val MRR:0.5683 H@1:46.2% H@10:76.6% ** BEST **
  E300/300 Loss:3.803 lr:4.50e-05 0s
  >> Val MRR:0.5700 H@1:46.4% H@10:76.6% ** BEST **
  Training done: 148s, best_val_MRR=0.5700
  Full test evaluation (661 triples)...

  FINAL TEST: MRR=0.5506 H@1=43.4% H@3=60.5% H@10=76.7%
  Saved: /home/shanxh/decoder/UMLS_d200_L0_ls0.3_ComplEx_seed456.json
=== UMLS/ComplEx@d200/L0/ls0.3/seed456 rc=0 in 154s ===
=== [22/81] UMLS/ComplEx@d200/L3/ls0.3/seed42 ===
Device: cuda, AMP: True
GPU: NVIDIA GeForce RTX 2080 Ti, 11.3 GB
======================================================================
CompGCN+DistMult | UMLS | seed=42
d_h=200 L=3 lr=0.0005 ls=0.3 epochs=300
======================================================================
  KG: 135 ent, 92 rel, 10432 edges
  Train/Val/Test: 5216/652/661
  Params: 342,800
  Training: epochs=300, lr=0.0005, batch=4096, ls=0.3
  Steps/epoch: 1
  E  1/300 Loss:6.951 lr:5.00e-04 1s
  >> Val MRR:0.0441 H@1:0.4% H@10:10.6% ** BEST **
  E 10/300 Loss:6.517 lr:5.00e-04 0s
  >> Val MRR:0.0449 H@1:0.8% H@10:9.0% ** BEST **
  >> Val MRR:0.0429 (best:0.0449 p:1/30)
  E 20/300 Loss:6.066 lr:5.00e-04 0s
  >> Val MRR:0.0449 H@1:0.6% H@10:8.6% ** BEST **
  >> Val MRR:0.0508 H@1:1.0% H@10:9.2% ** BEST **
  E 30/300 Loss:5.771 lr:5.00e-04 0s
  >> Val MRR:0.0537 H@1:0.6% H@10:13.0% ** BEST **
  >> Val MRR:0.0733 H@1:1.4% H@10:14.8% ** BEST **
  E 40/300 Loss:5.416 lr:5.00e-04 0s
  >> Val MRR:0.1082 H@1:4.2% H@10:22.6% ** BEST **
  >> Val MRR:0.1514 H@1:6.4% H@10:31.8% ** BEST **
  E 50/300 Loss:5.146 lr:5.00e-04 0s
  >> Val MRR:0.2265 H@1:12.8% H@10:41.8% ** BEST **
  >> Val MRR:0.2972 H@1:17.6% H@10:54.2% ** BEST **
  E 60/300 Loss:4.921 lr:5.00e-04 0s
  >> Val MRR:0.3723 H@1:24.6% H@10:63.4% ** BEST **
  >> Val MRR:0.4370 H@1:30.6% H@10:69.2% ** BEST **
  E 70/300 Loss:4.724 lr:5.00e-04 0s
  >> Val MRR:0.4865 H@1:35.2% H@10:74.2% ** BEST **
  >> Val MRR:0.5281 H@1:39.4% H@10:77.2% ** BEST **
  E 80/300 Loss:4.602 lr:5.00e-04 0s
  >> Val MRR:0.5745 H@1:45.0% H@10:80.0% ** BEST **
  >> Val MRR:0.6024 H@1:47.6% H@10:83.2% ** BEST **
  E 90/300 Loss:4.529 lr:5.00e-04 0s
  >> Val MRR:0.6299 H@1:50.2% H@10:85.6% ** BEST **
  >> Val MRR:0.6645 H@1:54.4% H@10:86.8% ** BEST **
  E100/300 Loss:4.437 lr:5.00e-04 0s
  >> Val MRR:0.6937 H@1:58.4% H@10:88.6% ** BEST **
  >> Val MRR:0.7135 H@1:61.0% H@10:89.6% ** BEST **
  E110/300 Loss:4.358 lr:5.00e-04 0s
  >> Val MRR:0.7334 H@1:63.2% H@10:90.2% ** BEST **
  >> Val MRR:0.7534 H@1:65.8% H@10:90.8% ** BEST **
  E120/300 Loss:4.318 lr:5.00e-04 0s
  >> Val MRR:0.7643 H@1:67.0% H@10:90.8% ** BEST **
  >> Val MRR:0.7717 H@1:67.6% H@10:91.4% ** BEST **
  E130/300 Loss:4.236 lr:5.00e-04 0s
  >> Val MRR:0.7798 H@1:68.8% H@10:91.8% ** BEST **
  >> Val MRR:0.7904 H@1:70.2% H@10:92.4% ** BEST **
  E140/300 Loss:4.252 lr:5.00e-04 0s
  >> Val MRR:0.7965 H@1:70.6% H@10:93.2% ** BEST **
  >> Val MRR:0.8048 H@1:71.4% H@10:93.0% ** BEST **
  E150/300 Loss:4.204 lr:5.00e-04 0s
  >> Val MRR:0.8102 H@1:72.4% H@10:93.0% ** BEST **
  >> Val MRR:0.8236 H@1:74.6% H@10:93.2% ** BEST **
  E160/300 Loss:4.127 lr:5.00e-04 0s
  >> Val MRR:0.8302 H@1:75.4% H@10:93.4% ** BEST **
  >> Val MRR:0.8341 H@1:76.0% H@10:93.4% ** BEST **
  E170/300 Loss:4.121 lr:5.00e-04 0s
  >> Val MRR:0.8367 H@1:76.0% H@10:93.8% ** BEST **
  >> Val MRR:0.8399 H@1:76.4% H@10:94.2% ** BEST **
  E180/300 Loss:4.105 lr:1.50e-04 0s
  >> Val MRR:0.8485 H@1:77.8% H@10:94.6% ** BEST **
  >> Val MRR:0.8538 H@1:78.8% H@10:94.6% ** BEST **
  E190/300 Loss:4.088 lr:1.50e-04 0s
  >> Val MRR:0.8564 H@1:79.2% H@10:94.8% ** BEST **
  >> Val MRR:0.8518 (best:0.8564 p:1/30)
  E200/300 Loss:4.078 lr:1.50e-04 0s
  >> Val MRR:0.8533 (best:0.8564 p:2/30)
  >> Val MRR:0.8530 (best:0.8564 p:3/30)
  E210/300 Loss:4.071 lr:1.50e-04 0s
  E220/300 Loss:4.076 lr:1.50e-04 0s
  E230/300 Loss:4.050 lr:1.50e-04 0s
  E240/300 Loss:4.043 lr:4.50e-05 0s
  >> Val MRR:0.8595 H@1:78.8% H@10:95.2% ** BEST **
  >> Val MRR:0.8574 (best:0.8595 p:1/30)
  E250/300 Loss:4.074 lr:4.50e-05 0s
  >> Val MRR:0.8577 (best:0.8595 p:2/30)
  >> Val MRR:0.8563 (best:0.8595 p:3/30)
  E260/300 Loss:4.049 lr:4.50e-05 0s
  E270/300 Loss:4.041 lr:4.50e-05 0s
  E280/300 Loss:4.028 lr:4.50e-05 0s
  >> Val MRR:0.8601 H@1:78.6% H@10:95.2% ** BEST **
  >> Val MRR:0.8609 H@1:78.8% H@10:95.4% ** BEST **
  E290/300 Loss:4.046 lr:4.50e-05 0s
  >> Val MRR:0.8609 (best:0.8609 p:1/30)
  >> Val MRR:0.8599 (best:0.8609 p:2/30)
  E300/300 Loss:4.032 lr:4.50e-05 0s
  >> Val MRR:0.8611 H@1:78.8% H@10:95.4% ** BEST **
  Training done: 149s, best_val_MRR=0.8611
  Full test evaluation (661 triples)...

  FINAL TEST: MRR=0.8448 H@1=75.2% H@3=93.8% H@10=96.1%
  Saved: /home/shanxh/decoder/UMLS_d200_L3_ls0.3_ComplEx_seed42.json
=== UMLS/ComplEx@d200/L3/ls0.3/seed42 rc=0 in 155s ===
=== [23/81] UMLS/ComplEx@d200/L3/ls0.3/seed123 ===
Device: cuda, AMP: True
GPU: NVIDIA GeForce RTX 2080 Ti, 11.3 GB
======================================================================
CompGCN+DistMult | UMLS | seed=123
d_h=200 L=3 lr=0.0005 ls=0.3 epochs=300
======================================================================
  KG: 135 ent, 92 rel, 10432 edges
  Train/Val/Test: 5216/652/661
  Params: 342,800
  Training: epochs=300, lr=0.0005, batch=4096, ls=0.3
  Steps/epoch: 1
  E  1/300 Loss:6.961 lr:5.00e-04 1s
  >> Val MRR:0.0402 H@1:0.4% H@10:7.8% ** BEST **
  E 10/300 Loss:6.523 lr:5.00e-04 0s
  >> Val MRR:0.0426 H@1:0.6% H@10:7.8% ** BEST **
  >> Val MRR:0.0411 (best:0.0426 p:1/30)
  E 20/300 Loss:6.109 lr:5.00e-04 0s
  >> Val MRR:0.0416 (best:0.0426 p:2/30)
  >> Val MRR:0.0389 (best:0.0426 p:3/30)
  E 30/300 Loss:5.771 lr:5.00e-04 0s
  >> Val MRR:0.0502 H@1:0.8% H@10:9.6% ** BEST **
  E 40/300 Loss:5.431 lr:5.00e-04 0s
  >> Val MRR:0.0721 H@1:2.2% H@10:14.8% ** BEST **
  >> Val MRR:0.1034 H@1:3.2% H@10:23.4% ** BEST **
  E 50/300 Loss:5.177 lr:5.00e-04 0s
  >> Val MRR:0.1558 H@1:6.4% H@10:31.8% ** BEST **
  >> Val MRR:0.2304 H@1:13.0% H@10:43.4% ** BEST **
  E 60/300 Loss:4.921 lr:5.00e-04 0s
  >> Val MRR:0.3051 H@1:19.2% H@10:54.0% ** BEST **
  >> Val MRR:0.3727 H@1:24.4% H@10:64.0% ** BEST **
  E 70/300 Loss:4.770 lr:5.00e-04 0s
  >> Val MRR:0.4342 H@1:29.6% H@10:70.8% ** BEST **
  >> Val MRR:0.4924 H@1:34.8% H@10:74.8% ** BEST **
  E 80/300 Loss:4.631 lr:5.00e-04 0s
  >> Val MRR:0.5470 H@1:41.4% H@10:77.8% ** BEST **
  >> Val MRR:0.5852 H@1:46.0% H@10:81.2% ** BEST **
  E 90/300 Loss:4.530 lr:5.00e-04 0s
  >> Val MRR:0.6198 H@1:50.4% H@10:82.4% ** BEST **
  >> Val MRR:0.6547 H@1:54.6% H@10:85.2% ** BEST **
  E100/300 Loss:4.424 lr:5.00e-04 0s
  >> Val MRR:0.6728 H@1:56.2% H@10:86.6% ** BEST **
  >> Val MRR:0.6924 H@1:58.6% H@10:88.0% ** BEST **
  E110/300 Loss:4.341 lr:5.00e-04 0s
  >> Val MRR:0.7120 H@1:60.4% H@10:88.6% ** BEST **
  >> Val MRR:0.7342 H@1:63.6% H@10:89.4% ** BEST **
  E120/300 Loss:4.308 lr:5.00e-04 0s
  >> Val MRR:0.7522 H@1:66.2% H@10:89.8% ** BEST **
  >> Val MRR:0.7634 H@1:67.8% H@10:91.0% ** BEST **
  E130/300 Loss:4.261 lr:5.00e-04 0s
  >> Val MRR:0.7706 H@1:68.2% H@10:92.0% ** BEST **
  >> Val MRR:0.7771 H@1:68.8% H@10:93.2% ** BEST **
  E140/300 Loss:4.216 lr:5.00e-04 0s
  >> Val MRR:0.7907 H@1:70.4% H@10:93.8% ** BEST **
  >> Val MRR:0.8061 H@1:72.4% H@10:94.4% ** BEST **
  E150/300 Loss:4.173 lr:5.00e-04 0s
  >> Val MRR:0.8103 H@1:72.4% H@10:94.8% ** BEST **
  >> Val MRR:0.8213 H@1:73.6% H@10:95.0% ** BEST **
  E160/300 Loss:4.141 lr:5.00e-04 0s
  >> Val MRR:0.8301 H@1:74.8% H@10:95.2% ** BEST **
  >> Val MRR:0.8405 H@1:76.6% H@10:95.0% ** BEST **
  E170/300 Loss:4.121 lr:5.00e-04 0s
  >> Val MRR:0.8412 H@1:76.6% H@10:95.4% ** BEST **
  >> Val MRR:0.8432 H@1:76.8% H@10:95.4% ** BEST **
  E180/300 Loss:4.084 lr:1.50e-04 0s
  >> Val MRR:0.8471 H@1:77.0% H@10:95.6% ** BEST **
  >> Val MRR:0.8465 (best:0.8471 p:1/30)
  E190/300 Loss:4.076 lr:1.50e-04 0s
  >> Val MRR:0.8478 H@1:77.0% H@10:95.8% ** BEST **
  >> Val MRR:0.8480 H@1:77.0% H@10:95.8% ** BEST **
  E200/300 Loss:4.070 lr:1.50e-04 0s
  >> Val MRR:0.8492 H@1:77.0% H@10:95.8% ** BEST **
  >> Val MRR:0.8529 H@1:77.6% H@10:95.8% ** BEST **
  E210/300 Loss:4.063 lr:1.50e-04 0s
  >> Val MRR:0.8552 H@1:77.8% H@10:95.8% ** BEST **
  >> Val MRR:0.8552 (best:0.8552 p:1/30)
  E220/300 Loss:4.046 lr:1.50e-04 0s
  >> Val MRR:0.8560 H@1:77.8% H@10:96.0% ** BEST **
  >> Val MRR:0.8601 H@1:78.6% H@10:96.0% ** BEST **
  E230/300 Loss:4.051 lr:1.50e-04 0s
  >> Val MRR:0.8619 H@1:78.8% H@10:96.2% ** BEST **
  >> Val MRR:0.8619 (best:0.8619 p:1/30)
  E240/300 Loss:4.050 lr:4.50e-05 0s
  >> Val MRR:0.8668 H@1:79.6% H@10:96.4% ** BEST **
  >> Val MRR:0.8669 H@1:79.6% H@10:96.2% ** BEST **
  E250/300 Loss:4.040 lr:4.50e-05 0s
  >> Val MRR:0.8669 H@1:79.6% H@10:96.2% ** BEST **
  >> Val MRR:0.8669 (best:0.8669 p:1/30)
  E260/300 Loss:4.040 lr:4.50e-05 0s
  >> Val MRR:0.8655 (best:0.8669 p:2/30)
  >> Val MRR:0.8674 H@1:79.6% H@10:96.4% ** BEST **
  E270/300 Loss:4.024 lr:4.50e-05 0s
  >> Val MRR:0.8659 (best:0.8674 p:1/30)
  >> Val MRR:0.8676 H@1:79.4% H@10:96.6% ** BEST **
  E280/300 Loss:4.033 lr:4.50e-05 0s
  >> Val MRR:0.8665 (best:0.8676 p:1/30)
  >> Val MRR:0.8657 (best:0.8676 p:2/30)
  E290/300 Loss:4.003 lr:4.50e-05 0s
  >> Val MRR:0.8657 (best:0.8676 p:3/30)
  E300/300 Loss:4.022 lr:4.50e-05 0s
  Training done: 151s, best_val_MRR=0.8676
  Full test evaluation (661 triples)...

  FINAL TEST: MRR=0.8572 H@1=76.9% H@3=93.8% H@10=97.4%
  Saved: /home/shanxh/decoder/UMLS_d200_L3_ls0.3_ComplEx_seed123.json
=== UMLS/ComplEx@d200/L3/ls0.3/seed123 rc=0 in 156s ===
=== [24/81] UMLS/ComplEx@d200/L3/ls0.3/seed456 ===
Device: cuda, AMP: True
GPU: NVIDIA GeForce RTX 2080 Ti, 11.3 GB
======================================================================
CompGCN+DistMult | UMLS | seed=456
d_h=200 L=3 lr=0.0005 ls=0.3 epochs=300
======================================================================
  KG: 135 ent, 92 rel, 10432 edges
  Train/Val/Test: 5216/652/661
  Params: 342,800
  Training: epochs=300, lr=0.0005, batch=4096, ls=0.3
  Steps/epoch: 1
  E  1/300 Loss:6.857 lr:5.00e-04 1s
  >> Val MRR:0.0401 H@1:0.4% H@10:7.2% ** BEST **
  E 10/300 Loss:6.431 lr:5.00e-04 0s
  >> Val MRR:0.0388 (best:0.0401 p:1/30)
  >> Val MRR:0.0399 (best:0.0401 p:2/30)
  E 20/300 Loss:6.068 lr:5.00e-04 0s
  >> Val MRR:0.0451 H@1:0.8% H@10:8.4% ** BEST **
  >> Val MRR:0.0481 H@1:1.2% H@10:9.0% ** BEST **
  E 30/300 Loss:5.723 lr:5.00e-04 0s
  >> Val MRR:0.0494 H@1:1.0% H@10:9.8% ** BEST **
  >> Val MRR:0.0609 H@1:1.8% H@10:12.0% ** BEST **
  E 40/300 Loss:5.373 lr:5.00e-04 0s
  >> Val MRR:0.0717 H@1:1.8% H@10:16.8% ** BEST **
  >> Val MRR:0.1078 H@1:4.0% H@10:23.2% ** BEST **
  E 50/300 Loss:5.098 lr:5.00e-04 0s
  >> Val MRR:0.1650 H@1:7.4% H@10:35.0% ** BEST **
  >> Val MRR:0.2631 H@1:15.6% H@10:48.2% ** BEST **
  E 60/300 Loss:4.859 lr:5.00e-04 0s
  >> Val MRR:0.3629 H@1:24.6% H@10:59.8% ** BEST **
  >> Val MRR:0.4386 H@1:30.6% H@10:69.2% ** BEST **
  E 70/300 Loss:4.714 lr:5.00e-04 0s
  >> Val MRR:0.5082 H@1:37.4% H@10:76.0% ** BEST **
  >> Val MRR:0.5607 H@1:42.6% H@10:82.0% ** BEST **
  E 80/300 Loss:4.585 lr:5.00e-04 0s
  >> Val MRR:0.6112 H@1:48.6% H@10:84.8% ** BEST **
  >> Val MRR:0.6392 H@1:51.2% H@10:86.2% ** BEST **
  E 90/300 Loss:4.454 lr:5.00e-04 0s
  >> Val MRR:0.6665 H@1:54.8% H@10:87.0% ** BEST **
  >> Val MRR:0.6925 H@1:58.0% H@10:88.4% ** BEST **
  E100/300 Loss:4.388 lr:5.00e-04 0s
  >> Val MRR:0.7068 H@1:59.6% H@10:88.4% ** BEST **
  >> Val MRR:0.7235 H@1:61.8% H@10:89.6% ** BEST **
  E110/300 Loss:4.333 lr:5.00e-04 0s
  >> Val MRR:0.7339 H@1:62.8% H@10:90.4% ** BEST **
  >> Val MRR:0.7415 H@1:63.4% H@10:90.6% ** BEST **
  E120/300 Loss:4.309 lr:5.00e-04 0s
  >> Val MRR:0.7570 H@1:65.4% H@10:90.8% ** BEST **
  >> Val MRR:0.7632 H@1:65.8% H@10:91.0% ** BEST **
  E130/300 Loss:4.256 lr:5.00e-04 0s
  >> Val MRR:0.7787 H@1:68.2% H@10:91.2% ** BEST **
  >> Val MRR:0.7900 H@1:69.8% H@10:91.2% ** BEST **
  E140/300 Loss:4.230 lr:5.00e-04 0s
  >> Val MRR:0.7947 H@1:70.4% H@10:91.8% ** BEST **
  >> Val MRR:0.8002 H@1:71.0% H@10:92.2% ** BEST **
  E150/300 Loss:4.174 lr:5.00e-04 0s
  >> Val MRR:0.8159 H@1:73.6% H@10:92.4% ** BEST **
  >> Val MRR:0.8144 (best:0.8159 p:1/30)
  E160/300 Loss:4.118 lr:5.00e-04 0s
  >> Val MRR:0.8116 (best:0.8159 p:2/30)
  >> Val MRR:0.8095 (best:0.8159 p:3/30)
  E170/300 Loss:4.132 lr:5.00e-04 0s
  >> Val MRR:0.8176 H@1:73.0% H@10:93.2% ** BEST **
  >> Val MRR:0.8242 H@1:74.2% H@10:93.0% ** BEST **
  E180/300 Loss:4.096 lr:1.50e-04 0s
  >> Val MRR:0.8299 H@1:75.0% H@10:93.4% ** BEST **
  >> Val MRR:0.8315 H@1:75.2% H@10:93.6% ** BEST **
  E190/300 Loss:4.077 lr:1.50e-04 0s
  >> Val MRR:0.8316 H@1:75.2% H@10:93.6% ** BEST **
  >> Val MRR:0.8326 H@1:75.2% H@10:93.8% ** BEST **
  E200/300 Loss:4.096 lr:1.50e-04 0s
  >> Val MRR:0.8366 H@1:75.8% H@10:94.0% ** BEST **
  >> Val MRR:0.8392 H@1:76.2% H@10:94.0% ** BEST **
  E210/300 Loss:4.072 lr:1.50e-04 0s
  >> Val MRR:0.8395 H@1:76.2% H@10:94.0% ** BEST **
  >> Val MRR:0.8390 (best:0.8395 p:1/30)
  E220/300 Loss:4.061 lr:1.50e-04 0s
  >> Val MRR:0.8361 (best:0.8395 p:2/30)
  >> Val MRR:0.8380 (best:0.8395 p:3/30)
  E230/300 Loss:4.058 lr:1.50e-04 0s
  >> Val MRR:0.8396 H@1:76.0% H@10:94.6% ** BEST **
  E240/300 Loss:4.041 lr:4.50e-05 0s
  >> Val MRR:0.8402 H@1:76.0% H@10:94.8% ** BEST **
  >> Val MRR:0.8413 H@1:76.2% H@10:94.8% ** BEST **
  E250/300 Loss:4.042 lr:4.50e-05 0s
  >> Val MRR:0.8404 (best:0.8413 p:1/30)
  >> Val MRR:0.8418 H@1:76.2% H@10:94.8% ** BEST **
  E260/300 Loss:4.040 lr:4.50e-05 0s
  >> Val MRR:0.8417 (best:0.8418 p:1/30)
  >> Val MRR:0.8419 H@1:76.2% H@10:94.8% ** BEST **
  E270/300 Loss:4.022 lr:4.50e-05 0s
  >> Val MRR:0.8397 (best:0.8419 p:1/30)
  >> Val MRR:0.8418 (best:0.8419 p:2/30)
  E280/300 Loss:4.029 lr:4.50e-05 0s
  >> Val MRR:0.8408 (best:0.8419 p:3/30)
  E290/300 Loss:4.050 lr:4.50e-05 0s
  >> Val MRR:0.8423 H@1:76.2% H@10:95.0% ** BEST **
  E300/300 Loss:4.016 lr:4.50e-05 0s
  >> Val MRR:0.8413 (best:0.8423 p:1/30)
  Training done: 152s, best_val_MRR=0.8423
  Full test evaluation (661 triples)...

  FINAL TEST: MRR=0.8379 H@1=75.0% H@3=91.2% H@10=95.5%
  Saved: /home/shanxh/decoder/UMLS_d200_L3_ls0.3_ComplEx_seed456.json
=== UMLS/ComplEx@d200/L3/ls0.3/seed456 rc=0 in 158s ===
=== [25/81] Kinship/DistMult@d200/L0/ls0.3/seed42 ===
Device: cuda, AMP: True
GPU: NVIDIA GeForce RTX 2080 Ti, 11.3 GB
======================================================================
CompGCN+DistMult | Kinship | seed=42
d_h=200 L=0 lr=0.0005 ls=0.3 epochs=300
======================================================================
  KG: 104 ent, 50 rel, 17088 edges
  Train/Val/Test: 8544/1068/1074
  Params: 31,200
  Training: epochs=300, lr=0.0005, batch=4096, ls=0.3
  Steps/epoch: 2
  E  1/300 Loss:5.435 lr:5.00e-04 0s
  >> Val MRR:0.0547 H@1:1.2% H@10:10.6% ** BEST **
  E 10/300 Loss:5.124 lr:5.00e-04 0s
  >> Val MRR:0.0526 (best:0.0547 p:1/30)
  >> Val MRR:0.0531 (best:0.0547 p:2/30)
  E 20/300 Loss:4.878 lr:5.00e-04 0s
  >> Val MRR:0.0554 H@1:0.6% H@10:11.4% ** BEST **
  >> Val MRR:0.0585 H@1:0.6% H@10:13.4% ** BEST **
  E 30/300 Loss:4.686 lr:5.00e-04 0s
  >> Val MRR:0.0651 H@1:1.0% H@10:15.2% ** BEST **
  >> Val MRR:0.0760 H@1:1.4% H@10:15.8% ** BEST **
  E 40/300 Loss:4.500 lr:5.00e-04 0s
  >> Val MRR:0.0925 H@1:2.4% H@10:20.2% ** BEST **
  >> Val MRR:0.1154 H@1:4.0% H@10:26.0% ** BEST **
  E 50/300 Loss:4.307 lr:5.00e-04 0s
  >> Val MRR:0.1409 H@1:5.0% H@10:33.0% ** BEST **
  >> Val MRR:0.1769 H@1:7.0% H@10:41.8% ** BEST **
  E 60/300 Loss:4.113 lr:5.00e-04 0s
  >> Val MRR:0.2180 H@1:9.8% H@10:49.0% ** BEST **
  >> Val MRR:0.2581 H@1:13.2% H@10:53.8% ** BEST **
  E 70/300 Loss:3.969 lr:5.00e-04 0s
  >> Val MRR:0.2865 H@1:15.0% H@10:60.2% ** BEST **
  >> Val MRR:0.3117 H@1:16.6% H@10:65.6% ** BEST **
  E 80/300 Loss:3.871 lr:5.00e-04 0s
  >> Val MRR:0.3318 H@1:18.0% H@10:68.8% ** BEST **
  >> Val MRR:0.3554 H@1:19.8% H@10:71.0% ** BEST **
  E 90/300 Loss:3.798 lr:5.00e-04 0s
  >> Val MRR:0.3762 H@1:21.2% H@10:74.2% ** BEST **
  >> Val MRR:0.4055 H@1:25.0% H@10:76.0% ** BEST **
  E100/300 Loss:3.750 lr:5.00e-04 0s
  >> Val MRR:0.4115 H@1:24.8% H@10:77.6% ** BEST **
  >> Val MRR:0.4252 H@1:26.0% H@10:78.8% ** BEST **
  E110/300 Loss:3.708 lr:5.00e-04 0s
  >> Val MRR:0.4437 H@1:28.0% H@10:80.0% ** BEST **
  >> Val MRR:0.4595 H@1:30.0% H@10:81.2% ** BEST **
  E120/300 Loss:3.673 lr:5.00e-04 0s
  >> Val MRR:0.4719 H@1:31.2% H@10:82.2% ** BEST **
  >> Val MRR:0.4882 H@1:33.4% H@10:83.6% ** BEST **
  E130/300 Loss:3.645 lr:5.00e-04 0s
  >> Val MRR:0.4998 H@1:34.8% H@10:85.0% ** BEST **
  >> Val MRR:0.5095 H@1:36.4% H@10:85.4% ** BEST **
  E140/300 Loss:3.623 lr:5.00e-04 0s
  >> Val MRR:0.5158 H@1:37.2% H@10:86.2% ** BEST **
  >> Val MRR:0.5214 H@1:37.8% H@10:86.6% ** BEST **
  E150/300 Loss:3.602 lr:5.00e-04 0s
  >> Val MRR:0.5264 H@1:38.2% H@10:87.0% ** BEST **
  >> Val MRR:0.5314 H@1:38.6% H@10:87.6% ** BEST **
  E160/300 Loss:3.586 lr:5.00e-04 0s
  >> Val MRR:0.5377 H@1:39.8% H@10:88.4% ** BEST **
  >> Val MRR:0.5424 H@1:40.0% H@10:87.8% ** BEST **
  E170/300 Loss:3.575 lr:5.00e-04 0s
  >> Val MRR:0.5482 H@1:40.6% H@10:87.8% ** BEST **
  >> Val MRR:0.5495 H@1:40.8% H@10:88.4% ** BEST **
  E180/300 Loss:3.562 lr:1.50e-04 0s
  >> Val MRR:0.5531 H@1:41.4% H@10:88.6% ** BEST **
  >> Val MRR:0.5532 H@1:41.4% H@10:88.6% ** BEST **
  E190/300 Loss:3.558 lr:1.50e-04 0s
  >> Val MRR:0.5524 (best:0.5532 p:1/30)
  >> Val MRR:0.5528 (best:0.5532 p:2/30)
  E200/300 Loss:3.557 lr:1.50e-04 0s
  >> Val MRR:0.5534 H@1:41.2% H@10:88.6% ** BEST **
  >> Val MRR:0.5552 H@1:41.4% H@10:88.6% ** BEST **
  E210/300 Loss:3.553 lr:1.50e-04 0s
  >> Val MRR:0.5548 (best:0.5552 p:1/30)
  >> Val MRR:0.5549 (best:0.5552 p:2/30)
  E220/300 Loss:3.548 lr:1.50e-04 0s
  >> Val MRR:0.5585 H@1:41.8% H@10:88.2% ** BEST **
  >> Val MRR:0.5597 H@1:42.0% H@10:88.2% ** BEST **
  E230/300 Loss:3.545 lr:1.50e-04 0s
  >> Val MRR:0.5625 H@1:42.6% H@10:88.2% ** BEST **
  >> Val MRR:0.5637 H@1:42.6% H@10:88.2% ** BEST **
  E240/300 Loss:3.544 lr:4.50e-05 0s
  >> Val MRR:0.5655 H@1:42.8% H@10:88.2% ** BEST **
  >> Val MRR:0.5665 H@1:43.0% H@10:88.2% ** BEST **
  E250/300 Loss:3.544 lr:4.50e-05 0s
  >> Val MRR:0.5665 (best:0.5665 p:1/30)
  >> Val MRR:0.5663 (best:0.5665 p:2/30)
  E260/300 Loss:3.543 lr:4.50e-05 0s
  >> Val MRR:0.5663 (best:0.5665 p:3/30)
  E270/300 Loss:3.543 lr:4.50e-05 0s
  >> Val MRR:0.5669 H@1:43.0% H@10:88.2% ** BEST **
  >> Val MRR:0.5669 H@1:43.0% H@10:88.4% ** BEST **
  E280/300 Loss:3.541 lr:4.50e-05 0s
  >> Val MRR:0.5672 H@1:43.0% H@10:88.4% ** BEST **
  >> Val MRR:0.5656 (best:0.5672 p:1/30)
  E290/300 Loss:3.541 lr:4.50e-05 0s
  >> Val MRR:0.5659 (best:0.5672 p:2/30)
  >> Val MRR:0.5659 (best:0.5672 p:3/30)
  E300/300 Loss:3.540 lr:4.50e-05 0s
  Training done: 88s, best_val_MRR=0.5672
  Full test evaluation (1074 triples)...

  FINAL TEST: MRR=0.5508 H@1=41.1% H@3=60.2% H@10=87.7%
  Saved: /home/shanxh/decoder/Kinship_d200_L0_ls0.3_seed42.json
=== Kinship/DistMult@d200/L0/ls0.3/seed42 rc=0 in 93s ===
=== [26/81] Kinship/DistMult@d200/L0/ls0.3/seed123 ===
Device: cuda, AMP: True
GPU: NVIDIA GeForce RTX 2080 Ti, 11.3 GB
======================================================================
CompGCN+DistMult | Kinship | seed=123
d_h=200 L=0 lr=0.0005 ls=0.3 epochs=300
======================================================================
  KG: 104 ent, 50 rel, 17088 edges
  Train/Val/Test: 8544/1068/1074
  Params: 31,200
  Training: epochs=300, lr=0.0005, batch=4096, ls=0.3
  Steps/epoch: 2
  E  1/300 Loss:5.426 lr:5.00e-04 1s
  >> Val MRR:0.0530 H@1:0.8% H@10:11.4% ** BEST **
  E 10/300 Loss:5.123 lr:5.00e-04 0s
  >> Val MRR:0.0540 H@1:0.6% H@10:11.6% ** BEST **
  >> Val MRR:0.0560 H@1:0.8% H@10:12.2% ** BEST **
  E 20/300 Loss:4.882 lr:5.00e-04 0s
  >> Val MRR:0.0598 H@1:0.8% H@10:12.8% ** BEST **
  >> Val MRR:0.0647 H@1:1.2% H@10:13.6% ** BEST **
  E 30/300 Loss:4.686 lr:5.00e-04 0s
  >> Val MRR:0.0718 H@1:1.6% H@10:14.6% ** BEST **
  >> Val MRR:0.0854 H@1:2.8% H@10:17.4% ** BEST **
  E 40/300 Loss:4.502 lr:5.00e-04 0s
  >> Val MRR:0.1011 H@1:3.8% H@10:20.6% ** BEST **
  >> Val MRR:0.1217 H@1:4.4% H@10:26.0% ** BEST **
  E 50/300 Loss:4.304 lr:5.00e-04 0s
  >> Val MRR:0.1566 H@1:6.8% H@10:33.4% ** BEST **
  >> Val MRR:0.1968 H@1:9.6% H@10:40.0% ** BEST **
  E 60/300 Loss:4.107 lr:5.00e-04 0s
  >> Val MRR:0.2333 H@1:11.8% H@10:47.4% ** BEST **
  >> Val MRR:0.2716 H@1:14.2% H@10:53.8% ** BEST **
  E 70/300 Loss:3.959 lr:5.00e-04 0s
  >> Val MRR:0.2957 H@1:15.2% H@10:60.8% ** BEST **
  >> Val MRR:0.3272 H@1:18.2% H@10:66.6% ** BEST **
  E 80/300 Loss:3.862 lr:5.00e-04 0s
  >> Val MRR:0.3555 H@1:21.0% H@10:69.6% ** BEST **
  >> Val MRR:0.3774 H@1:23.4% H@10:71.6% ** BEST **
  E 90/300 Loss:3.792 lr:5.00e-04 0s
  >> Val MRR:0.3948 H@1:24.6% H@10:74.4% ** BEST **
  >> Val MRR:0.4140 H@1:26.2% H@10:77.4% ** BEST **
  E100/300 Loss:3.739 lr:5.00e-04 0s
  >> Val MRR:0.4291 H@1:27.8% H@10:78.4% ** BEST **
  >> Val MRR:0.4456 H@1:29.4% H@10:79.0% ** BEST **
  E110/300 Loss:3.699 lr:5.00e-04 0s
  >> Val MRR:0.4643 H@1:31.4% H@10:80.2% ** BEST **
  >> Val MRR:0.4813 H@1:33.4% H@10:82.0% ** BEST **
  E120/300 Loss:3.667 lr:5.00e-04 0s
  >> Val MRR:0.5015 H@1:36.2% H@10:83.4% ** BEST **
  >> Val MRR:0.5137 H@1:37.0% H@10:84.4% ** BEST **
  E130/300 Loss:3.641 lr:5.00e-04 0s
  >> Val MRR:0.5258 H@1:38.6% H@10:84.4% ** BEST **
  >> Val MRR:0.5305 H@1:39.0% H@10:85.4% ** BEST **
  E140/300 Loss:3.618 lr:5.00e-04 0s
  >> Val MRR:0.5353 H@1:39.4% H@10:85.6% ** BEST **
  >> Val MRR:0.5439 H@1:40.6% H@10:85.2% ** BEST **
  E150/300 Loss:3.601 lr:5.00e-04 0s
  >> Val MRR:0.5520 H@1:42.0% H@10:85.4% ** BEST **
  >> Val MRR:0.5555 H@1:42.2% H@10:85.6% ** BEST **
  E160/300 Loss:3.585 lr:5.00e-04 0s
  >> Val MRR:0.5626 H@1:43.0% H@10:86.0% ** BEST **
  >> Val MRR:0.5657 H@1:43.2% H@10:86.0% ** BEST **
  E170/300 Loss:3.571 lr:5.00e-04 0s
  >> Val MRR:0.5677 H@1:43.2% H@10:86.8% ** BEST **
  >> Val MRR:0.5705 H@1:43.4% H@10:87.0% ** BEST **
  E180/300 Loss:3.561 lr:1.50e-04 0s
  >> Val MRR:0.5713 H@1:43.6% H@10:87.0% ** BEST **
  >> Val MRR:0.5728 H@1:43.8% H@10:87.0% ** BEST **
  E190/300 Loss:3.558 lr:1.50e-04 0s
  >> Val MRR:0.5739 H@1:44.0% H@10:86.8% ** BEST **
  >> Val MRR:0.5729 (best:0.5739 p:1/30)
  E200/300 Loss:3.555 lr:1.50e-04 0s
  >> Val MRR:0.5739 H@1:43.6% H@10:86.6% ** BEST **
  >> Val MRR:0.5754 H@1:43.8% H@10:86.6% ** BEST **
  E210/300 Loss:3.553 lr:1.50e-04 0s
  >> Val MRR:0.5760 H@1:43.8% H@10:86.6% ** BEST **
  >> Val MRR:0.5764 H@1:44.0% H@10:87.0% ** BEST **
  E220/300 Loss:3.550 lr:1.50e-04 0s
  >> Val MRR:0.5755 (best:0.5764 p:1/30)
  >> Val MRR:0.5771 H@1:44.2% H@10:87.6% ** BEST **
  E230/300 Loss:3.548 lr:1.50e-04 0s
  >> Val MRR:0.5765 (best:0.5771 p:1/30)
  >> Val MRR:0.5773 H@1:44.2% H@10:87.4% ** BEST **
  E240/300 Loss:3.547 lr:4.50e-05 0s
  >> Val MRR:0.5798 H@1:44.6% H@10:87.2% ** BEST **
  >> Val MRR:0.5789 (best:0.5798 p:1/30)
  E250/300 Loss:3.544 lr:4.50e-05 0s
  >> Val MRR:0.5778 (best:0.5798 p:2/30)
  >> Val MRR:0.5770 (best:0.5798 p:3/30)
  E260/300 Loss:3.543 lr:4.50e-05 0s
  E270/300 Loss:3.544 lr:4.50e-05 0s
  E280/300 Loss:3.542 lr:4.50e-05 0s
  E290/300 Loss:3.540 lr:4.50e-05 0s
  >> Val MRR:0.5786 (best:0.5798 p:10/30)
  E300/300 Loss:3.540 lr:4.50e-05 0s
  Training done: 92s, best_val_MRR=0.5798
  Full test evaluation (1074 triples)...

  FINAL TEST: MRR=0.5502 H@1=40.0% H@3=62.8% H@10=88.2%
  Saved: /home/shanxh/decoder/Kinship_d200_L0_ls0.3_seed123.json
=== Kinship/DistMult@d200/L0/ls0.3/seed123 rc=0 in 98s ===
=== [27/81] Kinship/DistMult@d200/L0/ls0.3/seed456 ===
Device: cuda, AMP: True
GPU: NVIDIA GeForce RTX 2080 Ti, 11.3 GB
======================================================================
CompGCN+DistMult | Kinship | seed=456
d_h=200 L=0 lr=0.0005 ls=0.3 epochs=300
======================================================================
  KG: 104 ent, 50 rel, 17088 edges
  Train/Val/Test: 8544/1068/1074
  Params: 31,200
  Training: epochs=300, lr=0.0005, batch=4096, ls=0.3
  Steps/epoch: 2
  E  1/300 Loss:5.413 lr:5.00e-04 1s
  >> Val MRR:0.0599 H@1:1.6% H@10:11.2% ** BEST **
  E 10/300 Loss:5.115 lr:5.00e-04 0s
  >> Val MRR:0.0605 H@1:1.6% H@10:12.2% ** BEST **
  >> Val MRR:0.0618 H@1:1.6% H@10:12.6% ** BEST **
  E 20/300 Loss:4.878 lr:5.00e-04 0s
  >> Val MRR:0.0633 H@1:1.4% H@10:12.8% ** BEST **
  >> Val MRR:0.0693 H@1:2.0% H@10:14.2% ** BEST **
  E 30/300 Loss:4.683 lr:5.00e-04 0s
  >> Val MRR:0.0744 H@1:2.0% H@10:14.6% ** BEST **
  >> Val MRR:0.0833 H@1:2.8% H@10:16.0% ** BEST **
  E 40/300 Loss:4.502 lr:5.00e-04 0s
  >> Val MRR:0.0974 H@1:3.8% H@10:18.6% ** BEST **
  >> Val MRR:0.1166 H@1:4.8% H@10:23.4% ** BEST **
  E 50/300 Loss:4.312 lr:5.00e-04 0s
  >> Val MRR:0.1430 H@1:5.4% H@10:32.0% ** BEST **
  >> Val MRR:0.1794 H@1:8.0% H@10:40.8% ** BEST **
  E 60/300 Loss:4.122 lr:5.00e-04 0s
  >> Val MRR:0.2148 H@1:9.4% H@10:47.2% ** BEST **
  >> Val MRR:0.2592 H@1:13.2% H@10:54.4% ** BEST **
  E 70/300 Loss:3.971 lr:5.00e-04 0s
  >> Val MRR:0.2947 H@1:16.2% H@10:62.0% ** BEST **
  >> Val MRR:0.3281 H@1:19.0% H@10:67.4% ** BEST **
  E 80/300 Loss:3.869 lr:5.00e-04 0s
  >> Val MRR:0.3578 H@1:22.0% H@10:70.0% ** BEST **
  >> Val MRR:0.3804 H@1:23.8% H@10:74.2% ** BEST **
  E 90/300 Loss:3.797 lr:5.00e-04 0s
  >> Val MRR:0.3982 H@1:24.6% H@10:76.0% ** BEST **
  >> Val MRR:0.4204 H@1:27.0% H@10:77.2% ** BEST **
  E100/300 Loss:3.743 lr:5.00e-04 0s
  >> Val MRR:0.4351 H@1:29.0% H@10:78.2% ** BEST **
  >> Val MRR:0.4514 H@1:30.6% H@10:79.8% ** BEST **
  E110/300 Loss:3.701 lr:5.00e-04 0s
  >> Val MRR:0.4612 H@1:31.2% H@10:82.0% ** BEST **
  >> Val MRR:0.4733 H@1:32.2% H@10:82.2% ** BEST **
  E120/300 Loss:3.667 lr:5.00e-04 0s
  >> Val MRR:0.4840 H@1:33.6% H@10:83.4% ** BEST **
  >> Val MRR:0.4956 H@1:35.2% H@10:83.6% ** BEST **
  E130/300 Loss:3.639 lr:5.00e-04 0s
  >> Val MRR:0.5014 H@1:35.2% H@10:84.0% ** BEST **
  >> Val MRR:0.5059 H@1:35.6% H@10:84.4% ** BEST **
  E140/300 Loss:3.619 lr:5.00e-04 0s
  >> Val MRR:0.5132 H@1:36.4% H@10:84.8% ** BEST **
  >> Val MRR:0.5199 H@1:37.4% H@10:85.0% ** BEST **
  E150/300 Loss:3.602 lr:5.00e-04 0s
  >> Val MRR:0.5260 H@1:37.8% H@10:85.8% ** BEST **
  >> Val MRR:0.5293 H@1:38.2% H@10:86.0% ** BEST **
  E160/300 Loss:3.585 lr:5.00e-04 0s
  >> Val MRR:0.5365 H@1:39.0% H@10:86.0% ** BEST **
  >> Val MRR:0.5411 H@1:39.6% H@10:86.4% ** BEST **
  E170/300 Loss:3.574 lr:5.00e-04 0s
  >> Val MRR:0.5469 H@1:40.2% H@10:87.4% ** BEST **
  >> Val MRR:0.5516 H@1:40.8% H@10:87.4% ** BEST **
  E180/300 Loss:3.560 lr:1.50e-04 0s
  >> Val MRR:0.5527 H@1:40.8% H@10:87.0% ** BEST **
  >> Val MRR:0.5563 H@1:41.4% H@10:87.6% ** BEST **
  E190/300 Loss:3.557 lr:1.50e-04 0s
  >> Val MRR:0.5553 (best:0.5563 p:1/30)
  >> Val MRR:0.5577 H@1:41.6% H@10:87.8% ** BEST **
  E200/300 Loss:3.554 lr:1.50e-04 0s
  >> Val MRR:0.5584 H@1:41.8% H@10:87.4% ** BEST **
  >> Val MRR:0.5609 H@1:42.2% H@10:87.8% ** BEST **
  E210/300 Loss:3.552 lr:1.50e-04 0s
  >> Val MRR:0.5631 H@1:42.6% H@10:88.0% ** BEST **
  >> Val MRR:0.5671 H@1:43.4% H@10:88.0% ** BEST **
  E220/300 Loss:3.550 lr:1.50e-04 0s
  >> Val MRR:0.5651 (best:0.5671 p:1/30)
  >> Val MRR:0.5665 (best:0.5671 p:2/30)
  E230/300 Loss:3.546 lr:1.50e-04 0s
  >> Val MRR:0.5665 (best:0.5671 p:3/30)
  E240/300 Loss:3.544 lr:4.50e-05 0s
  E250/300 Loss:3.545 lr:4.50e-05 0s
  >> Val MRR:0.5677 H@1:43.2% H@10:88.0% ** BEST **
  E260/300 Loss:3.542 lr:4.50e-05 0s
  >> Val MRR:0.5673 (best:0.5677 p:1/30)
  >> Val MRR:0.5663 (best:0.5677 p:2/30)
  E270/300 Loss:3.542 lr:4.50e-05 0s
  >> Val MRR:0.5665 (best:0.5677 p:3/30)
  E280/300 Loss:3.541 lr:4.50e-05 0s
  >> Val MRR:0.5680 H@1:43.2% H@10:88.0% ** BEST **
  >> Val MRR:0.5681 H@1:43.2% H@10:88.0% ** BEST **
  E290/300 Loss:3.540 lr:4.50e-05 0s
  >> Val MRR:0.5681 H@1:43.2% H@10:88.0% ** BEST **
  >> Val MRR:0.5685 H@1:43.2% H@10:88.0% ** BEST **
  E300/300 Loss:3.538 lr:4.50e-05 0s
  >> Val MRR:0.5695 H@1:43.4% H@10:88.0% ** BEST **
  Training done: 88s, best_val_MRR=0.5695
  Full test evaluation (1074 triples)...

  FINAL TEST: MRR=0.5575 H@1=41.3% H@3=62.5% H@10=89.1%
  Saved: /home/shanxh/decoder/Kinship_d200_L0_ls0.3_seed456.json
=== Kinship/DistMult@d200/L0/ls0.3/seed456 rc=0 in 94s ===
=== [28/81] Kinship/DistMult@d200/L3/ls0.3/seed42 ===
Device: cuda, AMP: True
GPU: NVIDIA GeForce RTX 2080 Ti, 11.3 GB
======================================================================
CompGCN+DistMult | Kinship | seed=42
d_h=200 L=3 lr=0.0005 ls=0.3 epochs=300
======================================================================
  KG: 104 ent, 50 rel, 17088 edges
  Train/Val/Test: 8544/1068/1074
  Params: 303,000
  Training: epochs=300, lr=0.0005, batch=4096, ls=0.3
  Steps/epoch: 2
  E  1/300 Loss:5.459 lr:5.00e-04 1s
  >> Val MRR:0.0616 H@1:2.0% H@10:11.0% ** BEST **
  E 10/300 Loss:5.040 lr:5.00e-04 0s
  >> Val MRR:0.0610 (best:0.0616 p:1/30)
  >> Val MRR:0.0654 H@1:1.6% H@10:13.6% ** BEST **
  E 20/300 Loss:4.638 lr:5.00e-04 0s
  >> Val MRR:0.1108 H@1:3.2% H@10:28.6% ** BEST **
  >> Val MRR:0.2362 H@1:12.0% H@10:52.0% ** BEST **
  E 30/300 Loss:4.304 lr:5.00e-04 0s
  >> Val MRR:0.3212 H@1:18.6% H@10:67.0% ** BEST **
  >> Val MRR:0.3696 H@1:21.6% H@10:76.0% ** BEST **
  E 40/300 Loss:4.119 lr:5.00e-04 0s
  >> Val MRR:0.4337 H@1:27.8% H@10:81.2% ** BEST **
  >> Val MRR:0.4813 H@1:32.0% H@10:84.0% ** BEST **
  E 50/300 Loss:4.030 lr:5.00e-04 0s
  >> Val MRR:0.5222 H@1:36.2% H@10:87.0% ** BEST **
  >> Val MRR:0.5498 H@1:39.8% H@10:88.4% ** BEST **
  E 60/300 Loss:3.962 lr:5.00e-04 0s
  >> Val MRR:0.5795 H@1:43.6% H@10:89.0% ** BEST **
  >> Val MRR:0.5974 H@1:45.2% H@10:90.2% ** BEST **
  E 70/300 Loss:3.917 lr:5.00e-04 0s
  >> Val MRR:0.6060 H@1:46.0% H@10:91.0% ** BEST **
  >> Val MRR:0.6176 H@1:47.8% H@10:91.4% ** BEST **
  E 80/300 Loss:3.876 lr:5.00e-04 0s
  >> Val MRR:0.6187 H@1:47.8% H@10:91.4% ** BEST **
  >> Val MRR:0.6289 H@1:48.6% H@10:92.4% ** BEST **
  E 90/300 Loss:3.850 lr:5.00e-04 0s
  >> Val MRR:0.6351 H@1:49.4% H@10:91.8% ** BEST **
  >> Val MRR:0.6402 H@1:50.0% H@10:92.4% ** BEST **
  E100/300 Loss:3.829 lr:5.00e-04 0s
  >> Val MRR:0.6456 H@1:50.8% H@10:92.6% ** BEST **
  >> Val MRR:0.6498 H@1:51.2% H@10:92.8% ** BEST **
  E110/300 Loss:3.823 lr:5.00e-04 0s
  >> Val MRR:0.6556 H@1:52.0% H@10:93.0% ** BEST **
  >> Val MRR:0.6634 H@1:53.0% H@10:93.4% ** BEST **
  E120/300 Loss:3.794 lr:5.00e-04 0s
  >> Val MRR:0.6675 H@1:53.8% H@10:92.8% ** BEST **
  >> Val MRR:0.6607 (best:0.6675 p:1/30)
  E130/300 Loss:3.785 lr:5.00e-04 0s
  >> Val MRR:0.6638 (best:0.6675 p:2/30)
  >> Val MRR:0.6656 (best:0.6675 p:3/30)
  E140/300 Loss:3.768 lr:5.00e-04 0s
  >> Val MRR:0.6759 H@1:54.4% H@10:93.4% ** BEST **
  >> Val MRR:0.6751 (best:0.6759 p:1/30)
  E150/300 Loss:3.761 lr:5.00e-04 0s
  >> Val MRR:0.6749 (best:0.6759 p:2/30)
  >> Val MRR:0.6773 H@1:54.4% H@10:93.8% ** BEST **
  E160/300 Loss:3.748 lr:5.00e-04 0s
  >> Val MRR:0.6823 H@1:55.6% H@10:93.6% ** BEST **
  >> Val MRR:0.6807 (best:0.6823 p:1/30)
  E170/300 Loss:3.743 lr:5.00e-04 0s
  >> Val MRR:0.6781 (best:0.6823 p:2/30)
  >> Val MRR:0.6881 H@1:56.4% H@10:93.4% ** BEST **
  E180/300 Loss:3.736 lr:1.50e-04 0s
  >> Val MRR:0.6893 H@1:56.2% H@10:93.6% ** BEST **
  >> Val MRR:0.6882 (best:0.6893 p:1/30)
  E190/300 Loss:3.725 lr:1.50e-04 0s
  >> Val MRR:0.6885 (best:0.6893 p:2/30)
  >> Val MRR:0.6873 (best:0.6893 p:3/30)
  E200/300 Loss:3.729 lr:1.50e-04 0s
  E210/300 Loss:3.719 lr:1.50e-04 0s
  E220/300 Loss:3.718 lr:1.50e-04 0s
  E230/300 Loss:3.712 lr:1.50e-04 0s
  >> Val MRR:0.6880 (best:0.6893 p:10/30)
  E240/300 Loss:3.715 lr:4.50e-05 0s
  >> Val MRR:0.6918 H@1:56.6% H@10:94.0% ** BEST **
  >> Val MRR:0.6933 H@1:57.0% H@10:94.0% ** BEST **
  E250/300 Loss:3.714 lr:4.50e-05 0s
  >> Val MRR:0.6936 H@1:57.0% H@10:94.0% ** BEST **
  >> Val MRR:0.6923 (best:0.6936 p:1/30)
  E260/300 Loss:3.719 lr:4.50e-05 0s
  >> Val MRR:0.6926 (best:0.6936 p:2/30)
  >> Val MRR:0.6884 (best:0.6936 p:3/30)
  E270/300 Loss:3.714 lr:4.50e-05 0s
  E280/300 Loss:3.714 lr:4.50e-05 0s
  E290/300 Loss:3.713 lr:4.50e-05 0s
  E300/300 Loss:3.712 lr:4.50e-05 0s
  >> Val MRR:0.6926 (best:0.6936 p:10/30)
  Training done: 90s, best_val_MRR=0.6936
  Full test evaluation (1074 triples)...

  FINAL TEST: MRR=0.7030 H@1=57.8% H@3=79.0% H@10=94.8%
  Saved: /home/shanxh/decoder/Kinship_d200_L3_ls0.3_seed42.json
=== Kinship/DistMult@d200/L3/ls0.3/seed42 rc=0 in 95s ===
=== [29/81] Kinship/DistMult@d200/L3/ls0.3/seed123 ===
Device: cuda, AMP: True
GPU: NVIDIA GeForce RTX 2080 Ti, 11.3 GB
======================================================================
CompGCN+DistMult | Kinship | seed=123
d_h=200 L=3 lr=0.0005 ls=0.3 epochs=300
======================================================================
  KG: 104 ent, 50 rel, 17088 edges
  Train/Val/Test: 8544/1068/1074
  Params: 303,000
  Training: epochs=300, lr=0.0005, batch=4096, ls=0.3
  Steps/epoch: 2
  E  1/300 Loss:5.441 lr:5.00e-04 1s
  >> Val MRR:0.0576 H@1:1.4% H@10:9.2% ** BEST **
  E 10/300 Loss:5.042 lr:5.00e-04 0s
  >> Val MRR:0.0552 (best:0.0576 p:1/30)
  >> Val MRR:0.0673 H@1:1.4% H@10:13.6% ** BEST **
  E 20/300 Loss:4.658 lr:5.00e-04 0s
  >> Val MRR:0.1116 H@1:3.8% H@10:24.8% ** BEST **
  >> Val MRR:0.2226 H@1:10.2% H@10:51.4% ** BEST **
  E 30/300 Loss:4.305 lr:5.00e-04 0s
  >> Val MRR:0.3223 H@1:16.6% H@10:69.6% ** BEST **
  >> Val MRR:0.3907 H@1:22.2% H@10:77.6% ** BEST **
  E 40/300 Loss:4.123 lr:5.00e-04 0s
  >> Val MRR:0.4614 H@1:31.2% H@10:80.8% ** BEST **
  >> Val MRR:0.4946 H@1:34.2% H@10:82.8% ** BEST **
  E 50/300 Loss:4.023 lr:5.00e-04 0s
  >> Val MRR:0.5266 H@1:37.4% H@10:86.4% ** BEST **
  >> Val MRR:0.5512 H@1:40.2% H@10:87.6% ** BEST **
  E 60/300 Loss:3.957 lr:5.00e-04 0s
  >> Val MRR:0.5647 H@1:41.2% H@10:88.6% ** BEST **
  >> Val MRR:0.5797 H@1:43.2% H@10:89.0% ** BEST **
  E 70/300 Loss:3.913 lr:5.00e-04 0s
  >> Val MRR:0.5948 H@1:44.2% H@10:89.6% ** BEST **
  >> Val MRR:0.6124 H@1:46.6% H@10:89.6% ** BEST **
  E 80/300 Loss:3.881 lr:5.00e-04 0s
  >> Val MRR:0.6182 H@1:47.6% H@10:90.2% ** BEST **
  >> Val MRR:0.6283 H@1:48.4% H@10:91.0% ** BEST **
  E 90/300 Loss:3.860 lr:5.00e-04 0s
  >> Val MRR:0.6358 H@1:49.6% H@10:91.6% ** BEST **
  >> Val MRR:0.6496 H@1:52.2% H@10:91.8% ** BEST **
  E100/300 Loss:3.836 lr:5.00e-04 0s
  >> Val MRR:0.6530 H@1:51.8% H@10:92.0% ** BEST **
  >> Val MRR:0.6583 H@1:52.4% H@10:92.4% ** BEST **
  E110/300 Loss:3.809 lr:5.00e-04 0s
  >> Val MRR:0.6641 H@1:52.8% H@10:92.8% ** BEST **
  >> Val MRR:0.6632 (best:0.6641 p:1/30)
  E120/300 Loss:3.798 lr:5.00e-04 0s
  >> Val MRR:0.6747 H@1:55.0% H@10:93.2% ** BEST **
  >> Val MRR:0.6800 H@1:56.0% H@10:93.4% ** BEST **
  E130/300 Loss:3.781 lr:5.00e-04 0s
  >> Val MRR:0.6854 H@1:56.4% H@10:92.8% ** BEST **
  >> Val MRR:0.6853 (best:0.6854 p:1/30)
  E140/300 Loss:3.764 lr:5.00e-04 0s
  >> Val MRR:0.6886 H@1:56.4% H@10:93.6% ** BEST **
  >> Val MRR:0.6925 H@1:57.0% H@10:93.6% ** BEST **
  E150/300 Loss:3.763 lr:5.00e-04 0s
  >> Val MRR:0.6907 (best:0.6925 p:1/30)
  >> Val MRR:0.6917 (best:0.6925 p:2/30)
  E160/300 Loss:3.744 lr:5.00e-04 0s
  >> Val MRR:0.7008 H@1:58.0% H@10:94.4% ** BEST **
  >> Val MRR:0.7065 H@1:58.6% H@10:94.6% ** BEST **
  E170/300 Loss:3.736 lr:5.00e-04 0s
  >> Val MRR:0.7076 H@1:58.4% H@10:94.8% ** BEST **
  >> Val MRR:0.7105 H@1:59.0% H@10:94.4% ** BEST **
  E180/300 Loss:3.734 lr:1.50e-04 0s
  >> Val MRR:0.7104 (best:0.7105 p:1/30)
  >> Val MRR:0.7078 (best:0.7105 p:2/30)
  E190/300 Loss:3.726 lr:1.50e-04 0s
  >> Val MRR:0.7108 H@1:59.2% H@10:94.2% ** BEST **
  >> Val MRR:0.7139 H@1:59.6% H@10:94.2% ** BEST **
  E200/300 Loss:3.724 lr:1.50e-04 0s
  >> Val MRR:0.7112 (best:0.7139 p:1/30)
  >> Val MRR:0.7071 (best:0.7139 p:2/30)
  E210/300 Loss:3.727 lr:1.50e-04 0s
  >> Val MRR:0.7052 (best:0.7139 p:3/30)
  E220/300 Loss:3.719 lr:1.50e-04 0s
  E230/300 Loss:3.720 lr:1.50e-04 0s
  E240/300 Loss:3.712 lr:4.50e-05 0s
  >> Val MRR:0.7099 (best:0.7139 p:10/30)
  E250/300 Loss:3.715 lr:4.50e-05 0s
  E260/300 Loss:3.707 lr:4.50e-05 0s
  E270/300 Loss:3.714 lr:4.50e-05 0s
  E280/300 Loss:3.713 lr:4.50e-05 0s
  E290/300 Loss:3.716 lr:4.50e-05 0s
  >> Val MRR:0.7150 H@1:59.2% H@10:94.8% ** BEST **
  >> Val MRR:0.7136 (best:0.7150 p:1/30)
  E300/300 Loss:3.718 lr:4.50e-05 0s
  >> Val MRR:0.7155 H@1:59.0% H@10:94.2% ** BEST **
  Training done: 91s, best_val_MRR=0.7155
  Full test evaluation (1074 triples)...

  FINAL TEST: MRR=0.6923 H@1=56.2% H@3=77.6% H@10=94.5%
  Saved: /home/shanxh/decoder/Kinship_d200_L3_ls0.3_seed123.json
=== Kinship/DistMult@d200/L3/ls0.3/seed123 rc=0 in 96s ===
=== [30/81] Kinship/DistMult@d200/L3/ls0.3/seed456 ===
Device: cuda, AMP: True
GPU: NVIDIA GeForce RTX 2080 Ti, 11.3 GB
======================================================================
CompGCN+DistMult | Kinship | seed=456
d_h=200 L=3 lr=0.0005 ls=0.3 epochs=300
======================================================================
  KG: 104 ent, 50 rel, 17088 edges
  Train/Val/Test: 8544/1068/1074
  Params: 303,000
  Training: epochs=300, lr=0.0005, batch=4096, ls=0.3
  Steps/epoch: 2
  E  1/300 Loss:5.467 lr:5.00e-04 1s
  >> Val MRR:0.0543 H@1:1.2% H@10:9.4% ** BEST **
  E 10/300 Loss:5.038 lr:5.00e-04 0s
  >> Val MRR:0.0560 H@1:1.6% H@10:9.8% ** BEST **
  >> Val MRR:0.0645 H@1:1.6% H@10:12.8% ** BEST **
  E 20/300 Loss:4.611 lr:5.00e-04 0s
  >> Val MRR:0.1114 H@1:2.8% H@10:28.6% ** BEST **
  >> Val MRR:0.2466 H@1:10.6% H@10:57.4% ** BEST **
  E 30/300 Loss:4.274 lr:5.00e-04 0s
  >> Val MRR:0.3524 H@1:19.4% H@10:72.2% ** BEST **
  >> Val MRR:0.4310 H@1:27.0% H@10:78.4% ** BEST **
  E 40/300 Loss:4.105 lr:5.00e-04 0s
  >> Val MRR:0.4820 H@1:32.6% H@10:83.2% ** BEST **
  >> Val MRR:0.5108 H@1:35.6% H@10:85.6% ** BEST **
  E 50/300 Loss:4.020 lr:5.00e-04 0s
  >> Val MRR:0.5405 H@1:39.2% H@10:86.8% ** BEST **
  >> Val MRR:0.5569 H@1:40.8% H@10:88.0% ** BEST **
  E 60/300 Loss:3.955 lr:5.00e-04 0s
  >> Val MRR:0.5751 H@1:43.4% H@10:89.6% ** BEST **
  >> Val MRR:0.5871 H@1:44.2% H@10:90.2% ** BEST **
  E 70/300 Loss:3.910 lr:5.00e-04 0s
  >> Val MRR:0.5970 H@1:45.2% H@10:90.8% ** BEST **
  >> Val MRR:0.6087 H@1:46.6% H@10:91.4% ** BEST **
  E 80/300 Loss:3.869 lr:5.00e-04 0s
  >> Val MRR:0.6167 H@1:48.0% H@10:91.0% ** BEST **
  >> Val MRR:0.6139 (best:0.6167 p:1/30)
  E 90/300 Loss:3.852 lr:5.00e-04 0s
  >> Val MRR:0.6196 H@1:47.6% H@10:92.0% ** BEST **
  >> Val MRR:0.6226 H@1:47.6% H@10:91.8% ** BEST **
  E100/300 Loss:3.830 lr:5.00e-04 0s
  >> Val MRR:0.6309 H@1:48.4% H@10:91.6% ** BEST **
  >> Val MRR:0.6376 H@1:49.4% H@10:92.4% ** BEST **
  E110/300 Loss:3.814 lr:5.00e-04 0s
  >> Val MRR:0.6378 H@1:49.0% H@10:92.8% ** BEST **
  >> Val MRR:0.6422 H@1:49.8% H@10:93.2% ** BEST **
  E120/300 Loss:3.798 lr:5.00e-04 0s
  >> Val MRR:0.6471 H@1:50.2% H@10:93.8% ** BEST **
  >> Val MRR:0.6559 H@1:51.4% H@10:93.8% ** BEST **
  E130/300 Loss:3.779 lr:5.00e-04 0s
  >> Val MRR:0.6574 H@1:51.2% H@10:94.2% ** BEST **
  >> Val MRR:0.6666 H@1:52.8% H@10:94.0% ** BEST **
  E140/300 Loss:3.766 lr:5.00e-04 0s
  >> Val MRR:0.6692 H@1:53.2% H@10:94.4% ** BEST **
  >> Val MRR:0.6659 (best:0.6692 p:1/30)
  E150/300 Loss:3.752 lr:5.00e-04 0s
  >> Val MRR:0.6682 (best:0.6692 p:2/30)
  >> Val MRR:0.6822 H@1:55.4% H@10:94.2% ** BEST **
  E160/300 Loss:3.750 lr:5.00e-04 0s
  >> Val MRR:0.6812 (best:0.6822 p:1/30)
  >> Val MRR:0.6848 H@1:56.0% H@10:94.0% ** BEST **
  E170/300 Loss:3.736 lr:5.00e-04 0s
  >> Val MRR:0.6887 H@1:56.2% H@10:93.8% ** BEST **
  >> Val MRR:0.6887 H@1:55.8% H@10:93.6% ** BEST **
  E180/300 Loss:3.725 lr:1.50e-04 0s
  >> Val MRR:0.6875 (best:0.6887 p:1/30)
  >> Val MRR:0.6894 H@1:55.8% H@10:94.4% ** BEST **
  E190/300 Loss:3.724 lr:1.50e-04 0s
  >> Val MRR:0.6907 H@1:56.2% H@10:94.0% ** BEST **
  >> Val MRR:0.6968 H@1:57.0% H@10:94.0% ** BEST **
  E200/300 Loss:3.727 lr:1.50e-04 0s
  >> Val MRR:0.6992 H@1:57.6% H@10:94.2% ** BEST **
  >> Val MRR:0.7016 H@1:58.0% H@10:94.0% ** BEST **
  E210/300 Loss:3.724 lr:1.50e-04 0s
  >> Val MRR:0.7026 H@1:57.8% H@10:94.0% ** BEST **
  >> Val MRR:0.6980 (best:0.7026 p:1/30)
  E220/300 Loss:3.719 lr:1.50e-04 0s
  >> Val MRR:0.6977 (best:0.7026 p:2/30)
  >> Val MRR:0.6977 (best:0.7026 p:3/30)
  E230/300 Loss:3.721 lr:1.50e-04 0s
  E240/300 Loss:3.712 lr:4.50e-05 0s
  E250/300 Loss:3.715 lr:4.50e-05 0s
  E260/300 Loss:3.710 lr:4.50e-05 0s
  >> Val MRR:0.6980 (best:0.7026 p:10/30)
  E270/300 Loss:3.709 lr:4.50e-05 0s
  E280/300 Loss:3.713 lr:4.50e-05 0s
  >> Val MRR:0.7030 H@1:58.0% H@10:94.0% ** BEST **
  >> Val MRR:0.7037 H@1:58.2% H@10:94.0% ** BEST **
  E290/300 Loss:3.708 lr:4.50e-05 0s
  >> Val MRR:0.7032 (best:0.7037 p:1/30)
  >> Val MRR:0.7034 (best:0.7037 p:2/30)
  E300/300 Loss:3.710 lr:4.50e-05 0s
  >> Val MRR:0.7033 (best:0.7037 p:3/30)
  Training done: 90s, best_val_MRR=0.7037
  Full test evaluation (1074 triples)...

  FINAL TEST: MRR=0.6971 H@1=57.7% H@3=77.2% H@10=95.2%
  Saved: /home/shanxh/decoder/Kinship_d200_L3_ls0.3_seed456.json
=== Kinship/DistMult@d200/L3/ls0.3/seed456 rc=0 in 96s ===
=== [31/81] Kinship/ComplEx@d200/L0/ls0.3/seed42 ===
Device: cuda, AMP: True
GPU: NVIDIA GeForce RTX 2080 Ti, 11.3 GB
======================================================================
CompGCN+DistMult | Kinship | seed=42
d_h=200 L=0 lr=0.0005 ls=0.3 epochs=300
======================================================================
  KG: 104 ent, 50 rel, 17088 edges
  Train/Val/Test: 8544/1068/1074
  Params: 31,200
  Training: epochs=300, lr=0.0005, batch=4096, ls=0.3
  Steps/epoch: 2
  E  1/300 Loss:7.072 lr:5.00e-04 0s
  >> Val MRR:0.0577 H@1:1.4% H@10:11.8% ** BEST **
  E 10/300 Loss:6.350 lr:5.00e-04 0s
  >> Val MRR:0.0544 (best:0.0577 p:1/30)
  >> Val MRR:0.0515 (best:0.0577 p:2/30)
  E 20/300 Loss:5.816 lr:5.00e-04 0s
  >> Val MRR:0.0492 (best:0.0577 p:3/30)
  E 30/300 Loss:5.427 lr:5.00e-04 0s
  E 40/300 Loss:5.104 lr:5.00e-04 0s
  >> Val MRR:0.0624 H@1:1.0% H@10:14.0% ** BEST **
  E 50/300 Loss:4.834 lr:5.00e-04 0s
  >> Val MRR:0.0681 H@1:1.0% H@10:15.2% ** BEST **
  >> Val MRR:0.0824 H@1:2.0% H@10:18.0% ** BEST **
  E 60/300 Loss:4.591 lr:5.00e-04 0s
  >> Val MRR:0.0948 H@1:2.6% H@10:21.6% ** BEST **
  >> Val MRR:0.1096 H@1:3.2% H@10:24.4% ** BEST **
  E 70/300 Loss:4.368 lr:5.00e-04 0s
  >> Val MRR:0.1346 H@1:5.4% H@10:28.4% ** BEST **
  >> Val MRR:0.1619 H@1:7.8% H@10:31.8% ** BEST **
  E 80/300 Loss:4.180 lr:5.00e-04 0s
  >> Val MRR:0.1881 H@1:9.8% H@10:37.2% ** BEST **
  >> Val MRR:0.2172 H@1:11.0% H@10:43.6% ** BEST **
  E 90/300 Loss:4.022 lr:5.00e-04 0s
  >> Val MRR:0.2509 H@1:13.6% H@10:47.8% ** BEST **
  >> Val MRR:0.2770 H@1:15.4% H@10:53.2% ** BEST **
  E100/300 Loss:3.903 lr:5.00e-04 0s
  >> Val MRR:0.2998 H@1:17.0% H@10:56.6% ** BEST **
  >> Val MRR:0.3197 H@1:18.2% H@10:59.6% ** BEST **
  E110/300 Loss:3.818 lr:5.00e-04 0s
  >> Val MRR:0.3406 H@1:19.2% H@10:64.0% ** BEST **
  >> Val MRR:0.3670 H@1:21.6% H@10:67.6% ** BEST **
  E120/300 Loss:3.749 lr:5.00e-04 0s
  >> Val MRR:0.3943 H@1:24.8% H@10:68.6% ** BEST **
  >> Val MRR:0.4128 H@1:26.4% H@10:70.6% ** BEST **
  E130/300 Loss:3.694 lr:5.00e-04 0s
  >> Val MRR:0.4271 H@1:27.8% H@10:72.2% ** BEST **
  >> Val MRR:0.4451 H@1:29.6% H@10:75.4% ** BEST **
  E140/300 Loss:3.655 lr:5.00e-04 0s
  >> Val MRR:0.4559 H@1:30.4% H@10:76.6% ** BEST **
  >> Val MRR:0.4724 H@1:32.0% H@10:77.8% ** BEST **
  E150/300 Loss:3.620 lr:5.00e-04 0s
  >> Val MRR:0.4866 H@1:33.6% H@10:78.8% ** BEST **
  >> Val MRR:0.5014 H@1:34.6% H@10:80.2% ** BEST **
  E160/300 Loss:3.592 lr:5.00e-04 0s
  >> Val MRR:0.5148 H@1:35.8% H@10:81.2% ** BEST **
  >> Val MRR:0.5237 H@1:36.4% H@10:82.2% ** BEST **
  E170/300 Loss:3.569 lr:5.00e-04 0s
  >> Val MRR:0.5328 H@1:37.0% H@10:83.0% ** BEST **
  >> Val MRR:0.5474 H@1:39.2% H@10:83.6% ** BEST **
  E180/300 Loss:3.548 lr:1.50e-04 0s
  >> Val MRR:0.5564 H@1:39.8% H@10:84.4% ** BEST **
  >> Val MRR:0.5574 H@1:39.8% H@10:84.4% ** BEST **
  E190/300 Loss:3.542 lr:1.50e-04 0s
  >> Val MRR:0.5606 H@1:40.2% H@10:84.4% ** BEST **
  >> Val MRR:0.5664 H@1:41.0% H@10:84.4% ** BEST **
  E200/300 Loss:3.539 lr:1.50e-04 0s
  >> Val MRR:0.5691 H@1:41.4% H@10:84.4% ** BEST **
  >> Val MRR:0.5737 H@1:42.0% H@10:84.6% ** BEST **
  E210/300 Loss:3.534 lr:1.50e-04 0s
  >> Val MRR:0.5747 H@1:42.0% H@10:85.0% ** BEST **
  >> Val MRR:0.5770 H@1:42.4% H@10:85.0% ** BEST **
  E220/300 Loss:3.526 lr:1.50e-04 0s
  >> Val MRR:0.5797 H@1:42.6% H@10:85.2% ** BEST **
  >> Val MRR:0.5791 (best:0.5797 p:1/30)
  E230/300 Loss:3.522 lr:1.50e-04 0s
  >> Val MRR:0.5841 H@1:43.2% H@10:85.2% ** BEST **
  >> Val MRR:0.5861 H@1:43.4% H@10:85.2% ** BEST **
  E240/300 Loss:3.519 lr:4.50e-05 0s
  >> Val MRR:0.5892 H@1:43.8% H@10:85.2% ** BEST **
  >> Val MRR:0.5894 H@1:43.8% H@10:85.6% ** BEST **
  E250/300 Loss:3.518 lr:4.50e-05 0s
  >> Val MRR:0.5905 H@1:44.0% H@10:85.6% ** BEST **
  >> Val MRR:0.5925 H@1:44.2% H@10:85.6% ** BEST **
  E260/300 Loss:3.515 lr:4.50e-05 0s
  >> Val MRR:0.5939 H@1:44.4% H@10:85.6% ** BEST **
  >> Val MRR:0.5949 H@1:44.6% H@10:85.6% ** BEST **
  E270/300 Loss:3.515 lr:4.50e-05 0s
  >> Val MRR:0.5950 H@1:44.6% H@10:86.0% ** BEST **
  >> Val MRR:0.5949 (best:0.5950 p:1/30)
  E280/300 Loss:3.512 lr:4.50e-05 0s
  >> Val MRR:0.5951 H@1:44.6% H@10:86.0% ** BEST **
  >> Val MRR:0.5962 H@1:44.8% H@10:86.0% ** BEST **
  E290/300 Loss:3.512 lr:4.50e-05 0s
  >> Val MRR:0.5977 H@1:45.0% H@10:86.2% ** BEST **
  >> Val MRR:0.5984 H@1:45.0% H@10:86.2% ** BEST **
  E300/300 Loss:3.512 lr:4.50e-05 0s
  >> Val MRR:0.5985 H@1:45.0% H@10:86.4% ** BEST **
  Training done: 89s, best_val_MRR=0.5985
  Full test evaluation (1074 triples)...

  FINAL TEST: MRR=0.5999 H@1=44.9% H@3=69.8% H@10=87.5%
  Saved: /home/shanxh/decoder/Kinship_d200_L0_ls0.3_ComplEx_seed42.json
=== Kinship/ComplEx@d200/L0/ls0.3/seed42 rc=0 in 94s ===
=== [32/81] Kinship/ComplEx@d200/L0/ls0.3/seed123 ===
Device: cuda, AMP: True
GPU: NVIDIA GeForce RTX 2080 Ti, 11.3 GB
======================================================================
CompGCN+DistMult | Kinship | seed=123
d_h=200 L=0 lr=0.0005 ls=0.3 epochs=300
======================================================================
  KG: 104 ent, 50 rel, 17088 edges
  Train/Val/Test: 8544/1068/1074
  Params: 31,200
  Training: epochs=300, lr=0.0005, batch=4096, ls=0.3
  Steps/epoch: 2
  E  1/300 Loss:7.154 lr:5.00e-04 0s
  >> Val MRR:0.0526 H@1:1.2% H@10:9.4% ** BEST **
  E 10/300 Loss:6.405 lr:5.00e-04 0s
  >> Val MRR:0.0518 (best:0.0526 p:1/30)
  >> Val MRR:0.0511 (best:0.0526 p:2/30)
  E 20/300 Loss:5.872 lr:5.00e-04 0s
  >> Val MRR:0.0498 (best:0.0526 p:3/30)
  E 30/300 Loss:5.467 lr:5.00e-04 0s
  E 40/300 Loss:5.155 lr:5.00e-04 0s
  >> Val MRR:0.0571 H@1:1.2% H@10:12.4% ** BEST **
  E 50/300 Loss:4.890 lr:5.00e-04 0s
  >> Val MRR:0.0601 H@1:1.2% H@10:13.8% ** BEST **
  >> Val MRR:0.0699 H@1:1.6% H@10:15.2% ** BEST **
  E 60/300 Loss:4.649 lr:5.00e-04 0s
  >> Val MRR:0.0792 H@1:2.2% H@10:16.8% ** BEST **
  >> Val MRR:0.0960 H@1:4.0% H@10:18.4% ** BEST **
  E 70/300 Loss:4.427 lr:5.00e-04 0s
  >> Val MRR:0.1097 H@1:4.4% H@10:21.2% ** BEST **
  >> Val MRR:0.1323 H@1:5.4% H@10:27.4% ** BEST **
  E 80/300 Loss:4.226 lr:5.00e-04 0s
  >> Val MRR:0.1555 H@1:7.0% H@10:32.2% ** BEST **
  >> Val MRR:0.1901 H@1:9.2% H@10:37.6% ** BEST **
  E 90/300 Loss:4.060 lr:5.00e-04 0s
  >> Val MRR:0.2238 H@1:12.0% H@10:44.2% ** BEST **
  >> Val MRR:0.2564 H@1:14.8% H@10:49.0% ** BEST **
  E100/300 Loss:3.932 lr:5.00e-04 0s
  >> Val MRR:0.2806 H@1:16.2% H@10:53.2% ** BEST **
  >> Val MRR:0.3115 H@1:18.6% H@10:59.6% ** BEST **
  E110/300 Loss:3.841 lr:5.00e-04 0s
  >> Val MRR:0.3428 H@1:21.6% H@10:61.6% ** BEST **
  >> Val MRR:0.3617 H@1:22.8% H@10:64.0% ** BEST **
  E120/300 Loss:3.769 lr:5.00e-04 0s
  >> Val MRR:0.3808 H@1:24.4% H@10:65.8% ** BEST **
  >> Val MRR:0.3976 H@1:25.8% H@10:67.6% ** BEST **
  E130/300 Loss:3.718 lr:5.00e-04 0s
  >> Val MRR:0.4219 H@1:28.4% H@10:69.6% ** BEST **
  >> Val MRR:0.4366 H@1:29.6% H@10:71.2% ** BEST **
  E140/300 Loss:3.672 lr:5.00e-04 0s
  >> Val MRR:0.4506 H@1:30.8% H@10:72.6% ** BEST **
  >> Val MRR:0.4659 H@1:32.4% H@10:73.2% ** BEST **
  E150/300 Loss:3.637 lr:5.00e-04 0s
  >> Val MRR:0.4809 H@1:34.0% H@10:74.4% ** BEST **
  >> Val MRR:0.4894 H@1:34.6% H@10:76.0% ** BEST **
  E160/300 Loss:3.607 lr:5.00e-04 0s
  >> Val MRR:0.5023 H@1:36.0% H@10:76.4% ** BEST **
  >> Val MRR:0.5172 H@1:38.0% H@10:78.4% ** BEST **
  E170/300 Loss:3.581 lr:5.00e-04 0s
  >> Val MRR:0.5314 H@1:39.4% H@10:79.6% ** BEST **
  >> Val MRR:0.5474 H@1:41.8% H@10:80.8% ** BEST **
  E180/300 Loss:3.561 lr:1.50e-04 0s
  >> Val MRR:0.5562 H@1:42.8% H@10:81.8% ** BEST **
  >> Val MRR:0.5591 H@1:43.0% H@10:82.0% ** BEST **
  E190/300 Loss:3.553 lr:1.50e-04 0s
  >> Val MRR:0.5606 H@1:43.0% H@10:82.8% ** BEST **
  >> Val MRR:0.5615 H@1:43.0% H@10:83.0% ** BEST **
  E200/300 Loss:3.549 lr:1.50e-04 0s
  >> Val MRR:0.5654 H@1:43.4% H@10:83.0% ** BEST **
  >> Val MRR:0.5693 H@1:44.0% H@10:83.6% ** BEST **
  E210/300 Loss:3.543 lr:1.50e-04 0s
  >> Val MRR:0.5748 H@1:44.8% H@10:83.6% ** BEST **
  >> Val MRR:0.5791 H@1:45.2% H@10:83.8% ** BEST **
  E220/300 Loss:3.537 lr:1.50e-04 0s
  >> Val MRR:0.5779 (best:0.5791 p:1/30)
  >> Val MRR:0.5809 H@1:45.2% H@10:84.0% ** BEST **
  E230/300 Loss:3.534 lr:1.50e-04 0s
  >> Val MRR:0.5828 H@1:45.4% H@10:84.0% ** BEST **
  >> Val MRR:0.5847 H@1:45.6% H@10:84.0% ** BEST **
  E240/300 Loss:3.529 lr:4.50e-05 0s
  >> Val MRR:0.5875 H@1:46.0% H@10:84.2% ** BEST **
  >> Val MRR:0.5877 H@1:46.0% H@10:84.4% ** BEST **
  E250/300 Loss:3.526 lr:4.50e-05 0s
  >> Val MRR:0.5867 (best:0.5877 p:1/30)
  >> Val MRR:0.5882 H@1:46.0% H@10:84.4% ** BEST **
  E260/300 Loss:3.525 lr:4.50e-05 0s
  >> Val MRR:0.5887 H@1:46.0% H@10:84.4% ** BEST **
  >> Val MRR:0.5890 H@1:46.0% H@10:84.6% ** BEST **
  E270/300 Loss:3.524 lr:4.50e-05 0s
  >> Val MRR:0.5901 H@1:46.2% H@10:84.6% ** BEST **
  >> Val MRR:0.5921 H@1:46.4% H@10:84.6% ** BEST **
  E280/300 Loss:3.523 lr:4.50e-05 0s
  >> Val MRR:0.5922 H@1:46.4% H@10:84.4% ** BEST **
  >> Val MRR:0.5951 H@1:46.8% H@10:84.6% ** BEST **
  E290/300 Loss:3.520 lr:4.50e-05 0s
  >> Val MRR:0.5963 H@1:47.0% H@10:84.8% ** BEST **
  >> Val MRR:0.5965 H@1:47.0% H@10:84.8% ** BEST **
  E300/300 Loss:3.519 lr:4.50e-05 0s
  >> Val MRR:0.5969 H@1:47.0% H@10:84.8% ** BEST **
  Training done: 86s, best_val_MRR=0.5969
  Full test evaluation (1074 triples)...

  FINAL TEST: MRR=0.5907 H@1=44.9% H@3=67.9% H@10=85.8%
  Saved: /home/shanxh/decoder/Kinship_d200_L0_ls0.3_ComplEx_seed123.json
=== Kinship/ComplEx@d200/L0/ls0.3/seed123 rc=0 in 91s ===
=== [33/81] Kinship/ComplEx@d200/L0/ls0.3/seed456 ===
Device: cuda, AMP: True
GPU: NVIDIA GeForce RTX 2080 Ti, 11.3 GB
======================================================================
CompGCN+DistMult | Kinship | seed=456
d_h=200 L=0 lr=0.0005 ls=0.3 epochs=300
======================================================================
  KG: 104 ent, 50 rel, 17088 edges
  Train/Val/Test: 8544/1068/1074
  Params: 31,200
  Training: epochs=300, lr=0.0005, batch=4096, ls=0.3
  Steps/epoch: 2
  E  1/300 Loss:6.982 lr:5.00e-04 0s
  >> Val MRR:0.0456 H@1:0.6% H@10:9.8% ** BEST **
  E 10/300 Loss:6.289 lr:5.00e-04 0s
  >> Val MRR:0.0472 H@1:0.6% H@10:10.0% ** BEST **
  >> Val MRR:0.0495 H@1:0.6% H@10:10.2% ** BEST **
  E 20/300 Loss:5.771 lr:5.00e-04 0s
  >> Val MRR:0.0515 H@1:0.8% H@10:10.0% ** BEST **
  >> Val MRR:0.0551 H@1:1.4% H@10:10.2% ** BEST **
  E 30/300 Loss:5.395 lr:5.00e-04 0s
  >> Val MRR:0.0571 H@1:1.6% H@10:10.8% ** BEST **
  >> Val MRR:0.0597 H@1:1.8% H@10:11.4% ** BEST **
  E 40/300 Loss:5.096 lr:5.00e-04 0s
  >> Val MRR:0.0625 H@1:1.8% H@10:12.0% ** BEST **
  >> Val MRR:0.0690 H@1:2.4% H@10:13.6% ** BEST **
  E 50/300 Loss:4.840 lr:5.00e-04 0s
  >> Val MRR:0.0731 H@1:2.2% H@10:15.0% ** BEST **
  >> Val MRR:0.0832 H@1:2.8% H@10:16.0% ** BEST **
  E 60/300 Loss:4.608 lr:5.00e-04 0s
  >> Val MRR:0.0939 H@1:3.4% H@10:18.0% ** BEST **
  >> Val MRR:0.1125 H@1:4.4% H@10:21.6% ** BEST **
  E 70/300 Loss:4.391 lr:5.00e-04 0s
  >> Val MRR:0.1332 H@1:6.0% H@10:25.2% ** BEST **
  >> Val MRR:0.1561 H@1:7.8% H@10:30.0% ** BEST **
  E 80/300 Loss:4.196 lr:5.00e-04 0s
  >> Val MRR:0.1796 H@1:9.4% H@10:33.2% ** BEST **
  >> Val MRR:0.2060 H@1:10.6% H@10:39.6% ** BEST **
  E 90/300 Loss:4.034 lr:5.00e-04 0s
  >> Val MRR:0.2360 H@1:12.6% H@10:45.6% ** BEST **
  >> Val MRR:0.2755 H@1:16.6% H@10:51.2% ** BEST **
  E100/300 Loss:3.915 lr:5.00e-04 0s
  >> Val MRR:0.3031 H@1:18.6% H@10:55.4% ** BEST **
  >> Val MRR:0.3292 H@1:20.6% H@10:59.0% ** BEST **
  E110/300 Loss:3.824 lr:5.00e-04 0s
  >> Val MRR:0.3516 H@1:22.6% H@10:62.4% ** BEST **
  >> Val MRR:0.3701 H@1:24.0% H@10:65.6% ** BEST **
  E120/300 Loss:3.755 lr:5.00e-04 0s
  >> Val MRR:0.3864 H@1:25.4% H@10:69.0% ** BEST **
  >> Val MRR:0.4016 H@1:26.0% H@10:71.2% ** BEST **
  E130/300 Loss:3.701 lr:5.00e-04 0s
  >> Val MRR:0.4180 H@1:27.6% H@10:73.2% ** BEST **
  >> Val MRR:0.4276 H@1:27.6% H@10:74.6% ** BEST **
  E140/300 Loss:3.661 lr:5.00e-04 0s
  >> Val MRR:0.4477 H@1:29.4% H@10:76.2% ** BEST **
  >> Val MRR:0.4654 H@1:31.2% H@10:78.6% ** BEST **
  E150/300 Loss:3.628 lr:5.00e-04 0s
  >> Val MRR:0.4859 H@1:33.4% H@10:80.6% ** BEST **
  >> Val MRR:0.5018 H@1:35.2% H@10:81.4% ** BEST **
  E160/300 Loss:3.596 lr:5.00e-04 0s
  >> Val MRR:0.5223 H@1:37.8% H@10:82.2% ** BEST **
  >> Val MRR:0.5321 H@1:38.6% H@10:82.6% ** BEST **
  E170/300 Loss:3.573 lr:5.00e-04 0s
  >> Val MRR:0.5457 H@1:40.2% H@10:83.6% ** BEST **
  >> Val MRR:0.5554 H@1:41.2% H@10:84.4% ** BEST **
  E180/300 Loss:3.552 lr:1.50e-04 0s
  >> Val MRR:0.5685 H@1:42.6% H@10:85.8% ** BEST **
  >> Val MRR:0.5748 H@1:43.4% H@10:86.0% ** BEST **
  E190/300 Loss:3.545 lr:1.50e-04 0s
  >> Val MRR:0.5777 H@1:43.8% H@10:86.0% ** BEST **
  >> Val MRR:0.5813 H@1:44.2% H@10:86.2% ** BEST **
  E200/300 Loss:3.541 lr:1.50e-04 0s
  >> Val MRR:0.5837 H@1:44.4% H@10:86.6% ** BEST **
  >> Val MRR:0.5873 H@1:44.8% H@10:86.8% ** BEST **
  E210/300 Loss:3.534 lr:1.50e-04 0s
  >> Val MRR:0.5892 H@1:44.8% H@10:87.0% ** BEST **
  >> Val MRR:0.5908 H@1:44.8% H@10:87.2% ** BEST **
  E220/300 Loss:3.532 lr:1.50e-04 0s
  >> Val MRR:0.5923 H@1:44.8% H@10:87.4% ** BEST **
  >> Val MRR:0.5933 H@1:44.8% H@10:88.0% ** BEST **
  E230/300 Loss:3.526 lr:1.50e-04 0s
  >> Val MRR:0.5935 H@1:44.6% H@10:88.0% ** BEST **
  >> Val MRR:0.5948 H@1:44.6% H@10:88.2% ** BEST **
  E240/300 Loss:3.519 lr:4.50e-05 0s
  >> Val MRR:0.5994 H@1:45.2% H@10:88.6% ** BEST **
  >> Val MRR:0.6002 H@1:45.2% H@10:88.6% ** BEST **
  E250/300 Loss:3.520 lr:4.50e-05 0s
  >> Val MRR:0.6012 H@1:45.2% H@10:88.6% ** BEST **
  >> Val MRR:0.6011 (best:0.6012 p:1/30)
  E260/300 Loss:3.518 lr:4.50e-05 0s
  >> Val MRR:0.6011 (best:0.6012 p:2/30)
  >> Val MRR:0.6023 H@1:45.4% H@10:88.6% ** BEST **
  E270/300 Loss:3.516 lr:4.50e-05 0s
  >> Val MRR:0.6041 H@1:45.6% H@10:88.6% ** BEST **
  >> Val MRR:0.6044 H@1:45.6% H@10:88.8% ** BEST **
  E280/300 Loss:3.515 lr:4.50e-05 0s
  >> Val MRR:0.6049 H@1:45.6% H@10:89.0% ** BEST **
  >> Val MRR:0.6060 H@1:45.8% H@10:89.0% ** BEST **
  E290/300 Loss:3.514 lr:4.50e-05 0s
  >> Val MRR:0.6065 H@1:45.8% H@10:89.0% ** BEST **
  >> Val MRR:0.6068 H@1:45.8% H@10:89.0% ** BEST **
  E300/300 Loss:3.513 lr:4.50e-05 0s
  >> Val MRR:0.6072 H@1:45.8% H@10:89.2% ** BEST **
  Training done: 87s, best_val_MRR=0.6072
  Full test evaluation (1074 triples)...

  FINAL TEST: MRR=0.6071 H@1=46.3% H@3=70.2% H@10=87.5%
  Saved: /home/shanxh/decoder/Kinship_d200_L0_ls0.3_ComplEx_seed456.json
=== Kinship/ComplEx@d200/L0/ls0.3/seed456 rc=0 in 92s ===
=== [34/81] Kinship/ComplEx@d200/L3/ls0.3/seed42 ===
Device: cuda, AMP: True
GPU: NVIDIA GeForce RTX 2080 Ti, 11.3 GB
======================================================================
CompGCN+DistMult | Kinship | seed=42
d_h=200 L=3 lr=0.0005 ls=0.3 epochs=300
======================================================================
  KG: 104 ent, 50 rel, 17088 edges
  Train/Val/Test: 8544/1068/1074
  Params: 303,000
  Training: epochs=300, lr=0.0005, batch=4096, ls=0.3
  Steps/epoch: 2
  E  1/300 Loss:7.152 lr:5.00e-04 1s
  >> Val MRR:0.0541 H@1:1.2% H@10:11.6% ** BEST **
  E 10/300 Loss:6.360 lr:5.00e-04 0s
  >> Val MRR:0.0581 H@1:1.4% H@10:12.2% ** BEST **
  >> Val MRR:0.0619 H@1:1.2% H@10:13.0% ** BEST **
  E 20/300 Loss:5.676 lr:5.00e-04 0s
  >> Val MRR:0.0816 H@1:2.6% H@10:18.0% ** BEST **
  >> Val MRR:0.1259 H@1:5.4% H@10:27.6% ** BEST **
  E 30/300 Loss:5.123 lr:5.00e-04 0s
  >> Val MRR:0.1911 H@1:8.6% H@10:42.8% ** BEST **
  >> Val MRR:0.2635 H@1:12.4% H@10:57.2% ** BEST **
  E 40/300 Loss:4.684 lr:5.00e-04 0s
  >> Val MRR:0.3478 H@1:19.6% H@10:66.4% ** BEST **
  >> Val MRR:0.4124 H@1:26.0% H@10:73.0% ** BEST **
  E 50/300 Loss:4.452 lr:5.00e-04 0s
  >> Val MRR:0.4543 H@1:29.6% H@10:76.8% ** BEST **
  >> Val MRR:0.5002 H@1:35.0% H@10:80.8% ** BEST **
  E 60/300 Loss:4.273 lr:5.00e-04 0s
  >> Val MRR:0.5297 H@1:38.0% H@10:83.6% ** BEST **
  >> Val MRR:0.5553 H@1:40.0% H@10:85.0% ** BEST **
  E 70/300 Loss:4.142 lr:5.00e-04 0s
  >> Val MRR:0.5804 H@1:42.6% H@10:87.6% ** BEST **
  >> Val MRR:0.6060 H@1:45.6% H@10:89.4% ** BEST **
  E 80/300 Loss:4.067 lr:5.00e-04 0s
  >> Val MRR:0.6187 H@1:46.8% H@10:90.6% ** BEST **
  >> Val MRR:0.6309 H@1:47.8% H@10:91.4% ** BEST **
  E 90/300 Loss:4.008 lr:5.00e-04 0s
  >> Val MRR:0.6421 H@1:48.6% H@10:92.2% ** BEST **
  >> Val MRR:0.6628 H@1:52.4% H@10:93.0% ** BEST **
  E100/300 Loss:3.959 lr:5.00e-04 0s
  >> Val MRR:0.6761 H@1:53.8% H@10:93.6% ** BEST **
  >> Val MRR:0.6831 H@1:54.4% H@10:93.6% ** BEST **
  E110/300 Loss:3.926 lr:5.00e-04 0s
  >> Val MRR:0.6874 H@1:54.6% H@10:94.0% ** BEST **
  >> Val MRR:0.6867 (best:0.6874 p:1/30)
  E120/300 Loss:3.886 lr:5.00e-04 0s
  >> Val MRR:0.6949 H@1:55.4% H@10:94.4% ** BEST **
  >> Val MRR:0.7051 H@1:57.2% H@10:94.8% ** BEST **
  E130/300 Loss:3.854 lr:5.00e-04 0s
  >> Val MRR:0.7129 H@1:57.8% H@10:95.2% ** BEST **
  >> Val MRR:0.7198 H@1:58.6% H@10:96.0% ** BEST **
  E140/300 Loss:3.827 lr:5.00e-04 0s
  >> Val MRR:0.7310 H@1:60.2% H@10:96.2% ** BEST **
  >> Val MRR:0.7332 H@1:60.0% H@10:96.6% ** BEST **
  E150/300 Loss:3.809 lr:5.00e-04 0s
  >> Val MRR:0.7424 H@1:61.2% H@10:96.4% ** BEST **
  >> Val MRR:0.7431 H@1:61.0% H@10:96.2% ** BEST **
  E160/300 Loss:3.796 lr:5.00e-04 0s
  >> Val MRR:0.7490 H@1:61.8% H@10:96.4% ** BEST **
  >> Val MRR:0.7490 H@1:61.6% H@10:96.8% ** BEST **
  E170/300 Loss:3.783 lr:5.00e-04 0s
  >> Val MRR:0.7509 H@1:61.6% H@10:96.8% ** BEST **
  >> Val MRR:0.7533 H@1:62.0% H@10:96.8% ** BEST **
  E180/300 Loss:3.768 lr:1.50e-04 0s
  >> Val MRR:0.7562 H@1:62.8% H@10:96.6% ** BEST **
  >> Val MRR:0.7600 H@1:63.4% H@10:96.8% ** BEST **
  E190/300 Loss:3.748 lr:1.50e-04 0s
  >> Val MRR:0.7609 H@1:63.6% H@10:96.8% ** BEST **
  >> Val MRR:0.7599 (best:0.7609 p:1/30)
  E200/300 Loss:3.751 lr:1.50e-04 0s
  >> Val MRR:0.7614 H@1:63.8% H@10:96.6% ** BEST **
  >> Val MRR:0.7620 H@1:63.8% H@10:96.6% ** BEST **
  E210/300 Loss:3.749 lr:1.50e-04 0s
  >> Val MRR:0.7686 H@1:64.8% H@10:96.6% ** BEST **
  >> Val MRR:0.7699 H@1:65.0% H@10:96.8% ** BEST **
  E220/300 Loss:3.744 lr:1.50e-04 0s
  >> Val MRR:0.7710 H@1:65.2% H@10:96.8% ** BEST **
  >> Val MRR:0.7737 H@1:65.6% H@10:96.6% ** BEST **
  E230/300 Loss:3.731 lr:1.50e-04 0s
  >> Val MRR:0.7725 (best:0.7737 p:1/30)
  >> Val MRR:0.7733 (best:0.7737 p:2/30)
  E240/300 Loss:3.730 lr:4.50e-05 0s
  >> Val MRR:0.7727 (best:0.7737 p:3/30)
  E250/300 Loss:3.731 lr:4.50e-05 0s
  E260/300 Loss:3.736 lr:4.50e-05 0s
  E270/300 Loss:3.732 lr:4.50e-05 0s
  >> Val MRR:0.7750 H@1:65.4% H@10:96.8% ** BEST **
  E280/300 Loss:3.727 lr:4.50e-05 0s
  >> Val MRR:0.7741 (best:0.7750 p:1/30)
  >> Val MRR:0.7740 (best:0.7750 p:2/30)
  E290/300 Loss:3.726 lr:4.50e-05 0s
  >> Val MRR:0.7750 (best:0.7750 p:3/30)
  E300/300 Loss:3.717 lr:4.50e-05 0s
  Training done: 89s, best_val_MRR=0.7750
  Full test evaluation (1074 triples)...

  FINAL TEST: MRR=0.7796 H@1=66.9% H@3=87.4% H@10=97.3%
  Saved: /home/shanxh/decoder/Kinship_d200_L3_ls0.3_ComplEx_seed42.json
=== Kinship/ComplEx@d200/L3/ls0.3/seed42 rc=0 in 94s ===
=== [35/81] Kinship/ComplEx@d200/L3/ls0.3/seed123 ===
Device: cuda, AMP: True
GPU: NVIDIA GeForce RTX 2080 Ti, 11.3 GB
======================================================================
CompGCN+DistMult | Kinship | seed=123
d_h=200 L=3 lr=0.0005 ls=0.3 epochs=300
======================================================================
  KG: 104 ent, 50 rel, 17088 edges
  Train/Val/Test: 8544/1068/1074
  Params: 303,000
  Training: epochs=300, lr=0.0005, batch=4096, ls=0.3
  Steps/epoch: 2
  E  1/300 Loss:7.098 lr:5.00e-04 1s
  >> Val MRR:0.0558 H@1:1.0% H@10:12.2% ** BEST **
  E 10/300 Loss:6.344 lr:5.00e-04 0s
  >> Val MRR:0.0547 (best:0.0558 p:1/30)
  >> Val MRR:0.0538 (best:0.0558 p:2/30)
  E 20/300 Loss:5.721 lr:5.00e-04 0s
  >> Val MRR:0.0578 H@1:0.8% H@10:12.8% ** BEST **
  >> Val MRR:0.0858 H@1:2.6% H@10:17.8% ** BEST **
  E 30/300 Loss:5.211 lr:5.00e-04 0s
  >> Val MRR:0.1427 H@1:6.6% H@10:27.4% ** BEST **
  >> Val MRR:0.2109 H@1:11.6% H@10:40.4% ** BEST **
  E 40/300 Loss:4.774 lr:5.00e-04 0s
  >> Val MRR:0.2843 H@1:17.8% H@10:52.4% ** BEST **
  >> Val MRR:0.3475 H@1:21.8% H@10:63.6% ** BEST **
  E 50/300 Loss:4.473 lr:5.00e-04 0s
  >> Val MRR:0.4043 H@1:26.4% H@10:71.6% ** BEST **
  >> Val MRR:0.4636 H@1:32.2% H@10:76.0% ** BEST **
  E 60/300 Loss:4.303 lr:5.00e-04 0s
  >> Val MRR:0.5158 H@1:37.6% H@10:79.6% ** BEST **
  >> Val MRR:0.5363 H@1:38.8% H@10:81.8% ** BEST **
  E 70/300 Loss:4.171 lr:5.00e-04 0s
  >> Val MRR:0.5603 H@1:41.0% H@10:85.4% ** BEST **
  >> Val MRR:0.5832 H@1:43.2% H@10:86.8% ** BEST **
  E 80/300 Loss:4.084 lr:5.00e-04 0s
  >> Val MRR:0.6016 H@1:44.8% H@10:88.6% ** BEST **
  >> Val MRR:0.6268 H@1:48.0% H@10:89.6% ** BEST **
  E 90/300 Loss:4.023 lr:5.00e-04 0s
  >> Val MRR:0.6360 H@1:49.2% H@10:90.8% ** BEST **
  >> Val MRR:0.6491 H@1:50.2% H@10:91.0% ** BEST **
  E100/300 Loss:3.978 lr:5.00e-04 0s
  >> Val MRR:0.6642 H@1:51.2% H@10:92.2% ** BEST **
  >> Val MRR:0.6787 H@1:53.0% H@10:92.6% ** BEST **
  E110/300 Loss:3.922 lr:5.00e-04 0s
  >> Val MRR:0.6889 H@1:54.6% H@10:93.2% ** BEST **
  >> Val MRR:0.7005 H@1:56.4% H@10:93.4% ** BEST **
  E120/300 Loss:3.881 lr:5.00e-04 0s
  >> Val MRR:0.7142 H@1:58.8% H@10:94.2% ** BEST **
  >> Val MRR:0.7183 H@1:59.0% H@10:94.6% ** BEST **
  E130/300 Loss:3.848 lr:5.00e-04 0s
  >> Val MRR:0.7205 H@1:59.0% H@10:95.0% ** BEST **
  >> Val MRR:0.7265 H@1:59.6% H@10:95.2% ** BEST **
  E140/300 Loss:3.826 lr:5.00e-04 0s
  >> Val MRR:0.7337 H@1:60.4% H@10:95.8% ** BEST **
  >> Val MRR:0.7418 H@1:62.0% H@10:95.8% ** BEST **
  E150/300 Loss:3.816 lr:5.00e-04 0s
  >> Val MRR:0.7502 H@1:63.0% H@10:95.8% ** BEST **
  >> Val MRR:0.7502 (best:0.7502 p:1/30)
  E160/300 Loss:3.789 lr:5.00e-04 0s
  >> Val MRR:0.7573 H@1:64.0% H@10:96.4% ** BEST **
  >> Val MRR:0.7560 (best:0.7573 p:1/30)
  E170/300 Loss:3.764 lr:5.00e-04 0s
  >> Val MRR:0.7552 (best:0.7573 p:2/30)
  >> Val MRR:0.7591 H@1:64.2% H@10:96.6% ** BEST **
  E180/300 Loss:3.760 lr:1.50e-04 0s
  >> Val MRR:0.7652 H@1:64.8% H@10:96.8% ** BEST **
  >> Val MRR:0.7698 H@1:65.6% H@10:96.8% ** BEST **
  E190/300 Loss:3.749 lr:1.50e-04 0s
  >> Val MRR:0.7682 (best:0.7698 p:1/30)
  >> Val MRR:0.7712 H@1:65.6% H@10:96.8% ** BEST **
  E200/300 Loss:3.749 lr:1.50e-04 0s
  >> Val MRR:0.7750 H@1:66.2% H@10:96.8% ** BEST **
  >> Val MRR:0.7748 (best:0.7750 p:1/30)
  E210/300 Loss:3.748 lr:1.50e-04 0s
  >> Val MRR:0.7776 H@1:66.6% H@10:97.0% ** BEST **
  >> Val MRR:0.7770 (best:0.7776 p:1/30)
  E220/300 Loss:3.732 lr:1.50e-04 0s
  >> Val MRR:0.7765 (best:0.7776 p:2/30)
  >> Val MRR:0.7795 H@1:66.8% H@10:97.2% ** BEST **
  E230/300 Loss:3.734 lr:1.50e-04 0s
  >> Val MRR:0.7793 (best:0.7795 p:1/30)
  >> Val MRR:0.7795 H@1:66.6% H@10:97.2% ** BEST **
  E240/300 Loss:3.724 lr:4.50e-05 0s
  >> Val MRR:0.7792 (best:0.7795 p:1/30)
  >> Val MRR:0.7785 (best:0.7795 p:2/30)
  E250/300 Loss:3.729 lr:4.50e-05 0s
  >> Val MRR:0.7803 H@1:66.8% H@10:97.2% ** BEST **
  >> Val MRR:0.7793 (best:0.7803 p:1/30)
  E260/300 Loss:3.721 lr:4.50e-05 0s
  >> Val MRR:0.7798 (best:0.7803 p:2/30)
  >> Val MRR:0.7804 H@1:66.8% H@10:97.2% ** BEST **
  E270/300 Loss:3.730 lr:4.50e-05 0s
  >> Val MRR:0.7806 H@1:66.8% H@10:97.2% ** BEST **
  >> Val MRR:0.7802 (best:0.7806 p:1/30)
  E280/300 Loss:3.720 lr:4.50e-05 0s
  >> Val MRR:0.7801 (best:0.7806 p:2/30)
  >> Val MRR:0.7804 (best:0.7806 p:3/30)
  E290/300 Loss:3.720 lr:4.50e-05 0s
  >> Val MRR:0.7811 H@1:66.8% H@10:97.2% ** BEST **
  >> Val MRR:0.7814 H@1:67.0% H@10:97.2% ** BEST **
  E300/300 Loss:3.714 lr:4.50e-05 0s
  >> Val MRR:0.7812 (best:0.7814 p:1/30)
  Training done: 90s, best_val_MRR=0.7814
  Full test evaluation (1074 triples)...

  FINAL TEST: MRR=0.7703 H@1=65.2% H@3=86.7% H@10=97.0%
  Saved: /home/shanxh/decoder/Kinship_d200_L3_ls0.3_ComplEx_seed123.json
=== Kinship/ComplEx@d200/L3/ls0.3/seed123 rc=0 in 95s ===
=== [36/81] Kinship/ComplEx@d200/L3/ls0.3/seed456 ===
Device: cuda, AMP: True
GPU: NVIDIA GeForce RTX 2080 Ti, 11.3 GB
======================================================================
CompGCN+DistMult | Kinship | seed=456
d_h=200 L=3 lr=0.0005 ls=0.3 epochs=300
======================================================================
  KG: 104 ent, 50 rel, 17088 edges
  Train/Val/Test: 8544/1068/1074
  Params: 303,000
  Training: epochs=300, lr=0.0005, batch=4096, ls=0.3
  Steps/epoch: 2
  E  1/300 Loss:7.061 lr:5.00e-04 1s
  >> Val MRR:0.0408 H@1:0.2% H@10:8.4% ** BEST **
  E 10/300 Loss:6.359 lr:5.00e-04 0s
  >> Val MRR:0.0418 H@1:0.2% H@10:7.8% ** BEST **
  >> Val MRR:0.0530 H@1:1.0% H@10:9.8% ** BEST **
  E 20/300 Loss:5.717 lr:5.00e-04 0s
  >> Val MRR:0.0674 H@1:1.8% H@10:14.2% ** BEST **
  >> Val MRR:0.0955 H@1:2.8% H@10:22.2% ** BEST **
  E 30/300 Loss:5.177 lr:5.00e-04 0s
  >> Val MRR:0.1726 H@1:9.0% H@10:33.8% ** BEST **
  >> Val MRR:0.2371 H@1:13.6% H@10:43.4% ** BEST **
  E 40/300 Loss:4.769 lr:5.00e-04 0s
  >> Val MRR:0.2998 H@1:18.0% H@10:54.8% ** BEST **
  >> Val MRR:0.3533 H@1:21.4% H@10:64.4% ** BEST **
  E 50/300 Loss:4.519 lr:5.00e-04 0s
  >> Val MRR:0.3950 H@1:25.0% H@10:71.4% ** BEST **
  >> Val MRR:0.4385 H@1:29.8% H@10:76.2% ** BEST **
  E 60/300 Loss:4.305 lr:5.00e-04 0s
  >> Val MRR:0.4697 H@1:31.6% H@10:81.4% ** BEST **
  >> Val MRR:0.5018 H@1:34.4% H@10:82.6% ** BEST **
  E 70/300 Loss:4.192 lr:5.00e-04 0s
  >> Val MRR:0.5252 H@1:36.4% H@10:86.2% ** BEST **
  >> Val MRR:0.5597 H@1:40.8% H@10:87.8% ** BEST **
  E 80/300 Loss:4.095 lr:5.00e-04 0s
  >> Val MRR:0.5754 H@1:42.0% H@10:89.6% ** BEST **
  >> Val MRR:0.6005 H@1:45.2% H@10:90.6% ** BEST **
  E 90/300 Loss:4.010 lr:5.00e-04 0s
  >> Val MRR:0.6124 H@1:45.8% H@10:91.6% ** BEST **
  >> Val MRR:0.6283 H@1:47.2% H@10:92.2% ** BEST **
  E100/300 Loss:3.951 lr:5.00e-04 0s
  >> Val MRR:0.6399 H@1:48.4% H@10:93.2% ** BEST **
  >> Val MRR:0.6476 H@1:49.0% H@10:93.6% ** BEST **
  E110/300 Loss:3.920 lr:5.00e-04 0s
  >> Val MRR:0.6628 H@1:51.0% H@10:94.8% ** BEST **
  >> Val MRR:0.6768 H@1:52.4% H@10:94.8% ** BEST **
  E120/300 Loss:3.877 lr:5.00e-04 0s
  >> Val MRR:0.6842 H@1:53.0% H@10:95.2% ** BEST **
  >> Val MRR:0.6860 H@1:53.2% H@10:95.4% ** BEST **
  E130/300 Loss:3.848 lr:5.00e-04 0s
  >> Val MRR:0.6957 H@1:54.2% H@10:95.4% ** BEST **
  >> Val MRR:0.7067 H@1:56.0% H@10:95.4% ** BEST **
  E140/300 Loss:3.818 lr:5.00e-04 0s
  >> Val MRR:0.7091 H@1:56.0% H@10:96.0% ** BEST **
  >> Val MRR:0.7102 H@1:55.8% H@10:96.2% ** BEST **
  E150/300 Loss:3.800 lr:5.00e-04 0s
  >> Val MRR:0.7243 H@1:57.8% H@10:96.2% ** BEST **
  >> Val MRR:0.7282 H@1:58.6% H@10:96.0% ** BEST **
  E160/300 Loss:3.784 lr:5.00e-04 0s
  >> Val MRR:0.7353 H@1:59.8% H@10:96.2% ** BEST **
  >> Val MRR:0.7414 H@1:60.6% H@10:96.2% ** BEST **
  E170/300 Loss:3.773 lr:5.00e-04 0s
  >> Val MRR:0.7490 H@1:62.2% H@10:96.2% ** BEST **
  >> Val MRR:0.7619 H@1:64.6% H@10:96.4% ** BEST **
  E180/300 Loss:3.751 lr:1.50e-04 0s
  >> Val MRR:0.7652 H@1:65.0% H@10:96.8% ** BEST **
  >> Val MRR:0.7644 (best:0.7652 p:1/30)
  E190/300 Loss:3.743 lr:1.50e-04 0s
  >> Val MRR:0.7647 (best:0.7652 p:2/30)
  >> Val MRR:0.7673 H@1:65.0% H@10:96.8% ** BEST **
  E200/300 Loss:3.741 lr:1.50e-04 0s
  >> Val MRR:0.7700 H@1:65.4% H@10:96.4% ** BEST **
  >> Val MRR:0.7702 H@1:65.4% H@10:96.6% ** BEST **
  E210/300 Loss:3.732 lr:1.50e-04 0s
  >> Val MRR:0.7736 H@1:65.8% H@10:96.6% ** BEST **
  >> Val MRR:0.7734 (best:0.7736 p:1/30)
  E220/300 Loss:3.734 lr:1.50e-04 0s
  >> Val MRR:0.7769 H@1:66.6% H@10:96.8% ** BEST **
  >> Val MRR:0.7816 H@1:67.2% H@10:97.0% ** BEST **
  E230/300 Loss:3.722 lr:1.50e-04 0s
  >> Val MRR:0.7837 H@1:67.4% H@10:96.6% ** BEST **
  >> Val MRR:0.7871 H@1:68.0% H@10:96.8% ** BEST **
  E240/300 Loss:3.716 lr:4.50e-05 0s
  >> Val MRR:0.7871 (best:0.7871 p:1/30)
  >> Val MRR:0.7881 H@1:68.2% H@10:96.8% ** BEST **
  E250/300 Loss:3.726 lr:4.50e-05 0s
  >> Val MRR:0.7879 (best:0.7881 p:1/30)
  >> Val MRR:0.7828 (best:0.7881 p:2/30)
  E260/300 Loss:3.718 lr:4.50e-05 0s
  >> Val MRR:0.7879 (best:0.7881 p:3/30)
  E270/300 Loss:3.717 lr:4.50e-05 0s
  >> Val MRR:0.7909 H@1:68.6% H@10:96.8% ** BEST **
  >> Val MRR:0.7886 (best:0.7909 p:1/30)
  E280/300 Loss:3.710 lr:4.50e-05 0s
  >> Val MRR:0.7898 (best:0.7909 p:2/30)
  >> Val MRR:0.7926 H@1:68.8% H@10:97.2% ** BEST **
  E290/300 Loss:3.714 lr:4.50e-05 0s
  >> Val MRR:0.7907 (best:0.7926 p:1/30)
  >> Val MRR:0.7912 (best:0.7926 p:2/30)
  E300/300 Loss:3.714 lr:4.50e-05 0s
  >> Val MRR:0.7923 (best:0.7926 p:3/30)
  Training done: 92s, best_val_MRR=0.7926
  Full test evaluation (1074 triples)...

  FINAL TEST: MRR=0.7943 H@1=69.3% H@3=87.7% H@10=97.1%
  Saved: /home/shanxh/decoder/Kinship_d200_L3_ls0.3_ComplEx_seed456.json
=== Kinship/ComplEx@d200/L3/ls0.3/seed456 rc=0 in 97s ===
=== [37/81] WN18RR-er50/ComplEx@d200/L2/ls0.3/seed42 ===
Device: cuda, AMP: True
GPU: NVIDIA GeForce RTX 2080 Ti, 11.3 GB
======================================================================
CompGCN+DistMult | WN18RR-er50 | seed=42
d_h=200 L=2 lr=0.0005 ls=0.3 epochs=300
======================================================================
  KG: 10084 ent, 22 rel, 1100 edges
  Train/Val/Test: 550/3034/3134
  Params: 2,191,600
  Training: epochs=300, lr=0.0005, batch=4096, ls=0.3
  Steps/epoch: 1
/home/shanxh/decoder/train.py:362: UserWarning: Detected call of `lr_scheduler.step()` before `optimizer.step()`. In PyTorch 1.1.0 and later, you should call them in the opposite order: `optimizer.step()` before `lr_scheduler.step()`.  Failure to do this will result in PyTorch skipping the first value of the learning rate schedule. See more details at https://pytorch.org/docs/stable/optim.html#how-to-adjust-learning-rate
  scheduler.step()
  E  1/300 Loss:12.292 lr:5.00e-04 0s
  >> Val MRR:0.0006 H@1:0.0% H@10:0.0% ** BEST **
  E 10/300 Loss:7.361 lr:5.00e-04 0s
  >> Val MRR:0.0006 (best:0.0006 p:1/30)
  >> Val MRR:0.0005 (best:0.0006 p:2/30)
  E 20/300 Loss:5.183 lr:5.00e-04 0s
  >> Val MRR:0.0005 (best:0.0006 p:3/30)
  E 30/300 Loss:4.861 lr:5.00e-04 0s
  E 40/300 Loss:4.743 lr:5.00e-04 0s
  E 50/300 Loss:4.570 lr:5.00e-04 0s
  >> Val MRR:0.0006 (best:0.0006 p:10/30)
  E 60/300 Loss:4.495 lr:5.00e-04 0s
  >> Val MRR:0.0006 H@1:0.0% H@10:0.0% ** BEST **
  >> Val MRR:0.0006 H@1:0.0% H@10:0.0% ** BEST **
  E 70/300 Loss:4.433 lr:5.00e-04 0s
  >> Val MRR:0.0007 H@1:0.0% H@10:0.0% ** BEST **
  >> Val MRR:0.0006 (best:0.0007 p:1/30)
  E 80/300 Loss:4.390 lr:5.00e-04 0s
  >> Val MRR:0.0006 (best:0.0007 p:2/30)
  >> Val MRR:0.0006 (best:0.0007 p:3/30)
  E 90/300 Loss:4.332 lr:5.00e-04 0s
  E100/300 Loss:4.286 lr:5.00e-04 0s
  E110/300 Loss:4.254 lr:5.00e-04 0s
  E120/300 Loss:4.221 lr:5.00e-04 0s
  >> Val MRR:0.0006 (best:0.0007 p:10/30)
  E130/300 Loss:4.200 lr:5.00e-04 0s
  E140/300 Loss:4.148 lr:5.00e-04 0s
  E150/300 Loss:4.170 lr:5.00e-04 0s
  E160/300 Loss:4.123 lr:5.00e-04 0s
  E170/300 Loss:4.148 lr:5.00e-04 0s
  >> Val MRR:0.0006 (best:0.0007 p:20/30)
  E180/300 Loss:4.092 lr:1.50e-04 0s
  E190/300 Loss:4.094 lr:1.50e-04 0s
  E200/300 Loss:4.078 lr:1.50e-04 0s
  E210/300 Loss:4.061 lr:1.50e-04 0s
  E220/300 Loss:4.071 lr:1.50e-04 0s
  >> Val MRR:0.0006 (best:0.0007 p:30/30)
  Early stop at epoch 220
  Training done: 12s, best_val_MRR=0.0007
  Full test evaluation (3134 triples)...

  FINAL TEST: MRR=0.0010 H@1=0.0% H@3=0.0% H@10=0.1%
  Saved: /home/shanxh/decoder/WN18RR-er50_d200_L2_ls0.3_ComplEx_seed42.json
=== WN18RR-er50/ComplEx@d200/L2/ls0.3/seed42 rc=0 in 16s ===
=== [38/81] WN18RR-er50/ComplEx@d200/L2/ls0.3/seed123 ===
Device: cuda, AMP: True
GPU: NVIDIA GeForce RTX 2080 Ti, 11.3 GB
======================================================================
CompGCN+DistMult | WN18RR-er50 | seed=123
d_h=200 L=2 lr=0.0005 ls=0.3 epochs=300
======================================================================
  KG: 10084 ent, 22 rel, 1100 edges
  Train/Val/Test: 550/3034/3134
  Params: 2,191,600
  Training: epochs=300, lr=0.0005, batch=4096, ls=0.3
  Steps/epoch: 1
/home/shanxh/decoder/train.py:362: UserWarning: Detected call of `lr_scheduler.step()` before `optimizer.step()`. In PyTorch 1.1.0 and later, you should call them in the opposite order: `optimizer.step()` before `lr_scheduler.step()`.  Failure to do this will result in PyTorch skipping the first value of the learning rate schedule. See more details at https://pytorch.org/docs/stable/optim.html#how-to-adjust-learning-rate
  scheduler.step()
  E  1/300 Loss:12.447 lr:5.00e-04 0s
  >> Val MRR:0.0022 H@1:0.0% H@10:0.6% ** BEST **
  E 10/300 Loss:7.443 lr:5.00e-04 0s
  >> Val MRR:0.0019 (best:0.0022 p:1/30)
  >> Val MRR:0.0012 (best:0.0022 p:2/30)
  E 20/300 Loss:5.178 lr:5.00e-04 0s
  >> Val MRR:0.0008 (best:0.0022 p:3/30)
  E 30/300 Loss:4.913 lr:5.00e-04 0s
  E 40/300 Loss:4.722 lr:5.00e-04 0s
  E 50/300 Loss:4.666 lr:5.00e-04 0s
  >> Val MRR:0.0012 (best:0.0022 p:10/30)
  E 60/300 Loss:4.547 lr:5.00e-04 0s
  E 70/300 Loss:4.450 lr:5.00e-04 0s
  E 80/300 Loss:4.414 lr:5.00e-04 0s
  E 90/300 Loss:4.356 lr:5.00e-04 0s
  E100/300 Loss:4.326 lr:5.00e-04 0s
  >> Val MRR:0.0011 (best:0.0022 p:20/30)
  E110/300 Loss:4.241 lr:5.00e-04 0s
  E120/300 Loss:4.231 lr:5.00e-04 0s
  E130/300 Loss:4.167 lr:5.00e-04 0s
  E140/300 Loss:4.182 lr:5.00e-04 0s
  E150/300 Loss:4.180 lr:5.00e-04 0s
  >> Val MRR:0.0013 (best:0.0022 p:30/30)
  Early stop at epoch 155
  Training done: 9s, best_val_MRR=0.0022
  Full test evaluation (3134 triples)...

  FINAL TEST: MRR=0.0020 H@1=0.1% H@3=0.2% H@10=0.3%
  Saved: /home/shanxh/decoder/WN18RR-er50_d200_L2_ls0.3_ComplEx_seed123.json
=== WN18RR-er50/ComplEx@d200/L2/ls0.3/seed123 rc=0 in 13s ===
=== [39/81] WN18RR-er50/ComplEx@d200/L2/ls0.3/seed456 ===
Device: cuda, AMP: True
GPU: NVIDIA GeForce RTX 2080 Ti, 11.3 GB
======================================================================
CompGCN+DistMult | WN18RR-er50 | seed=456
d_h=200 L=2 lr=0.0005 ls=0.3 epochs=300
======================================================================
  KG: 10084 ent, 22 rel, 1100 edges
  Train/Val/Test: 550/3034/3134
  Params: 2,191,600
  Training: epochs=300, lr=0.0005, batch=4096, ls=0.3
  Steps/epoch: 1
/home/shanxh/decoder/train.py:362: UserWarning: Detected call of `lr_scheduler.step()` before `optimizer.step()`. In PyTorch 1.1.0 and later, you should call them in the opposite order: `optimizer.step()` before `lr_scheduler.step()`.  Failure to do this will result in PyTorch skipping the first value of the learning rate schedule. See more details at https://pytorch.org/docs/stable/optim.html#how-to-adjust-learning-rate
  scheduler.step()
  E  1/300 Loss:12.440 lr:5.00e-04 0s
  >> Val MRR:0.0008 H@1:0.0% H@10:0.0% ** BEST **
  E 10/300 Loss:7.409 lr:5.00e-04 0s
  >> Val MRR:0.0010 H@1:0.0% H@10:0.0% ** BEST **
  >> Val MRR:0.0013 H@1:0.0% H@10:0.4% ** BEST **
  E 20/300 Loss:5.206 lr:5.00e-04 0s
  >> Val MRR:0.0014 H@1:0.0% H@10:0.4% ** BEST **
  >> Val MRR:0.0015 H@1:0.0% H@10:0.4% ** BEST **
  E 30/300 Loss:4.895 lr:5.00e-04 0s
  >> Val MRR:0.0027 H@1:0.2% H@10:0.2% ** BEST **
  >> Val MRR:0.0027 (best:0.0027 p:1/30)
  E 40/300 Loss:4.665 lr:5.00e-04 0s
  >> Val MRR:0.0026 (best:0.0027 p:2/30)
  >> Val MRR:0.0026 (best:0.0027 p:3/30)
  E 50/300 Loss:4.621 lr:5.00e-04 0s
  E 60/300 Loss:4.477 lr:5.00e-04 0s
  E 70/300 Loss:4.430 lr:5.00e-04 0s
  E 80/300 Loss:4.362 lr:5.00e-04 0s
  >> Val MRR:0.0006 (best:0.0027 p:10/30)
  E 90/300 Loss:4.342 lr:5.00e-04 0s
  E100/300 Loss:4.275 lr:5.00e-04 0s
  E110/300 Loss:4.257 lr:5.00e-04 0s
  E120/300 Loss:4.226 lr:5.00e-04 0s
  E130/300 Loss:4.178 lr:5.00e-04 0s
  >> Val MRR:0.0007 (best:0.0027 p:20/30)
  E140/300 Loss:4.187 lr:5.00e-04 0s
  E150/300 Loss:4.168 lr:5.00e-04 0s
  E160/300 Loss:4.161 lr:5.00e-04 0s
  E170/300 Loss:4.081 lr:5.00e-04 0s
  E180/300 Loss:4.095 lr:1.50e-04 0s
  >> Val MRR:0.0007 (best:0.0027 p:30/30)
  Early stop at epoch 180
  Training done: 11s, best_val_MRR=0.0027
  Full test evaluation (3134 triples)...

  FINAL TEST: MRR=0.0007 H@1=0.0% H@3=0.0% H@10=0.0%
  Saved: /home/shanxh/decoder/WN18RR-er50_d200_L2_ls0.3_ComplEx_seed456.json
=== WN18RR-er50/ComplEx@d200/L2/ls0.3/seed456 rc=0 in 14s ===
=== [40/81] WN18RR-er50/DistMult@d200/L2/ls0.3/seed42 ===
Device: cuda, AMP: True
GPU: NVIDIA GeForce RTX 2080 Ti, 11.3 GB
======================================================================
CompGCN+DistMult | WN18RR-er50 | seed=42
d_h=200 L=2 lr=0.0005 ls=0.3 epochs=300
======================================================================
  KG: 10084 ent, 22 rel, 1100 edges
  Train/Val/Test: 550/3034/3134
  Params: 2,191,600
  Training: epochs=300, lr=0.0005, batch=4096, ls=0.3
  Steps/epoch: 1
  E  1/300 Loss:10.185 lr:5.00e-04 1s
  >> Val MRR:0.0006 H@1:0.0% H@10:0.0% ** BEST **
  E 10/300 Loss:7.205 lr:5.00e-04 0s
  >> Val MRR:0.0005 (best:0.0006 p:1/30)
  >> Val MRR:0.0005 (best:0.0006 p:2/30)
  E 20/300 Loss:5.420 lr:5.00e-04 0s
  >> Val MRR:0.0005 (best:0.0006 p:3/30)
  E 30/300 Loss:4.687 lr:5.00e-04 0s
  E 40/300 Loss:4.424 lr:5.00e-04 0s
  E 50/300 Loss:4.322 lr:5.00e-04 0s
  >> Val MRR:0.0004 (best:0.0006 p:10/30)
  E 60/300 Loss:4.279 lr:5.00e-04 0s
  E 70/300 Loss:4.247 lr:5.00e-04 0s
  >> Val MRR:0.0007 H@1:0.0% H@10:0.0% ** BEST **
  E 80/300 Loss:4.194 lr:5.00e-04 0s
  >> Val MRR:0.0010 H@1:0.0% H@10:0.0% ** BEST **
  >> Val MRR:0.0015 H@1:0.0% H@10:0.4% ** BEST **
  E 90/300 Loss:4.138 lr:5.00e-04 0s
  >> Val MRR:0.0016 H@1:0.0% H@10:0.4% ** BEST **
  >> Val MRR:0.0016 (best:0.0016 p:1/30)
  E100/300 Loss:4.140 lr:5.00e-04 0s
  >> Val MRR:0.0015 (best:0.0016 p:2/30)
  >> Val MRR:0.0015 (best:0.0016 p:3/30)
  E110/300 Loss:4.174 lr:5.00e-04 0s
  >> Val MRR:0.0017 H@1:0.0% H@10:0.4% ** BEST **
  E120/300 Loss:4.115 lr:5.00e-04 0s
  >> Val MRR:0.0019 H@1:0.0% H@10:0.6% ** BEST **
  >> Val MRR:0.0019 H@1:0.0% H@10:0.6% ** BEST **
  E130/300 Loss:4.092 lr:5.00e-04 0s
  >> Val MRR:0.0021 H@1:0.0% H@10:0.4% ** BEST **
  >> Val MRR:0.0020 (best:0.0021 p:1/30)
  E140/300 Loss:4.061 lr:5.00e-04 0s
  >> Val MRR:0.0019 (best:0.0021 p:2/30)
  >> Val MRR:0.0018 (best:0.0021 p:3/30)
  E150/300 Loss:4.078 lr:5.00e-04 0s
  E160/300 Loss:4.020 lr:5.00e-04 0s
  E170/300 Loss:4.034 lr:5.00e-04 0s
  E180/300 Loss:4.021 lr:1.50e-04 0s
  >> Val MRR:0.0015 (best:0.0021 p:10/30)
  E190/300 Loss:4.038 lr:1.50e-04 0s
  E200/300 Loss:3.981 lr:1.50e-04 0s
  E210/300 Loss:3.986 lr:1.50e-04 0s
  E220/300 Loss:3.987 lr:1.50e-04 0s
  E230/300 Loss:3.997 lr:1.50e-04 0s
  >> Val MRR:0.0014 (best:0.0021 p:20/30)
  E240/300 Loss:3.987 lr:4.50e-05 0s
  E250/300 Loss:4.000 lr:4.50e-05 0s
  E260/300 Loss:4.004 lr:4.50e-05 0s
  E270/300 Loss:3.977 lr:4.50e-05 0s
  E280/300 Loss:3.979 lr:4.50e-05 0s
  >> Val MRR:0.0013 (best:0.0021 p:30/30)
  Early stop at epoch 280
  Training done: 16s, best_val_MRR=0.0021
  Full test evaluation (3134 triples)...

  FINAL TEST: MRR=0.0041 H@1=0.3% H@3=0.4% H@10=0.4%
  Saved: /home/shanxh/decoder/WN18RR-er50_d200_L2_ls0.3_seed42.json
=== WN18RR-er50/DistMult@d200/L2/ls0.3/seed42 rc=0 in 19s ===
=== [41/81] WN18RR-er50/DistMult@d200/L2/ls0.3/seed123 ===
Device: cuda, AMP: True
GPU: NVIDIA GeForce RTX 2080 Ti, 11.3 GB
======================================================================
CompGCN+DistMult | WN18RR-er50 | seed=123
d_h=200 L=2 lr=0.0005 ls=0.3 epochs=300
======================================================================
  KG: 10084 ent, 22 rel, 1100 edges
  Train/Val/Test: 550/3034/3134
  Params: 2,191,600
  Training: epochs=300, lr=0.0005, batch=4096, ls=0.3
  Steps/epoch: 1
  E  1/300 Loss:10.147 lr:5.00e-04 1s
  >> Val MRR:0.0011 H@1:0.0% H@10:0.2% ** BEST **
  E 10/300 Loss:7.068 lr:5.00e-04 0s
  >> Val MRR:0.0009 (best:0.0011 p:1/30)
  >> Val MRR:0.0007 (best:0.0011 p:2/30)
  E 20/300 Loss:5.373 lr:5.00e-04 0s
  >> Val MRR:0.0006 (best:0.0011 p:3/30)
  E 30/300 Loss:4.739 lr:5.00e-04 0s
  E 40/300 Loss:4.469 lr:5.00e-04 0s
  E 50/300 Loss:4.334 lr:5.00e-04 0s
  >> Val MRR:0.0012 H@1:0.0% H@10:0.4% ** BEST **
  >> Val MRR:0.0013 H@1:0.0% H@10:0.4% ** BEST **
  E 60/300 Loss:4.277 lr:5.00e-04 0s
  >> Val MRR:0.0015 H@1:0.0% H@10:0.6% ** BEST **
  >> Val MRR:0.0021 H@1:0.0% H@10:0.6% ** BEST **
  E 70/300 Loss:4.274 lr:5.00e-04 0s
  >> Val MRR:0.0035 H@1:0.2% H@10:0.4% ** BEST **
  >> Val MRR:0.0035 (best:0.0035 p:1/30)
  E 80/300 Loss:4.228 lr:5.00e-04 0s
  >> Val MRR:0.0027 (best:0.0035 p:2/30)
  >> Val MRR:0.0011 (best:0.0035 p:3/30)
  E 90/300 Loss:4.187 lr:5.00e-04 0s
  E100/300 Loss:4.185 lr:5.00e-04 0s
  E110/300 Loss:4.127 lr:5.00e-04 0s
  E120/300 Loss:4.140 lr:5.00e-04 0s
  >> Val MRR:0.0016 (best:0.0035 p:10/30)
  E130/300 Loss:4.087 lr:5.00e-04 0s
  E140/300 Loss:4.101 lr:5.00e-04 0s
  E150/300 Loss:4.079 lr:5.00e-04 0s
  E160/300 Loss:4.046 lr:5.00e-04 0s
  E170/300 Loss:4.036 lr:5.00e-04 0s
  >> Val MRR:0.0009 (best:0.0035 p:20/30)
  E180/300 Loss:4.033 lr:1.50e-04 0s
  E190/300 Loss:4.008 lr:1.50e-04 0s
  E200/300 Loss:4.010 lr:1.50e-04 0s
  E210/300 Loss:4.004 lr:1.50e-04 0s
  E220/300 Loss:3.994 lr:1.50e-04 0s
  >> Val MRR:0.0010 (best:0.0035 p:30/30)
  Early stop at epoch 220
  Training done: 12s, best_val_MRR=0.0035
  Full test evaluation (3134 triples)...

  FINAL TEST: MRR=0.0042 H@1=0.3% H@3=0.4% H@10=0.4%
  Saved: /home/shanxh/decoder/WN18RR-er50_d200_L2_ls0.3_seed123.json
=== WN18RR-er50/DistMult@d200/L2/ls0.3/seed123 rc=0 in 16s ===
=== [42/81] WN18RR-er50/DistMult@d200/L2/ls0.3/seed456 ===
Device: cuda, AMP: True
GPU: NVIDIA GeForce RTX 2080 Ti, 11.3 GB
======================================================================
CompGCN+DistMult | WN18RR-er50 | seed=456
d_h=200 L=2 lr=0.0005 ls=0.3 epochs=300
======================================================================
  KG: 10084 ent, 22 rel, 1100 edges
  Train/Val/Test: 550/3034/3134
  Params: 2,191,600
  Training: epochs=300, lr=0.0005, batch=4096, ls=0.3
  Steps/epoch: 1
  E  1/300 Loss:10.096 lr:5.00e-04 1s
  >> Val MRR:0.0012 H@1:0.0% H@10:0.2% ** BEST **
  E 10/300 Loss:7.334 lr:5.00e-04 0s
  >> Val MRR:0.0011 (best:0.0012 p:1/30)
  >> Val MRR:0.0006 (best:0.0012 p:2/30)
  E 20/300 Loss:5.488 lr:5.00e-04 0s
  >> Val MRR:0.0005 (best:0.0012 p:3/30)
  E 30/300 Loss:4.701 lr:5.00e-04 0s
  E 40/300 Loss:4.414 lr:5.00e-04 0s
  E 50/300 Loss:4.370 lr:5.00e-04 0s
  >> Val MRR:0.0007 (best:0.0012 p:10/30)
  E 60/300 Loss:4.278 lr:5.00e-04 0s
  E 70/300 Loss:4.228 lr:5.00e-04 0s
  E 80/300 Loss:4.208 lr:5.00e-04 0s
  E 90/300 Loss:4.192 lr:5.00e-04 0s
  E100/300 Loss:4.157 lr:5.00e-04 0s
  >> Val MRR:0.0006 (best:0.0012 p:20/30)
  E110/300 Loss:4.139 lr:5.00e-04 0s
  E120/300 Loss:4.108 lr:5.00e-04 0s
  E130/300 Loss:4.111 lr:5.00e-04 0s
  E140/300 Loss:4.075 lr:5.00e-04 0s
  E150/300 Loss:4.070 lr:5.00e-04 0s
  >> Val MRR:0.0009 (best:0.0012 p:30/30)
  Early stop at epoch 155
  Training done: 9s, best_val_MRR=0.0012
  Full test evaluation (3134 triples)...

  FINAL TEST: MRR=0.0016 H@1=0.0% H@3=0.1% H@10=0.3%
  Saved: /home/shanxh/decoder/WN18RR-er50_d200_L2_ls0.3_seed456.json
=== WN18RR-er50/DistMult@d200/L2/ls0.3/seed456 rc=0 in 13s ===
=== [43/81] WN18RR-er100/ComplEx@d200/L2/ls0.3/seed42 ===
Device: cuda, AMP: True
GPU: NVIDIA GeForce RTX 2080 Ti, 11.3 GB
======================================================================
CompGCN+DistMult | WN18RR-er100 | seed=42
d_h=200 L=2 lr=0.0005 ls=0.3 epochs=300
======================================================================
  KG: 10645 ent, 22 rel, 2160 edges
  Train/Val/Test: 1080/3034/3134
  Params: 2,303,800
  Training: epochs=300, lr=0.0005, batch=4096, ls=0.3
  Steps/epoch: 1
/home/shanxh/decoder/train.py:362: UserWarning: Detected call of `lr_scheduler.step()` before `optimizer.step()`. In PyTorch 1.1.0 and later, you should call them in the opposite order: `optimizer.step()` before `lr_scheduler.step()`.  Failure to do this will result in PyTorch skipping the first value of the learning rate schedule. See more details at https://pytorch.org/docs/stable/optim.html#how-to-adjust-learning-rate
  scheduler.step()
  E  1/300 Loss:12.527 lr:5.00e-04 0s
  >> Val MRR:0.0007 H@1:0.0% H@10:0.0% ** BEST **
  E 10/300 Loss:7.740 lr:5.00e-04 0s
  >> Val MRR:0.0006 (best:0.0007 p:1/30)
  >> Val MRR:0.0007 H@1:0.0% H@10:0.0% ** BEST **
  E 20/300 Loss:5.535 lr:5.00e-04 0s
  >> Val MRR:0.0008 H@1:0.0% H@10:0.0% ** BEST **
  >> Val MRR:0.0010 H@1:0.0% H@10:0.0% ** BEST **
  E 30/300 Loss:5.055 lr:5.00e-04 0s
  >> Val MRR:0.0010 H@1:0.0% H@10:0.0% ** BEST **
  >> Val MRR:0.0010 H@1:0.0% H@10:0.0% ** BEST **
  E 40/300 Loss:4.867 lr:5.00e-04 0s
  >> Val MRR:0.0009 (best:0.0010 p:1/30)
  >> Val MRR:0.0009 (best:0.0010 p:2/30)
  E 50/300 Loss:4.812 lr:5.00e-04 0s
  >> Val MRR:0.0009 (best:0.0010 p:3/30)
  E 60/300 Loss:4.719 lr:5.00e-04 0s
  >> Val MRR:0.0010 H@1:0.0% H@10:0.0% ** BEST **
  >> Val MRR:0.0010 (best:0.0010 p:1/30)
  E 70/300 Loss:4.599 lr:5.00e-04 0s
  >> Val MRR:0.0007 (best:0.0010 p:2/30)
  >> Val MRR:0.0006 (best:0.0010 p:3/30)
  E 80/300 Loss:4.553 lr:5.00e-04 0s
  E 90/300 Loss:4.495 lr:5.00e-04 0s
  E100/300 Loss:4.468 lr:5.00e-04 0s
  E110/300 Loss:4.412 lr:5.00e-04 0s
  >> Val MRR:0.0007 (best:0.0010 p:10/30)
  E120/300 Loss:4.388 lr:5.00e-04 0s
  E130/300 Loss:4.376 lr:5.00e-04 0s
  E140/300 Loss:4.341 lr:5.00e-04 0s
  E150/300 Loss:4.296 lr:5.00e-04 0s
  E160/300 Loss:4.288 lr:5.00e-04 0s
  >> Val MRR:0.0006 (best:0.0010 p:20/30)
  E170/300 Loss:4.257 lr:5.00e-04 0s
  E180/300 Loss:4.231 lr:1.50e-04 0s
  E190/300 Loss:4.230 lr:1.50e-04 0s
  E200/300 Loss:4.224 lr:1.50e-04 0s
  E210/300 Loss:4.230 lr:1.50e-04 0s
  >> Val MRR:0.0006 (best:0.0010 p:30/30)
  Early stop at epoch 210
  Training done: 13s, best_val_MRR=0.0010
  Full test evaluation (3134 triples)...

  FINAL TEST: MRR=0.0013 H@1=0.0% H@3=0.1% H@10=0.2%
  Saved: /home/shanxh/decoder/WN18RR-er100_d200_L2_ls0.3_ComplEx_seed42.json
=== WN18RR-er100/ComplEx@d200/L2/ls0.3/seed42 rc=0 in 17s ===
=== [44/81] WN18RR-er100/ComplEx@d200/L2/ls0.3/seed123 ===
Device: cuda, AMP: True
GPU: NVIDIA GeForce RTX 2080 Ti, 11.3 GB
======================================================================
CompGCN+DistMult | WN18RR-er100 | seed=123
d_h=200 L=2 lr=0.0005 ls=0.3 epochs=300
======================================================================
  KG: 10645 ent, 22 rel, 2160 edges
  Train/Val/Test: 1080/3034/3134
  Params: 2,303,800
  Training: epochs=300, lr=0.0005, batch=4096, ls=0.3
  Steps/epoch: 1
/home/shanxh/decoder/train.py:362: UserWarning: Detected call of `lr_scheduler.step()` before `optimizer.step()`. In PyTorch 1.1.0 and later, you should call them in the opposite order: `optimizer.step()` before `lr_scheduler.step()`.  Failure to do this will result in PyTorch skipping the first value of the learning rate schedule. See more details at https://pytorch.org/docs/stable/optim.html#how-to-adjust-learning-rate
  scheduler.step()
  E  1/300 Loss:12.581 lr:5.00e-04 0s
  >> Val MRR:0.0006 H@1:0.0% H@10:0.0% ** BEST **
  E 10/300 Loss:7.850 lr:5.00e-04 0s
  >> Val MRR:0.0006 (best:0.0006 p:1/30)
  >> Val MRR:0.0005 (best:0.0006 p:2/30)
  E 20/300 Loss:5.482 lr:5.00e-04 0s
  >> Val MRR:0.0005 (best:0.0006 p:3/30)
  E 30/300 Loss:5.087 lr:5.00e-04 0s
  E 40/300 Loss:4.906 lr:5.00e-04 0s
  E 50/300 Loss:4.794 lr:5.00e-04 0s
  >> Val MRR:0.0006 (best:0.0006 p:10/30)
  E 60/300 Loss:4.693 lr:5.00e-04 0s
  E 70/300 Loss:4.600 lr:5.00e-04 0s
  >> Val MRR:0.0007 H@1:0.0% H@10:0.0% ** BEST **
  E 80/300 Loss:4.545 lr:5.00e-04 0s
  >> Val MRR:0.0010 H@1:0.0% H@10:0.2% ** BEST **
  >> Val MRR:0.0008 (best:0.0010 p:1/30)
  E 90/300 Loss:4.488 lr:5.00e-04 0s
  >> Val MRR:0.0009 (best:0.0010 p:2/30)
  >> Val MRR:0.0009 (best:0.0010 p:3/30)
  E100/300 Loss:4.463 lr:5.00e-04 0s
  E110/300 Loss:4.394 lr:5.00e-04 0s
  E120/300 Loss:4.380 lr:5.00e-04 0s
  E130/300 Loss:4.354 lr:5.00e-04 0s
  >> Val MRR:0.0007 (best:0.0010 p:10/30)
  E140/300 Loss:4.313 lr:5.00e-04 0s
  E150/300 Loss:4.308 lr:5.00e-04 0s
  E160/300 Loss:4.281 lr:5.00e-04 0s
  E170/300 Loss:4.256 lr:5.00e-04 0s
  E180/300 Loss:4.227 lr:1.50e-04 0s
  >> Val MRR:0.0007 (best:0.0010 p:20/30)
  E190/300 Loss:4.243 lr:1.50e-04 0s
  E200/300 Loss:4.237 lr:1.50e-04 0s
  E210/300 Loss:4.208 lr:1.50e-04 0s
  E220/300 Loss:4.206 lr:1.50e-04 0s
  E230/300 Loss:4.220 lr:1.50e-04 0s
  >> Val MRR:0.0007 (best:0.0010 p:30/30)
  Early stop at epoch 230
  Training done: 14s, best_val_MRR=0.0010
  Full test evaluation (3134 triples)...

  FINAL TEST: MRR=0.0017 H@1=0.1% H@3=0.1% H@10=0.2%
  Saved: /home/shanxh/decoder/WN18RR-er100_d200_L2_ls0.3_ComplEx_seed123.json
=== WN18RR-er100/ComplEx@d200/L2/ls0.3/seed123 rc=0 in 18s ===
=== [45/81] WN18RR-er100/ComplEx@d200/L2/ls0.3/seed456 ===
Device: cuda, AMP: True
GPU: NVIDIA GeForce RTX 2080 Ti, 11.3 GB
======================================================================
CompGCN+DistMult | WN18RR-er100 | seed=456
d_h=200 L=2 lr=0.0005 ls=0.3 epochs=300
======================================================================
  KG: 10645 ent, 22 rel, 2160 edges
  Train/Val/Test: 1080/3034/3134
  Params: 2,303,800
  Training: epochs=300, lr=0.0005, batch=4096, ls=0.3
  Steps/epoch: 1
/home/shanxh/decoder/train.py:362: UserWarning: Detected call of `lr_scheduler.step()` before `optimizer.step()`. In PyTorch 1.1.0 and later, you should call them in the opposite order: `optimizer.step()` before `lr_scheduler.step()`.  Failure to do this will result in PyTorch skipping the first value of the learning rate schedule. See more details at https://pytorch.org/docs/stable/optim.html#how-to-adjust-learning-rate
  scheduler.step()
  E  1/300 Loss:12.489 lr:5.00e-04 0s
  >> Val MRR:0.0006 H@1:0.0% H@10:0.0% ** BEST **
  E 10/300 Loss:7.669 lr:5.00e-04 0s
  >> Val MRR:0.0006 (best:0.0006 p:1/30)
  >> Val MRR:0.0006 (best:0.0006 p:2/30)
  E 20/300 Loss:5.464 lr:5.00e-04 0s
  >> Val MRR:0.0006 H@1:0.0% H@10:0.0% ** BEST **
  >> Val MRR:0.0006 H@1:0.0% H@10:0.0% ** BEST **
  E 30/300 Loss:4.969 lr:5.00e-04 0s
  >> Val MRR:0.0007 H@1:0.0% H@10:0.0% ** BEST **
  >> Val MRR:0.0007 (best:0.0007 p:1/30)
  E 40/300 Loss:4.845 lr:5.00e-04 0s
  >> Val MRR:0.0006 (best:0.0007 p:2/30)
  >> Val MRR:0.0006 (best:0.0007 p:3/30)
  E 50/300 Loss:4.679 lr:5.00e-04 0s
  >> Val MRR:0.0007 H@1:0.0% H@10:0.0% ** BEST **
  >> Val MRR:0.0010 H@1:0.0% H@10:0.0% ** BEST **
  E 60/300 Loss:4.643 lr:5.00e-04 0s
  >> Val MRR:0.0017 H@1:0.0% H@10:0.4% ** BEST **
  >> Val MRR:0.0019 H@1:0.0% H@10:0.2% ** BEST **
  E 70/300 Loss:4.561 lr:5.00e-04 0s
  >> Val MRR:0.0028 H@1:0.2% H@10:0.2% ** BEST **
  >> Val MRR:0.0012 (best:0.0028 p:1/30)
  E 80/300 Loss:4.521 lr:5.00e-04 0s
  >> Val MRR:0.0010 (best:0.0028 p:2/30)
  >> Val MRR:0.0010 (best:0.0028 p:3/30)
  E 90/300 Loss:4.466 lr:5.00e-04 0s
  E100/300 Loss:4.443 lr:5.00e-04 0s
  E110/300 Loss:4.404 lr:5.00e-04 0s
  E120/300 Loss:4.354 lr:5.00e-04 0s
  >> Val MRR:0.0010 (best:0.0028 p:10/30)
  E130/300 Loss:4.338 lr:5.00e-04 0s
  E140/300 Loss:4.314 lr:5.00e-04 0s
  E150/300 Loss:4.288 lr:5.00e-04 0s
  E160/300 Loss:4.260 lr:5.00e-04 0s
  E170/300 Loss:4.242 lr:5.00e-04 0s
  >> Val MRR:0.0010 (best:0.0028 p:20/30)
  E180/300 Loss:4.240 lr:1.50e-04 0s
  E190/300 Loss:4.226 lr:1.50e-04 0s
  E200/300 Loss:4.214 lr:1.50e-04 0s
  E210/300 Loss:4.206 lr:1.50e-04 0s
  E220/300 Loss:4.196 lr:1.50e-04 0s
  >> Val MRR:0.0010 (best:0.0028 p:30/30)
  Early stop at epoch 220
  Training done: 14s, best_val_MRR=0.0028
  Full test evaluation (3134 triples)...

  FINAL TEST: MRR=0.0012 H@1=0.0% H@3=0.1% H@10=0.3%
  Saved: /home/shanxh/decoder/WN18RR-er100_d200_L2_ls0.3_ComplEx_seed456.json
=== WN18RR-er100/ComplEx@d200/L2/ls0.3/seed456 rc=0 in 18s ===
=== [46/81] WN18RR-er100/DistMult@d200/L2/ls0.3/seed42 ===
Device: cuda, AMP: True
GPU: NVIDIA GeForce RTX 2080 Ti, 11.3 GB
======================================================================
CompGCN+DistMult | WN18RR-er100 | seed=42
d_h=200 L=2 lr=0.0005 ls=0.3 epochs=300
======================================================================
  KG: 10645 ent, 22 rel, 2160 edges
  Train/Val/Test: 1080/3034/3134
  Params: 2,303,800
  Training: epochs=300, lr=0.0005, batch=4096, ls=0.3
  Steps/epoch: 1
  E  1/300 Loss:10.142 lr:5.00e-04 1s
  >> Val MRR:0.0010 H@1:0.0% H@10:0.0% ** BEST **
  E 10/300 Loss:7.339 lr:5.00e-04 0s
  >> Val MRR:0.0011 H@1:0.0% H@10:0.2% ** BEST **
  >> Val MRR:0.0012 H@1:0.0% H@10:0.2% ** BEST **
  E 20/300 Loss:5.707 lr:5.00e-04 0s
  >> Val MRR:0.0011 (best:0.0012 p:1/30)
  >> Val MRR:0.0010 (best:0.0012 p:2/30)
  E 30/300 Loss:4.950 lr:5.00e-04 0s
  >> Val MRR:0.0008 (best:0.0012 p:3/30)
  E 40/300 Loss:4.626 lr:5.00e-04 0s
  >> Val MRR:0.0014 H@1:0.0% H@10:0.4% ** BEST **
  E 50/300 Loss:4.531 lr:5.00e-04 0s
  >> Val MRR:0.0022 H@1:0.0% H@10:0.8% ** BEST **
  >> Val MRR:0.0050 H@1:0.2% H@10:1.0% ** BEST **
  E 60/300 Loss:4.466 lr:5.00e-04 0s
  >> Val MRR:0.0057 H@1:0.4% H@10:0.8% ** BEST **
  >> Val MRR:0.0055 (best:0.0057 p:1/30)
  E 70/300 Loss:4.383 lr:5.00e-04 0s
  >> Val MRR:0.0059 H@1:0.4% H@10:0.6% ** BEST **
  >> Val MRR:0.0068 H@1:0.6% H@10:0.6% ** BEST **
  E 80/300 Loss:4.355 lr:5.00e-04 0s
  >> Val MRR:0.0067 (best:0.0068 p:1/30)
  >> Val MRR:0.0067 (best:0.0068 p:2/30)
  E 90/300 Loss:4.316 lr:5.00e-04 0s
  >> Val MRR:0.0067 (best:0.0068 p:3/30)
  E100/300 Loss:4.288 lr:5.00e-04 0s
  E110/300 Loss:4.280 lr:5.00e-04 0s
  E120/300 Loss:4.249 lr:5.00e-04 0s
  >> Val MRR:0.0068 (best:0.0068 p:10/30)
  E130/300 Loss:4.236 lr:5.00e-04 0s
  >> Val MRR:0.0068 H@1:0.6% H@10:0.6% ** BEST **
  >> Val MRR:0.0067 (best:0.0068 p:1/30)
  E140/300 Loss:4.219 lr:5.00e-04 0s
  >> Val MRR:0.0054 (best:0.0068 p:2/30)
  >> Val MRR:0.0053 (best:0.0068 p:3/30)
  E150/300 Loss:4.197 lr:5.00e-04 0s
  E160/300 Loss:4.198 lr:5.00e-04 0s
  E170/300 Loss:4.176 lr:5.00e-04 0s
  E180/300 Loss:4.152 lr:1.50e-04 0s
  >> Val MRR:0.0050 (best:0.0068 p:10/30)
  E190/300 Loss:4.158 lr:1.50e-04 0s
  E200/300 Loss:4.150 lr:1.50e-04 0s
  E210/300 Loss:4.145 lr:1.50e-04 0s
  E220/300 Loss:4.149 lr:1.50e-04 0s
  E230/300 Loss:4.133 lr:1.50e-04 0s
  >> Val MRR:0.0050 (best:0.0068 p:20/30)
  E240/300 Loss:4.146 lr:4.50e-05 0s
  E250/300 Loss:4.127 lr:4.50e-05 0s
  E260/300 Loss:4.123 lr:4.50e-05 0s
  E270/300 Loss:4.118 lr:4.50e-05 0s
  E280/300 Loss:4.132 lr:4.50e-05 0s
  >> Val MRR:0.0050 (best:0.0068 p:30/30)
  Early stop at epoch 280
  Training done: 17s, best_val_MRR=0.0068
  Full test evaluation (3134 triples)...

  FINAL TEST: MRR=0.0061 H@1=0.5% H@3=0.6% H@10=0.7%
  Saved: /home/shanxh/decoder/WN18RR-er100_d200_L2_ls0.3_seed42.json
=== WN18RR-er100/DistMult@d200/L2/ls0.3/seed42 rc=0 in 21s ===
=== [47/81] WN18RR-er100/DistMult@d200/L2/ls0.3/seed123 ===
Device: cuda, AMP: True
GPU: NVIDIA GeForce RTX 2080 Ti, 11.3 GB
======================================================================
CompGCN+DistMult | WN18RR-er100 | seed=123
d_h=200 L=2 lr=0.0005 ls=0.3 epochs=300
======================================================================
  KG: 10645 ent, 22 rel, 2160 edges
  Train/Val/Test: 1080/3034/3134
  Params: 2,303,800
  Training: epochs=300, lr=0.0005, batch=4096, ls=0.3
  Steps/epoch: 1
  E  1/300 Loss:10.161 lr:5.00e-04 1s
  >> Val MRR:0.0006 H@1:0.0% H@10:0.0% ** BEST **
  E 10/300 Loss:7.371 lr:5.00e-04 0s
  >> Val MRR:0.0006 (best:0.0006 p:1/30)
  >> Val MRR:0.0006 (best:0.0006 p:2/30)
  E 20/300 Loss:5.702 lr:5.00e-04 0s
  >> Val MRR:0.0006 H@1:0.0% H@10:0.0% ** BEST **
  >> Val MRR:0.0009 H@1:0.0% H@10:0.2% ** BEST **
  E 30/300 Loss:4.844 lr:5.00e-04 0s
  >> Val MRR:0.0013 H@1:0.0% H@10:0.2% ** BEST **
  >> Val MRR:0.0016 H@1:0.0% H@10:0.2% ** BEST **
  E 40/300 Loss:4.599 lr:5.00e-04 0s
  >> Val MRR:0.0016 H@1:0.0% H@10:0.2% ** BEST **
  >> Val MRR:0.0013 (best:0.0016 p:1/30)
  E 50/300 Loss:4.469 lr:5.00e-04 0s
  >> Val MRR:0.0026 H@1:0.0% H@10:0.6% ** BEST **
  >> Val MRR:0.0051 H@1:0.4% H@10:0.6% ** BEST **
  E 60/300 Loss:4.440 lr:5.00e-04 0s
  >> Val MRR:0.0050 (best:0.0051 p:1/30)
  >> Val MRR:0.0049 (best:0.0051 p:2/30)
  E 70/300 Loss:4.360 lr:5.00e-04 0s
  >> Val MRR:0.0047 (best:0.0051 p:3/30)
  E 80/300 Loss:4.343 lr:5.00e-04 0s
  E 90/300 Loss:4.315 lr:5.00e-04 0s
  >> Val MRR:0.0052 H@1:0.4% H@10:0.6% ** BEST **
  >> Val MRR:0.0052 H@1:0.4% H@10:0.6% ** BEST **
  E100/300 Loss:4.277 lr:5.00e-04 0s
  >> Val MRR:0.0051 (best:0.0052 p:1/30)
  >> Val MRR:0.0050 (best:0.0052 p:2/30)
  E110/300 Loss:4.257 lr:5.00e-04 0s
  >> Val MRR:0.0050 (best:0.0052 p:3/30)
  E120/300 Loss:4.242 lr:5.00e-04 0s
  E130/300 Loss:4.227 lr:5.00e-04 0s
  E140/300 Loss:4.214 lr:5.00e-04 0s
  >> Val MRR:0.0050 (best:0.0052 p:10/30)
  E150/300 Loss:4.208 lr:5.00e-04 0s
  E160/300 Loss:4.183 lr:5.00e-04 0s
  E170/300 Loss:4.150 lr:5.00e-04 0s
  E180/300 Loss:4.154 lr:1.50e-04 0s
  E190/300 Loss:4.140 lr:1.50e-04 0s
  >> Val MRR:0.0049 (best:0.0052 p:20/30)
  E200/300 Loss:4.136 lr:1.50e-04 0s
  E210/300 Loss:4.146 lr:1.50e-04 0s
  E220/300 Loss:4.131 lr:1.50e-04 0s
  E230/300 Loss:4.129 lr:1.50e-04 0s
  E240/300 Loss:4.134 lr:4.50e-05 0s
  >> Val MRR:0.0049 (best:0.0052 p:30/30)
  Early stop at epoch 245
  Training done: 15s, best_val_MRR=0.0052
  Full test evaluation (3134 triples)...

  FINAL TEST: MRR=0.0062 H@1=0.5% H@3=0.5% H@10=0.7%
  Saved: /home/shanxh/decoder/WN18RR-er100_d200_L2_ls0.3_seed123.json
=== WN18RR-er100/DistMult@d200/L2/ls0.3/seed123 rc=0 in 20s ===
=== [48/81] WN18RR-er100/DistMult@d200/L2/ls0.3/seed456 ===
Device: cuda, AMP: True
GPU: NVIDIA GeForce RTX 2080 Ti, 11.3 GB
======================================================================
CompGCN+DistMult | WN18RR-er100 | seed=456
d_h=200 L=2 lr=0.0005 ls=0.3 epochs=300
======================================================================
  KG: 10645 ent, 22 rel, 2160 edges
  Train/Val/Test: 1080/3034/3134
  Params: 2,303,800
  Training: epochs=300, lr=0.0005, batch=4096, ls=0.3
  Steps/epoch: 1
  E  1/300 Loss:10.165 lr:5.00e-04 1s
  >> Val MRR:0.0008 H@1:0.0% H@10:0.0% ** BEST **
  E 10/300 Loss:7.431 lr:5.00e-04 0s
  >> Val MRR:0.0007 (best:0.0008 p:1/30)
  >> Val MRR:0.0006 (best:0.0008 p:2/30)
  E 20/300 Loss:5.739 lr:5.00e-04 0s
  >> Val MRR:0.0005 (best:0.0008 p:3/30)
  E 30/300 Loss:4.909 lr:5.00e-04 0s
  E 40/300 Loss:4.609 lr:5.00e-04 0s
  >> Val MRR:0.0008 H@1:0.0% H@10:0.0% ** BEST **
  >> Val MRR:0.0012 H@1:0.0% H@10:0.2% ** BEST **
  E 50/300 Loss:4.490 lr:5.00e-04 0s
  >> Val MRR:0.0021 H@1:0.0% H@10:0.4% ** BEST **
  >> Val MRR:0.0032 H@1:0.2% H@10:0.6% ** BEST **
  E 60/300 Loss:4.407 lr:5.00e-04 0s
  >> Val MRR:0.0051 H@1:0.4% H@10:0.6% ** BEST **
  >> Val MRR:0.0050 (best:0.0051 p:1/30)
  E 70/300 Loss:4.391 lr:5.00e-04 0s
  >> Val MRR:0.0049 (best:0.0051 p:2/30)
  >> Val MRR:0.0048 (best:0.0051 p:3/30)
  E 80/300 Loss:4.326 lr:5.00e-04 0s
  E 90/300 Loss:4.307 lr:5.00e-04 0s
  E100/300 Loss:4.302 lr:5.00e-04 0s
  >> Val MRR:0.0051 H@1:0.4% H@10:0.6% ** BEST **
  E110/300 Loss:4.265 lr:5.00e-04 0s
  >> Val MRR:0.0051 H@1:0.4% H@10:0.4% ** BEST **
  >> Val MRR:0.0051 H@1:0.4% H@10:0.6% ** BEST **
  E120/300 Loss:4.234 lr:5.00e-04 0s
  >> Val MRR:0.0052 H@1:0.4% H@10:0.6% ** BEST **
  >> Val MRR:0.0051 (best:0.0052 p:1/30)
  E130/300 Loss:4.241 lr:5.00e-04 0s
  >> Val MRR:0.0050 (best:0.0052 p:2/30)
  >> Val MRR:0.0050 (best:0.0052 p:3/30)
  E140/300 Loss:4.215 lr:5.00e-04 0s
  E150/300 Loss:4.215 lr:5.00e-04 0s
  E160/300 Loss:4.176 lr:5.00e-04 0s
  E170/300 Loss:4.151 lr:5.00e-04 0s
  >> Val MRR:0.0048 (best:0.0052 p:10/30)
  E180/300 Loss:4.161 lr:1.50e-04 0s
  E190/300 Loss:4.135 lr:1.50e-04 0s
  E200/300 Loss:4.146 lr:1.50e-04 0s
  E210/300 Loss:4.140 lr:1.50e-04 0s
  E220/300 Loss:4.126 lr:1.50e-04 0s
  >> Val MRR:0.0048 (best:0.0052 p:20/30)
  E230/300 Loss:4.124 lr:1.50e-04 0s
  E240/300 Loss:4.130 lr:4.50e-05 0s
  E250/300 Loss:4.132 lr:4.50e-05 0s
  E260/300 Loss:4.127 lr:4.50e-05 0s
  E270/300 Loss:4.122 lr:4.50e-05 0s
  >> Val MRR:0.0049 (best:0.0052 p:30/30)
  Early stop at epoch 270
  Training done: 16s, best_val_MRR=0.0052
  Full test evaluation (3134 triples)...

  FINAL TEST: MRR=0.0057 H@1=0.5% H@3=0.5% H@10=0.6%
  Saved: /home/shanxh/decoder/WN18RR-er100_d200_L2_ls0.3_seed456.json
=== WN18RR-er100/DistMult@d200/L2/ls0.3/seed456 rc=0 in 21s ===
=== [49/81] WN18RR-er200/ComplEx@d200/L2/ls0.3/seed42 ===
Device: cuda, AMP: True
GPU: NVIDIA GeForce RTX 2080 Ti, 11.3 GB
======================================================================
CompGCN+DistMult | WN18RR-er200 | seed=42
d_h=200 L=2 lr=0.0005 ls=0.3 epochs=300
======================================================================
  KG: 11651 ent, 22 rel, 4160 edges
  Train/Val/Test: 2080/3034/3134
  Params: 2,505,000
  Training: epochs=300, lr=0.0005, batch=4096, ls=0.3
  Steps/epoch: 1
/home/shanxh/decoder/train.py:362: UserWarning: Detected call of `lr_scheduler.step()` before `optimizer.step()`. In PyTorch 1.1.0 and later, you should call them in the opposite order: `optimizer.step()` before `lr_scheduler.step()`.  Failure to do this will result in PyTorch skipping the first value of the learning rate schedule. See more details at https://pytorch.org/docs/stable/optim.html#how-to-adjust-learning-rate
  scheduler.step()
  E  1/300 Loss:12.481 lr:5.00e-04 0s
  >> Val MRR:0.0012 H@1:0.0% H@10:0.2% ** BEST **
  E 10/300 Loss:7.922 lr:5.00e-04 0s
  >> Val MRR:0.0006 (best:0.0012 p:1/30)
  >> Val MRR:0.0005 (best:0.0012 p:2/30)
  E 20/300 Loss:5.871 lr:5.00e-04 0s
  >> Val MRR:0.0005 (best:0.0012 p:3/30)
  E 30/300 Loss:5.235 lr:5.00e-04 0s
  E 40/300 Loss:5.012 lr:5.00e-04 0s
  E 50/300 Loss:4.920 lr:5.00e-04 0s
  >> Val MRR:0.0008 (best:0.0012 p:10/30)
  E 60/300 Loss:4.852 lr:5.00e-04 0s
  >> Val MRR:0.0012 H@1:0.0% H@10:0.4% ** BEST **
  >> Val MRR:0.0032 H@1:0.2% H@10:0.4% ** BEST **
  E 70/300 Loss:4.732 lr:5.00e-04 0s
  >> Val MRR:0.0036 H@1:0.2% H@10:0.8% ** BEST **
  >> Val MRR:0.0034 (best:0.0036 p:1/30)
  E 80/300 Loss:4.695 lr:5.00e-04 0s
  >> Val MRR:0.0028 (best:0.0036 p:2/30)
  >> Val MRR:0.0023 (best:0.0036 p:3/30)
  E 90/300 Loss:4.643 lr:5.00e-04 0s
  E100/300 Loss:4.617 lr:5.00e-04 0s
  E110/300 Loss:4.548 lr:5.00e-04 0s
  E120/300 Loss:4.528 lr:5.00e-04 0s
  >> Val MRR:0.0012 (best:0.0036 p:10/30)
  E130/300 Loss:4.511 lr:5.00e-04 0s
  E140/300 Loss:4.451 lr:5.00e-04 0s
  E150/300 Loss:4.449 lr:5.00e-04 0s
  E160/300 Loss:4.432 lr:5.00e-04 0s
  E170/300 Loss:4.420 lr:5.00e-04 0s
  >> Val MRR:0.0011 (best:0.0036 p:20/30)
  E180/300 Loss:4.401 lr:1.50e-04 0s
  E190/300 Loss:4.386 lr:1.50e-04 0s
  E200/300 Loss:4.355 lr:1.50e-04 0s
  E210/300 Loss:4.371 lr:1.50e-04 0s
  E220/300 Loss:4.369 lr:1.50e-04 0s
  >> Val MRR:0.0010 (best:0.0036 p:30/30)
  Early stop at epoch 220
  Training done: 16s, best_val_MRR=0.0036
  Full test evaluation (3134 triples)...

  FINAL TEST: MRR=0.0016 H@1=0.0% H@3=0.1% H@10=0.3%
  Saved: /home/shanxh/decoder/WN18RR-er200_d200_L2_ls0.3_ComplEx_seed42.json
=== WN18RR-er200/ComplEx@d200/L2/ls0.3/seed42 rc=0 in 21s ===
=== [50/81] WN18RR-er200/ComplEx@d200/L2/ls0.3/seed123 ===
Device: cuda, AMP: True
GPU: NVIDIA GeForce RTX 2080 Ti, 11.3 GB
======================================================================
CompGCN+DistMult | WN18RR-er200 | seed=123
d_h=200 L=2 lr=0.0005 ls=0.3 epochs=300
======================================================================
  KG: 11651 ent, 22 rel, 4160 edges
  Train/Val/Test: 2080/3034/3134
  Params: 2,505,000
  Training: epochs=300, lr=0.0005, batch=4096, ls=0.3
  Steps/epoch: 1
/home/shanxh/decoder/train.py:362: UserWarning: Detected call of `lr_scheduler.step()` before `optimizer.step()`. In PyTorch 1.1.0 and later, you should call them in the opposite order: `optimizer.step()` before `lr_scheduler.step()`.  Failure to do this will result in PyTorch skipping the first value of the learning rate schedule. See more details at https://pytorch.org/docs/stable/optim.html#how-to-adjust-learning-rate
  scheduler.step()
  E  1/300 Loss:12.705 lr:5.00e-04 0s
  >> Val MRR:0.0011 H@1:0.0% H@10:0.0% ** BEST **
  E 10/300 Loss:8.054 lr:5.00e-04 0s
  >> Val MRR:0.0008 (best:0.0011 p:1/30)
  >> Val MRR:0.0008 (best:0.0011 p:2/30)
  E 20/300 Loss:5.806 lr:5.00e-04 0s
  >> Val MRR:0.0007 (best:0.0011 p:3/30)
  E 30/300 Loss:5.242 lr:5.00e-04 0s
  E 40/300 Loss:5.060 lr:5.00e-04 0s
  E 50/300 Loss:4.959 lr:5.00e-04 0s
  >> Val MRR:0.0004 (best:0.0011 p:10/30)
  E 60/300 Loss:4.861 lr:5.00e-04 0s
  E 70/300 Loss:4.770 lr:5.00e-04 0s
  E 80/300 Loss:4.695 lr:5.00e-04 0s
  E 90/300 Loss:4.651 lr:5.00e-04 0s
  E100/300 Loss:4.622 lr:5.00e-04 0s
  >> Val MRR:0.0006 (best:0.0011 p:20/30)
  E110/300 Loss:4.573 lr:5.00e-04 0s
  E120/300 Loss:4.549 lr:5.00e-04 0s
  E130/300 Loss:4.520 lr:5.00e-04 0s
  E140/300 Loss:4.483 lr:5.00e-04 0s
  E150/300 Loss:4.479 lr:5.00e-04 0s
  >> Val MRR:0.0008 (best:0.0011 p:30/30)
  Early stop at epoch 155
  Training done: 12s, best_val_MRR=0.0011
  Full test evaluation (3134 triples)...

  FINAL TEST: MRR=0.0010 H@1=0.0% H@3=0.0% H@10=0.0%
  Saved: /home/shanxh/decoder/WN18RR-er200_d200_L2_ls0.3_ComplEx_seed123.json
=== WN18RR-er200/ComplEx@d200/L2/ls0.3/seed123 rc=0 in 17s ===
=== [51/81] WN18RR-er200/ComplEx@d200/L2/ls0.3/seed456 ===
Device: cuda, AMP: True
GPU: NVIDIA GeForce RTX 2080 Ti, 11.3 GB
======================================================================
CompGCN+DistMult | WN18RR-er200 | seed=456
d_h=200 L=2 lr=0.0005 ls=0.3 epochs=300
======================================================================
  KG: 11651 ent, 22 rel, 4160 edges
  Train/Val/Test: 2080/3034/3134
  Params: 2,505,000
  Training: epochs=300, lr=0.0005, batch=4096, ls=0.3
  Steps/epoch: 1
/home/shanxh/decoder/train.py:362: UserWarning: Detected call of `lr_scheduler.step()` before `optimizer.step()`. In PyTorch 1.1.0 and later, you should call them in the opposite order: `optimizer.step()` before `lr_scheduler.step()`.  Failure to do this will result in PyTorch skipping the first value of the learning rate schedule. See more details at https://pytorch.org/docs/stable/optim.html#how-to-adjust-learning-rate
  scheduler.step()
  E  1/300 Loss:12.671 lr:5.00e-04 1s
  >> Val MRR:0.0018 H@1:0.0% H@10:0.2% ** BEST **
  E 10/300 Loss:8.505 lr:5.00e-04 0s
  >> Val MRR:0.0019 H@1:0.0% H@10:0.2% ** BEST **
  >> Val MRR:0.0015 (best:0.0019 p:1/30)
  E 20/300 Loss:5.920 lr:5.00e-04 0s
  >> Val MRR:0.0014 (best:0.0019 p:2/30)
  >> Val MRR:0.0014 (best:0.0019 p:3/30)
  E 30/300 Loss:5.328 lr:5.00e-04 0s
  E 40/300 Loss:5.148 lr:5.00e-04 0s
  E 50/300 Loss:4.975 lr:5.00e-04 0s
  E 60/300 Loss:4.846 lr:5.00e-04 0s
  >> Val MRR:0.0008 (best:0.0019 p:10/30)
  E 70/300 Loss:4.813 lr:5.00e-04 0s
  E 80/300 Loss:4.736 lr:5.00e-04 0s
  E 90/300 Loss:4.655 lr:5.00e-04 0s
  E100/300 Loss:4.631 lr:5.00e-04 0s
  E110/300 Loss:4.600 lr:5.00e-04 0s
  >> Val MRR:0.0006 (best:0.0019 p:20/30)
  E120/300 Loss:4.542 lr:5.00e-04 0s
  E130/300 Loss:4.541 lr:5.00e-04 0s
  E140/300 Loss:4.489 lr:5.00e-04 0s
  E150/300 Loss:4.491 lr:5.00e-04 0s
  E160/300 Loss:4.450 lr:5.00e-04 0s
  >> Val MRR:0.0007 (best:0.0019 p:30/30)
  Early stop at epoch 160
  Training done: 13s, best_val_MRR=0.0019
  Full test evaluation (3134 triples)...

  FINAL TEST: MRR=0.0007 H@1=0.0% H@3=0.0% H@10=0.0%
  Saved: /home/shanxh/decoder/WN18RR-er200_d200_L2_ls0.3_ComplEx_seed456.json
=== WN18RR-er200/ComplEx@d200/L2/ls0.3/seed456 rc=0 in 17s ===
=== [52/81] WN18RR-er200/DistMult@d200/L2/ls0.3/seed42 ===
Device: cuda, AMP: True
GPU: NVIDIA GeForce RTX 2080 Ti, 11.3 GB
======================================================================
CompGCN+DistMult | WN18RR-er200 | seed=42
d_h=200 L=2 lr=0.0005 ls=0.3 epochs=300
======================================================================
  KG: 11651 ent, 22 rel, 4160 edges
  Train/Val/Test: 2080/3034/3134
  Params: 2,505,000
  Training: epochs=300, lr=0.0005, batch=4096, ls=0.3
  Steps/epoch: 1
  E  1/300 Loss:10.250 lr:5.00e-04 1s
  >> Val MRR:0.0005 H@1:0.0% H@10:0.0% ** BEST **
  E 10/300 Loss:7.561 lr:5.00e-04 0s
  >> Val MRR:0.0005 (best:0.0005 p:1/30)
  >> Val MRR:0.0004 (best:0.0005 p:2/30)
  E 20/300 Loss:5.934 lr:5.00e-04 0s
  >> Val MRR:0.0004 (best:0.0005 p:3/30)
  E 30/300 Loss:5.126 lr:5.00e-04 0s
  E 40/300 Loss:4.814 lr:5.00e-04 0s
  E 50/300 Loss:4.676 lr:5.00e-04 0s
  >> Val MRR:0.0006 H@1:0.0% H@10:0.0% ** BEST **
  >> Val MRR:0.0010 H@1:0.0% H@10:0.2% ** BEST **
  E 60/300 Loss:4.614 lr:5.00e-04 0s
  >> Val MRR:0.0026 H@1:0.2% H@10:0.2% ** BEST **
  >> Val MRR:0.0030 H@1:0.2% H@10:0.4% ** BEST **
  E 70/300 Loss:4.549 lr:5.00e-04 0s
  >> Val MRR:0.0045 H@1:0.4% H@10:0.4% ** BEST **
  >> Val MRR:0.0046 H@1:0.4% H@10:0.4% ** BEST **
  E 80/300 Loss:4.518 lr:5.00e-04 0s
  >> Val MRR:0.0052 H@1:0.4% H@10:0.8% ** BEST **
  >> Val MRR:0.0059 H@1:0.4% H@10:0.8% ** BEST **
  E 90/300 Loss:4.488 lr:5.00e-04 0s
  >> Val MRR:0.0059 (best:0.0059 p:1/30)
  >> Val MRR:0.0060 H@1:0.4% H@10:0.8% ** BEST **
  E100/300 Loss:4.458 lr:5.00e-04 0s
  >> Val MRR:0.0052 (best:0.0060 p:1/30)
  >> Val MRR:0.0047 (best:0.0060 p:2/30)
  E110/300 Loss:4.420 lr:5.00e-04 0s
  >> Val MRR:0.0048 (best:0.0060 p:3/30)
  E120/300 Loss:4.406 lr:5.00e-04 0s
  E130/300 Loss:4.392 lr:5.00e-04 0s
  E140/300 Loss:4.372 lr:5.00e-04 0s
  >> Val MRR:0.0042 (best:0.0060 p:10/30)
  E150/300 Loss:4.355 lr:5.00e-04 0s
  E160/300 Loss:4.342 lr:5.00e-04 0s
  E170/300 Loss:4.319 lr:5.00e-04 0s
  E180/300 Loss:4.306 lr:1.50e-04 0s
  E190/300 Loss:4.303 lr:1.50e-04 0s
  >> Val MRR:0.0037 (best:0.0060 p:20/30)
  E200/300 Loss:4.300 lr:1.50e-04 0s
  E210/300 Loss:4.292 lr:1.50e-04 0s
  E220/300 Loss:4.287 lr:1.50e-04 0s
  E230/300 Loss:4.284 lr:1.50e-04 0s
  E240/300 Loss:4.275 lr:4.50e-05 0s
  >> Val MRR:0.0037 (best:0.0060 p:30/30)
  Early stop at epoch 245
  Training done: 18s, best_val_MRR=0.0060
  Full test evaluation (3134 triples)...

  FINAL TEST: MRR=0.0095 H@1=0.8% H@3=0.9% H@10=1.0%
  Saved: /home/shanxh/decoder/WN18RR-er200_d200_L2_ls0.3_seed42.json
=== WN18RR-er200/DistMult@d200/L2/ls0.3/seed42 rc=0 in 23s ===
=== [53/81] WN18RR-er200/DistMult@d200/L2/ls0.3/seed123 ===
Device: cuda, AMP: True
GPU: NVIDIA GeForce RTX 2080 Ti, 11.3 GB
======================================================================
CompGCN+DistMult | WN18RR-er200 | seed=123
d_h=200 L=2 lr=0.0005 ls=0.3 epochs=300
======================================================================
  KG: 11651 ent, 22 rel, 4160 edges
  Train/Val/Test: 2080/3034/3134
  Params: 2,505,000
  Training: epochs=300, lr=0.0005, batch=4096, ls=0.3
  Steps/epoch: 1
/home/shanxh/decoder/train.py:362: UserWarning: Detected call of `lr_scheduler.step()` before `optimizer.step()`. In PyTorch 1.1.0 and later, you should call them in the opposite order: `optimizer.step()` before `lr_scheduler.step()`.  Failure to do this will result in PyTorch skipping the first value of the learning rate schedule. See more details at https://pytorch.org/docs/stable/optim.html#how-to-adjust-learning-rate
  scheduler.step()
  E  1/300 Loss:10.266 lr:5.00e-04 1s
  >> Val MRR:0.0007 H@1:0.0% H@10:0.0% ** BEST **
  E 10/300 Loss:7.827 lr:5.00e-04 0s
  >> Val MRR:0.0007 H@1:0.0% H@10:0.0% ** BEST **
  >> Val MRR:0.0008 H@1:0.0% H@10:0.0% ** BEST **
  E 20/300 Loss:6.102 lr:5.00e-04 0s
  >> Val MRR:0.0010 H@1:0.0% H@10:0.2% ** BEST **
  >> Val MRR:0.0010 (best:0.0010 p:1/30)
  E 30/300 Loss:5.203 lr:5.00e-04 0s
  >> Val MRR:0.0011 H@1:0.0% H@10:0.2% ** BEST **
  >> Val MRR:0.0010 (best:0.0011 p:1/30)
  E 40/300 Loss:4.871 lr:5.00e-04 0s
  >> Val MRR:0.0010 (best:0.0011 p:2/30)
  >> Val MRR:0.0009 (best:0.0011 p:3/30)
  E 50/300 Loss:4.725 lr:5.00e-04 0s
  >> Val MRR:0.0013 H@1:0.0% H@10:0.2% ** BEST **
  E 60/300 Loss:4.629 lr:5.00e-04 0s
  >> Val MRR:0.0028 H@1:0.2% H@10:0.2% ** BEST **
  >> Val MRR:0.0026 (best:0.0028 p:1/30)
  E 70/300 Loss:4.560 lr:5.00e-04 0s
  >> Val MRR:0.0025 (best:0.0028 p:2/30)
  >> Val MRR:0.0026 (best:0.0028 p:3/30)
  E 80/300 Loss:4.515 lr:5.00e-04 0s
  >> Val MRR:0.0030 H@1:0.2% H@10:0.4% ** BEST **
  >> Val MRR:0.0030 H@1:0.2% H@10:0.4% ** BEST **
  E 90/300 Loss:4.487 lr:5.00e-04 0s
  >> Val MRR:0.0030 H@1:0.2% H@10:0.4% ** BEST **
  >> Val MRR:0.0030 (best:0.0030 p:1/30)
  E100/300 Loss:4.469 lr:5.00e-04 0s
  >> Val MRR:0.0028 (best:0.0030 p:2/30)
  >> Val MRR:0.0027 (best:0.0030 p:3/30)
  E110/300 Loss:4.447 lr:5.00e-04 0s
  E120/300 Loss:4.409 lr:5.00e-04 0s
  E130/300 Loss:4.396 lr:5.00e-04 0s
  E140/300 Loss:4.386 lr:5.00e-04 0s
  >> Val MRR:0.0029 (best:0.0030 p:10/30)
  E150/300 Loss:4.373 lr:5.00e-04 0s
  E160/300 Loss:4.349 lr:5.00e-04 0s
  E170/300 Loss:4.336 lr:5.00e-04 0s
  E180/300 Loss:4.324 lr:1.50e-04 0s
  E190/300 Loss:4.320 lr:1.50e-04 0s
  >> Val MRR:0.0028 (best:0.0030 p:20/30)
  E200/300 Loss:4.321 lr:1.50e-04 0s
  E210/300 Loss:4.308 lr:1.50e-04 0s
  E220/300 Loss:4.302 lr:1.50e-04 0s
  E230/300 Loss:4.292 lr:1.50e-04 0s
  E240/300 Loss:4.285 lr:4.50e-05 0s
  >> Val MRR:0.0027 (best:0.0030 p:30/30)
  Early stop at epoch 240
  Training done: 18s, best_val_MRR=0.0030
  Full test evaluation (3134 triples)...

  FINAL TEST: MRR=0.0097 H@1=0.8% H@3=0.9% H@10=1.1%
  Saved: /home/shanxh/decoder/WN18RR-er200_d200_L2_ls0.3_seed123.json
=== WN18RR-er200/DistMult@d200/L2/ls0.3/seed123 rc=0 in 23s ===
=== [54/81] WN18RR-er200/DistMult@d200/L2/ls0.3/seed456 ===
Device: cuda, AMP: True
GPU: NVIDIA GeForce RTX 2080 Ti, 11.3 GB
======================================================================
CompGCN+DistMult | WN18RR-er200 | seed=456
d_h=200 L=2 lr=0.0005 ls=0.3 epochs=300
======================================================================
  KG: 11651 ent, 22 rel, 4160 edges
  Train/Val/Test: 2080/3034/3134
  Params: 2,505,000
  Training: epochs=300, lr=0.0005, batch=4096, ls=0.3
  Steps/epoch: 1
  E  1/300 Loss:10.281 lr:5.00e-04 1s
  >> Val MRR:0.0012 H@1:0.0% H@10:0.2% ** BEST **
  E 10/300 Loss:7.859 lr:5.00e-04 0s
  >> Val MRR:0.0009 (best:0.0012 p:1/30)
  >> Val MRR:0.0010 (best:0.0012 p:2/30)
  E 20/300 Loss:6.175 lr:5.00e-04 0s
  >> Val MRR:0.0012 H@1:0.0% H@10:0.2% ** BEST **
  >> Val MRR:0.0014 H@1:0.0% H@10:0.2% ** BEST **
  E 30/300 Loss:5.291 lr:5.00e-04 0s
  >> Val MRR:0.0012 (best:0.0014 p:1/30)
  >> Val MRR:0.0011 (best:0.0014 p:2/30)
  E 40/300 Loss:4.900 lr:5.00e-04 0s
  >> Val MRR:0.0009 (best:0.0014 p:3/30)
  E 50/300 Loss:4.715 lr:5.00e-04 0s
  >> Val MRR:0.0016 H@1:0.0% H@10:0.2% ** BEST **
  E 60/300 Loss:4.637 lr:5.00e-04 0s
  >> Val MRR:0.0028 H@1:0.2% H@10:0.4% ** BEST **
  >> Val MRR:0.0029 H@1:0.2% H@10:0.4% ** BEST **
  E 70/300 Loss:4.568 lr:5.00e-04 0s
  >> Val MRR:0.0033 H@1:0.2% H@10:0.4% ** BEST **
  >> Val MRR:0.0038 H@1:0.2% H@10:0.6% ** BEST **
  E 80/300 Loss:4.527 lr:5.00e-04 0s
  >> Val MRR:0.0043 H@1:0.2% H@10:0.6% ** BEST **
  >> Val MRR:0.0037 (best:0.0043 p:1/30)
  E 90/300 Loss:4.501 lr:5.00e-04 0s
  >> Val MRR:0.0037 (best:0.0043 p:2/30)
  >> Val MRR:0.0037 (best:0.0043 p:3/30)
  E100/300 Loss:4.484 lr:5.00e-04 0s
  >> Val MRR:0.0047 H@1:0.4% H@10:0.4% ** BEST **
  E110/300 Loss:4.453 lr:5.00e-04 0s
  >> Val MRR:0.0047 H@1:0.4% H@10:0.4% ** BEST **
  >> Val MRR:0.0047 (best:0.0047 p:1/30)
  E120/300 Loss:4.418 lr:5.00e-04 0s
  >> Val MRR:0.0047 H@1:0.4% H@10:0.4% ** BEST **
  >> Val MRR:0.0047 H@1:0.4% H@10:0.4% ** BEST **
  E130/300 Loss:4.405 lr:5.00e-04 0s
  >> Val MRR:0.0047 H@1:0.4% H@10:0.4% ** BEST **
  >> Val MRR:0.0047 (best:0.0047 p:1/30)
  E140/300 Loss:4.380 lr:5.00e-04 0s
  >> Val MRR:0.0037 (best:0.0047 p:2/30)
  >> Val MRR:0.0033 (best:0.0047 p:3/30)
  E150/300 Loss:4.366 lr:5.00e-04 0s
  E160/300 Loss:4.347 lr:5.00e-04 0s
  E170/300 Loss:4.347 lr:5.00e-04 0s
  E180/300 Loss:4.320 lr:1.50e-04 0s
  >> Val MRR:0.0030 (best:0.0047 p:10/30)
  E190/300 Loss:4.317 lr:1.50e-04 0s
  E200/300 Loss:4.317 lr:1.50e-04 0s
  E210/300 Loss:4.302 lr:1.50e-04 0s
  E220/300 Loss:4.303 lr:1.50e-04 0s
  E230/300 Loss:4.292 lr:1.50e-04 0s
  >> Val MRR:0.0028 (best:0.0047 p:20/30)
  E240/300 Loss:4.299 lr:4.50e-05 0s
  E250/300 Loss:4.282 lr:4.50e-05 0s
  E260/300 Loss:4.277 lr:4.50e-05 0s
  E270/300 Loss:4.280 lr:4.50e-05 0s
  E280/300 Loss:4.288 lr:4.50e-05 0s
  >> Val MRR:0.0028 (best:0.0047 p:30/30)
  Early stop at epoch 280
  Training done: 21s, best_val_MRR=0.0047
  Full test evaluation (3134 triples)...

  FINAL TEST: MRR=0.0094 H@1=0.8% H@3=0.9% H@10=1.0%
  Saved: /home/shanxh/decoder/WN18RR-er200_d200_L2_ls0.3_seed456.json
=== WN18RR-er200/DistMult@d200/L2/ls0.3/seed456 rc=0 in 25s ===
=== [55/81] FB15k-237-er200/ComplEx@d200/L2/ls0.3/seed42 ===
Device: cuda, AMP: True
GPU: NVIDIA GeForce RTX 2080 Ti, 11.3 GB
======================================================================
CompGCN+DistMult | FB15k-237-er200 | seed=42
d_h=200 L=2 lr=0.0005 ls=0.3 epochs=200
======================================================================
  KG: 13902 ent, 474 rel, 85644 edges
  Train/Val/Test: 42822/17535/20466
  Params: 3,226,400
  Training: epochs=200, lr=0.0005, batch=4096, ls=0.3
  Steps/epoch: 10
  E  1/200 Loss:10.183 lr:5.00e-04 1s
  >> Val MRR:0.0010 H@1:0.0% H@10:0.0% ** BEST **
  E 10/200 Loss:7.587 lr:5.00e-04 0s
  >> Val MRR:0.0419 H@1:3.0% H@10:6.0% ** BEST **
  >> Val MRR:0.0775 H@1:5.2% H@10:13.2% ** BEST **
  E 20/200 Loss:6.068 lr:5.00e-04 0s
  >> Val MRR:0.1097 H@1:8.0% H@10:17.6% ** BEST **
  >> Val MRR:0.1360 H@1:10.6% H@10:20.6% ** BEST **
  E 30/200 Loss:5.532 lr:5.00e-04 0s
  >> Val MRR:0.1450 H@1:11.0% H@10:23.4% ** BEST **
  >> Val MRR:0.1601 H@1:11.6% H@10:25.4% ** BEST **
  E 40/200 Loss:5.306 lr:5.00e-04 0s
  >> Val MRR:0.1658 H@1:11.8% H@10:28.2% ** BEST **
  >> Val MRR:0.1752 H@1:13.0% H@10:27.2% ** BEST **
  E 50/200 Loss:5.148 lr:5.00e-04 0s
  >> Val MRR:0.1850 H@1:13.6% H@10:29.8% ** BEST **
  >> Val MRR:0.1778 (best:0.1850 p:1/30)
  E 60/200 Loss:5.036 lr:5.00e-04 0s
  >> Val MRR:0.1879 H@1:13.4% H@10:31.2% ** BEST **
  >> Val MRR:0.1940 H@1:14.0% H@10:33.2% ** BEST **
  E 70/200 Loss:4.963 lr:5.00e-04 0s
  >> Val MRR:0.2027 H@1:15.0% H@10:33.0% ** BEST **
  >> Val MRR:0.2058 H@1:15.6% H@10:32.6% ** BEST **
  E 80/200 Loss:4.904 lr:5.00e-04 0s
  >> Val MRR:0.2092 H@1:16.0% H@10:33.2% ** BEST **
  >> Val MRR:0.2050 (best:0.2092 p:1/30)
  E 90/200 Loss:4.855 lr:5.00e-04 0s
  >> Val MRR:0.2142 H@1:16.0% H@10:33.8% ** BEST **
  >> Val MRR:0.2093 (best:0.2142 p:1/30)
  E100/200 Loss:4.812 lr:5.00e-04 0s
  >> Val MRR:0.2192 H@1:16.4% H@10:35.6% ** BEST **
  >> Val MRR:0.2167 (best:0.2192 p:1/30)
  E110/200 Loss:4.776 lr:5.00e-04 0s
  >> Val MRR:0.2196 H@1:16.6% H@10:34.8% ** BEST **
  >> Val MRR:0.2196 (best:0.2196 p:1/30)
  E120/200 Loss:4.746 lr:1.50e-04 0s
  >> Val MRR:0.2185 (best:0.2196 p:2/30)
  >> Val MRR:0.2173 (best:0.2196 p:3/30)
  E130/200 Loss:4.710 lr:1.50e-04 0s
  E140/200 Loss:4.695 lr:1.50e-04 0s
  E150/200 Loss:4.685 lr:1.50e-04 0s
  >> Val MRR:0.2207 H@1:16.4% H@10:34.4% ** BEST **
  >> Val MRR:0.2248 H@1:17.0% H@10:34.4% ** BEST **
  E160/200 Loss:4.677 lr:4.50e-05 0s
  >> Val MRR:0.2235 (best:0.2248 p:1/30)
  >> Val MRR:0.2222 (best:0.2248 p:2/30)
  E170/200 Loss:4.667 lr:4.50e-05 0s
  >> Val MRR:0.2213 (best:0.2248 p:3/30)
  E180/200 Loss:4.661 lr:4.50e-05 0s
  E190/200 Loss:4.662 lr:4.50e-05 0s
  E200/200 Loss:4.650 lr:4.50e-05 0s
  Training done: 121s, best_val_MRR=0.2248
  Full test evaluation (20466 triples)...

  FINAL TEST: MRR=0.2094 H@1=15.3% H@3=22.5% H@10=32.3%
  Saved: /home/shanxh/decoder/FB15k-237-er200_d200_L2_ls0.3_ComplEx_seed42.json
=== FB15k-237-er200/ComplEx@d200/L2/ls0.3/seed42 rc=0 in 186s ===
=== [56/81] FB15k-237-er200/ComplEx@d200/L2/ls0.3/seed123 ===
Device: cuda, AMP: True
GPU: NVIDIA GeForce RTX 2080 Ti, 11.3 GB
======================================================================
CompGCN+DistMult | FB15k-237-er200 | seed=123
d_h=200 L=2 lr=0.0005 ls=0.3 epochs=200
======================================================================
  KG: 13902 ent, 474 rel, 85644 edges
  Train/Val/Test: 42822/17535/20466
  Params: 3,226,400
  Training: epochs=200, lr=0.0005, batch=4096, ls=0.3
  Steps/epoch: 10
  E  1/200 Loss:10.205 lr:5.00e-04 1s
  >> Val MRR:0.0038 H@1:0.2% H@10:0.4% ** BEST **
  E 10/200 Loss:7.625 lr:5.00e-04 0s
  >> Val MRR:0.0377 H@1:2.6% H@10:6.2% ** BEST **
  >> Val MRR:0.0772 H@1:5.8% H@10:11.8% ** BEST **
  E 20/200 Loss:6.062 lr:5.00e-04 0s
  >> Val MRR:0.1162 H@1:9.0% H@10:16.2% ** BEST **
  >> Val MRR:0.1322 H@1:9.4% H@10:21.0% ** BEST **
  E 30/200 Loss:5.522 lr:5.00e-04 0s
  >> Val MRR:0.1606 H@1:12.0% H@10:23.0% ** BEST **
  >> Val MRR:0.1747 H@1:13.4% H@10:25.4% ** BEST **
  E 40/200 Loss:5.284 lr:5.00e-04 0s
  >> Val MRR:0.1877 H@1:15.0% H@10:26.6% ** BEST **
  >> Val MRR:0.1889 H@1:15.0% H@10:27.8% ** BEST **
  E 50/200 Loss:5.128 lr:5.00e-04 0s
  >> Val MRR:0.1891 H@1:14.6% H@10:27.8% ** BEST **
  >> Val MRR:0.1890 (best:0.1891 p:1/30)
  E 60/200 Loss:5.029 lr:5.00e-04 0s
  >> Val MRR:0.1902 H@1:14.4% H@10:28.6% ** BEST **
  >> Val MRR:0.1987 H@1:15.4% H@10:30.0% ** BEST **
  E 70/200 Loss:4.957 lr:5.00e-04 0s
  >> Val MRR:0.2024 H@1:15.2% H@10:29.8% ** BEST **
  >> Val MRR:0.2092 H@1:15.6% H@10:31.8% ** BEST **
  E 80/200 Loss:4.894 lr:5.00e-04 0s
  >> Val MRR:0.2089 (best:0.2092 p:1/30)
  >> Val MRR:0.2089 (best:0.2092 p:2/30)
  E 90/200 Loss:4.846 lr:5.00e-04 0s
  >> Val MRR:0.2078 (best:0.2092 p:3/30)
  E100/200 Loss:4.809 lr:5.00e-04 0s
  >> Val MRR:0.2131 H@1:15.6% H@10:33.2% ** BEST **
  E110/200 Loss:4.775 lr:5.00e-04 0s
  >> Val MRR:0.2174 H@1:16.6% H@10:32.2% ** BEST **
  >> Val MRR:0.2145 (best:0.2174 p:1/30)
  E120/200 Loss:4.740 lr:1.50e-04 0s
  >> Val MRR:0.2153 (best:0.2174 p:2/30)
  >> Val MRR:0.2193 H@1:16.4% H@10:33.2% ** BEST **
  E130/200 Loss:4.707 lr:1.50e-04 0s
  >> Val MRR:0.2133 (best:0.2193 p:1/30)
  >> Val MRR:0.2172 (best:0.2193 p:2/30)
  E140/200 Loss:4.696 lr:1.50e-04 0s
  >> Val MRR:0.2161 (best:0.2193 p:3/30)
  E150/200 Loss:4.688 lr:1.50e-04 0s
  E160/200 Loss:4.677 lr:4.50e-05 0s
  >> Val MRR:0.2195 H@1:16.6% H@10:33.4% ** BEST **
  >> Val MRR:0.2202 H@1:16.8% H@10:33.4% ** BEST **
  E170/200 Loss:4.665 lr:4.50e-05 0s
  >> Val MRR:0.2203 H@1:16.6% H@10:33.6% ** BEST **
  >> Val MRR:0.2188 (best:0.2203 p:1/30)
  E180/200 Loss:4.666 lr:4.50e-05 0s
  >> Val MRR:0.2182 (best:0.2203 p:2/30)
  >> Val MRR:0.2171 (best:0.2203 p:3/30)
  E190/200 Loss:4.653 lr:4.50e-05 0s
  E200/200 Loss:4.653 lr:4.50e-05 0s
  Training done: 121s, best_val_MRR=0.2203
  Full test evaluation (20466 triples)...

  FINAL TEST: MRR=0.2119 H@1=15.4% H@3=22.9% H@10=32.9%
  Saved: /home/shanxh/decoder/FB15k-237-er200_d200_L2_ls0.3_ComplEx_seed123.json
=== FB15k-237-er200/ComplEx@d200/L2/ls0.3/seed123 rc=0 in 185s ===
=== [57/81] FB15k-237-er200/ComplEx@d200/L2/ls0.3/seed456 ===
Device: cuda, AMP: True
GPU: NVIDIA GeForce RTX 2080 Ti, 11.3 GB
======================================================================
CompGCN+DistMult | FB15k-237-er200 | seed=456
d_h=200 L=2 lr=0.0005 ls=0.3 epochs=200
======================================================================
  KG: 13902 ent, 474 rel, 85644 edges
  Train/Val/Test: 42822/17535/20466
  Params: 3,226,400
  Training: epochs=200, lr=0.0005, batch=4096, ls=0.3
  Steps/epoch: 10
  E  1/200 Loss:10.197 lr:5.00e-04 1s
  >> Val MRR:0.0014 H@1:0.0% H@10:0.0% ** BEST **
  E 10/200 Loss:7.605 lr:5.00e-04 0s
  >> Val MRR:0.0418 H@1:3.4% H@10:5.2% ** BEST **
  >> Val MRR:0.0742 H@1:5.6% H@10:11.0% ** BEST **
  E 20/200 Loss:6.056 lr:5.00e-04 0s
  >> Val MRR:0.1085 H@1:8.2% H@10:16.2% ** BEST **
  >> Val MRR:0.1364 H@1:9.6% H@10:21.2% ** BEST **
  E 30/200 Loss:5.519 lr:5.00e-04 0s
  >> Val MRR:0.1626 H@1:11.8% H@10:25.6% ** BEST **
  >> Val MRR:0.1787 H@1:13.2% H@10:27.4% ** BEST **
  E 40/200 Loss:5.276 lr:5.00e-04 0s
  >> Val MRR:0.1954 H@1:14.8% H@10:30.6% ** BEST **
  >> Val MRR:0.2025 H@1:15.2% H@10:30.8% ** BEST **
  E 50/200 Loss:5.128 lr:5.00e-04 0s
  >> Val MRR:0.2081 H@1:15.6% H@10:32.2% ** BEST **
  >> Val MRR:0.2098 H@1:15.4% H@10:32.4% ** BEST **
  E 60/200 Loss:5.029 lr:5.00e-04 0s
  >> Val MRR:0.2147 H@1:16.4% H@10:32.8% ** BEST **
  >> Val MRR:0.2072 (best:0.2147 p:1/30)
  E 70/200 Loss:4.948 lr:5.00e-04 0s
  >> Val MRR:0.2112 (best:0.2147 p:2/30)
  >> Val MRR:0.2121 (best:0.2147 p:3/30)
  E 80/200 Loss:4.895 lr:5.00e-04 0s
  >> Val MRR:0.2169 H@1:16.2% H@10:32.0% ** BEST **
  E 90/200 Loss:4.846 lr:5.00e-04 0s
  >> Val MRR:0.2126 (best:0.2169 p:1/30)
  >> Val MRR:0.2151 (best:0.2169 p:2/30)
  E100/200 Loss:4.801 lr:5.00e-04 0s
  >> Val MRR:0.2147 (best:0.2169 p:3/30)
  >> Val MRR:0.2170 H@1:16.2% H@10:32.4% ** BEST **
  E110/200 Loss:4.770 lr:5.00e-04 0s
  >> Val MRR:0.2158 (best:0.2170 p:1/30)
  >> Val MRR:0.2173 H@1:16.0% H@10:34.2% ** BEST **
  E120/200 Loss:4.741 lr:1.50e-04 0s
  >> Val MRR:0.2176 H@1:16.0% H@10:35.6% ** BEST **
  >> Val MRR:0.2160 (best:0.2176 p:1/30)
  E130/200 Loss:4.701 lr:1.50e-04 0s
  >> Val MRR:0.2183 H@1:16.0% H@10:35.0% ** BEST **
  >> Val MRR:0.2222 H@1:16.6% H@10:34.4% ** BEST **
  E140/200 Loss:4.685 lr:1.50e-04 0s
  >> Val MRR:0.2225 H@1:16.6% H@10:35.2% ** BEST **
  >> Val MRR:0.2245 H@1:16.6% H@10:35.2% ** BEST **
  E150/200 Loss:4.672 lr:1.50e-04 0s
  >> Val MRR:0.2229 (best:0.2245 p:1/30)
  >> Val MRR:0.2239 (best:0.2245 p:2/30)
  E160/200 Loss:4.661 lr:4.50e-05 0s
  >> Val MRR:0.2236 (best:0.2245 p:3/30)
  E170/200 Loss:4.655 lr:4.50e-05 0s
  E180/200 Loss:4.657 lr:4.50e-05 0s
  >> Val MRR:0.2252 H@1:16.4% H@10:35.2% ** BEST **
  E190/200 Loss:4.651 lr:4.50e-05 0s
  >> Val MRR:0.2241 (best:0.2252 p:1/30)
  >> Val MRR:0.2239 (best:0.2252 p:2/30)
  E200/200 Loss:4.644 lr:4.50e-05 0s
  >> Val MRR:0.2250 (best:0.2252 p:3/30)
  Training done: 121s, best_val_MRR=0.2252
  Full test evaluation (20466 triples)...

  FINAL TEST: MRR=0.2155 H@1=15.7% H@3=23.2% H@10=33.4%
  Saved: /home/shanxh/decoder/FB15k-237-er200_d200_L2_ls0.3_ComplEx_seed456.json
=== FB15k-237-er200/ComplEx@d200/L2/ls0.3/seed456 rc=0 in 186s ===
=== [58/81] FB15k-237-er200/DistMult@d200/L2/ls0.3/seed42 ===
Device: cuda, AMP: True
GPU: NVIDIA GeForce RTX 2080 Ti, 11.3 GB
======================================================================
CompGCN+DistMult | FB15k-237-er200 | seed=42
d_h=200 L=2 lr=0.0005 ls=0.3 epochs=200
======================================================================
  KG: 13902 ent, 474 rel, 85644 edges
  Train/Val/Test: 42822/17535/20466
  Params: 3,226,400
  Training: epochs=200, lr=0.0005, batch=4096, ls=0.3
  Steps/epoch: 10
  E  1/200 Loss:9.814 lr:5.00e-04 1s
  >> Val MRR:0.0010 H@1:0.0% H@10:0.0% ** BEST **
  E 10/200 Loss:7.748 lr:5.00e-04 0s
  >> Val MRR:0.0357 H@1:2.2% H@10:6.2% ** BEST **
  >> Val MRR:0.0673 H@1:4.4% H@10:10.8% ** BEST **
  E 20/200 Loss:6.226 lr:5.00e-04 0s
  >> Val MRR:0.0914 H@1:6.4% H@10:15.6% ** BEST **
  >> Val MRR:0.1166 H@1:8.8% H@10:18.0% ** BEST **
  E 30/200 Loss:5.606 lr:5.00e-04 0s
  >> Val MRR:0.1373 H@1:9.6% H@10:21.6% ** BEST **
  >> Val MRR:0.1378 H@1:10.0% H@10:23.4% ** BEST **
  E 40/200 Loss:5.316 lr:5.00e-04 0s
  >> Val MRR:0.1538 H@1:11.0% H@10:25.8% ** BEST **
  >> Val MRR:0.1630 H@1:11.6% H@10:25.6% ** BEST **
  E 50/200 Loss:5.153 lr:5.00e-04 0s
  >> Val MRR:0.1738 H@1:12.2% H@10:26.8% ** BEST **
  >> Val MRR:0.1834 H@1:13.2% H@10:27.6% ** BEST **
  E 60/200 Loss:5.037 lr:5.00e-04 0s
  >> Val MRR:0.1917 H@1:13.6% H@10:30.4% ** BEST **
  >> Val MRR:0.1991 H@1:15.0% H@10:31.2% ** BEST **
  E 70/200 Loss:4.957 lr:5.00e-04 0s
  >> Val MRR:0.1946 (best:0.1991 p:1/30)
  >> Val MRR:0.1988 (best:0.1991 p:2/30)
  E 80/200 Loss:4.896 lr:5.00e-04 0s
  >> Val MRR:0.2037 H@1:14.6% H@10:30.4% ** BEST **
  >> Val MRR:0.2084 H@1:15.0% H@10:31.6% ** BEST **
  E 90/200 Loss:4.846 lr:5.00e-04 0s
  >> Val MRR:0.2118 H@1:15.2% H@10:33.2% ** BEST **
  >> Val MRR:0.2153 H@1:16.0% H@10:31.8% ** BEST **
  E100/200 Loss:4.813 lr:5.00e-04 0s
  >> Val MRR:0.2138 (best:0.2153 p:1/30)
  >> Val MRR:0.2143 (best:0.2153 p:2/30)
  E110/200 Loss:4.772 lr:5.00e-04 0s
  >> Val MRR:0.2146 (best:0.2153 p:3/30)
  >> Val MRR:0.2187 H@1:16.4% H@10:33.6% ** BEST **
  E120/200 Loss:4.738 lr:1.50e-04 0s
  >> Val MRR:0.2232 H@1:16.8% H@10:33.4% ** BEST **
  >> Val MRR:0.2255 H@1:17.4% H@10:33.4% ** BEST **
  E130/200 Loss:4.697 lr:1.50e-04 0s
  >> Val MRR:0.2286 H@1:18.0% H@10:33.0% ** BEST **
  >> Val MRR:0.2298 H@1:18.0% H@10:33.8% ** BEST **
  E140/200 Loss:4.681 lr:1.50e-04 0s
  >> Val MRR:0.2278 (best:0.2298 p:1/30)
  >> Val MRR:0.2247 (best:0.2298 p:2/30)
  E150/200 Loss:4.672 lr:1.50e-04 0s
  >> Val MRR:0.2256 (best:0.2298 p:3/30)
  E160/200 Loss:4.665 lr:4.50e-05 0s
  E170/200 Loss:4.654 lr:4.50e-05 0s
  E180/200 Loss:4.651 lr:4.50e-05 0s
  >> Val MRR:0.2280 (best:0.2298 p:10/30)
  E190/200 Loss:4.641 lr:4.50e-05 0s
  E200/200 Loss:4.641 lr:4.50e-05 0s
  >> Val MRR:0.2305 H@1:18.0% H@10:33.2% ** BEST **
  Training done: 116s, best_val_MRR=0.2305
  Full test evaluation (20466 triples)...

  FINAL TEST: MRR=0.2098 H@1=15.5% H@3=22.4% H@10=32.3%
  Saved: /home/shanxh/decoder/FB15k-237-er200_d200_L2_ls0.3_seed42.json
=== FB15k-237-er200/DistMult@d200/L2/ls0.3/seed42 rc=0 in 181s ===
=== [59/81] FB15k-237-er200/DistMult@d200/L2/ls0.3/seed123 ===
Device: cuda, AMP: True
GPU: NVIDIA GeForce RTX 2080 Ti, 11.3 GB
======================================================================
CompGCN+DistMult | FB15k-237-er200 | seed=123
d_h=200 L=2 lr=0.0005 ls=0.3 epochs=200
======================================================================
  KG: 13902 ent, 474 rel, 85644 edges
  Train/Val/Test: 42822/17535/20466
  Params: 3,226,400
  Training: epochs=200, lr=0.0005, batch=4096, ls=0.3
  Steps/epoch: 10
  E  1/200 Loss:9.816 lr:5.00e-04 1s
  >> Val MRR:0.0079 H@1:0.4% H@10:2.0% ** BEST **
  E 10/200 Loss:7.708 lr:5.00e-04 0s
  >> Val MRR:0.0584 H@1:4.0% H@10:9.4% ** BEST **
  >> Val MRR:0.0899 H@1:6.4% H@10:13.8% ** BEST **
  E 20/200 Loss:6.214 lr:5.00e-04 0s
  >> Val MRR:0.1265 H@1:10.0% H@10:18.0% ** BEST **
  >> Val MRR:0.1461 H@1:11.0% H@10:21.6% ** BEST **
  E 30/200 Loss:5.600 lr:5.00e-04 0s
  >> Val MRR:0.1658 H@1:13.0% H@10:24.2% ** BEST **
  >> Val MRR:0.1760 H@1:13.4% H@10:27.0% ** BEST **
  E 40/200 Loss:5.309 lr:5.00e-04 0s
  >> Val MRR:0.1846 H@1:14.0% H@10:26.8% ** BEST **
  >> Val MRR:0.1943 H@1:15.2% H@10:27.6% ** BEST **
  E 50/200 Loss:5.156 lr:5.00e-04 0s
  >> Val MRR:0.1971 H@1:14.8% H@10:29.4% ** BEST **
  >> Val MRR:0.2105 H@1:16.6% H@10:30.2% ** BEST **
  E 60/200 Loss:5.037 lr:5.00e-04 0s
  >> Val MRR:0.2107 H@1:16.6% H@10:30.0% ** BEST **
  >> Val MRR:0.2137 H@1:16.8% H@10:31.4% ** BEST **
  E 70/200 Loss:4.968 lr:5.00e-04 0s
  >> Val MRR:0.2178 H@1:17.0% H@10:31.0% ** BEST **
  >> Val MRR:0.2235 H@1:17.6% H@10:32.4% ** BEST **
  E 80/200 Loss:4.908 lr:5.00e-04 0s
  >> Val MRR:0.2263 H@1:18.0% H@10:32.6% ** BEST **
  >> Val MRR:0.2239 (best:0.2263 p:1/30)
  E 90/200 Loss:4.850 lr:5.00e-04 0s
  >> Val MRR:0.2276 H@1:17.6% H@10:34.6% ** BEST **
  >> Val MRR:0.2363 H@1:18.2% H@10:34.4% ** BEST **
  E100/200 Loss:4.806 lr:5.00e-04 0s
  >> Val MRR:0.2377 H@1:18.4% H@10:34.2% ** BEST **
  >> Val MRR:0.2374 (best:0.2377 p:1/30)
  E110/200 Loss:4.776 lr:5.00e-04 0s
  >> Val MRR:0.2346 (best:0.2377 p:2/30)
  >> Val MRR:0.2363 (best:0.2377 p:3/30)
  E120/200 Loss:4.744 lr:1.50e-04 0s
  >> Val MRR:0.2382 H@1:18.8% H@10:35.0% ** BEST **
  >> Val MRR:0.2393 H@1:18.8% H@10:35.2% ** BEST **
  E130/200 Loss:4.704 lr:1.50e-04 0s
  >> Val MRR:0.2388 (best:0.2393 p:1/30)
  >> Val MRR:0.2384 (best:0.2393 p:2/30)
  E140/200 Loss:4.692 lr:1.50e-04 0s
  >> Val MRR:0.2380 (best:0.2393 p:3/30)
  E150/200 Loss:4.677 lr:1.50e-04 0s
  >> Val MRR:0.2413 H@1:19.0% H@10:35.4% ** BEST **
  E160/200 Loss:4.664 lr:4.50e-05 0s
  >> Val MRR:0.2377 (best:0.2413 p:1/30)
  >> Val MRR:0.2400 (best:0.2413 p:2/30)
  E170/200 Loss:4.655 lr:4.50e-05 0s
  >> Val MRR:0.2398 (best:0.2413 p:3/30)
  E180/200 Loss:4.656 lr:4.50e-05 0s
  E190/200 Loss:4.646 lr:4.50e-05 0s
  E200/200 Loss:4.646 lr:4.50e-05 0s
  Training done: 116s, best_val_MRR=0.2413
  Full test evaluation (20466 triples)...

  FINAL TEST: MRR=0.2132 H@1=15.8% H@3=22.9% H@10=32.5%
  Saved: /home/shanxh/decoder/FB15k-237-er200_d200_L2_ls0.3_seed123.json
=== FB15k-237-er200/DistMult@d200/L2/ls0.3/seed123 rc=0 in 179s ===
=== [60/81] FB15k-237-er200/DistMult@d200/L2/ls0.3/seed456 ===
Device: cuda, AMP: True
GPU: NVIDIA GeForce RTX 2080 Ti, 11.3 GB
======================================================================
CompGCN+DistMult | FB15k-237-er200 | seed=456
d_h=200 L=2 lr=0.0005 ls=0.3 epochs=200
======================================================================
  KG: 13902 ent, 474 rel, 85644 edges
  Train/Val/Test: 42822/17535/20466
  Params: 3,226,400
  Training: epochs=200, lr=0.0005, batch=4096, ls=0.3
  Steps/epoch: 10
  E  1/200 Loss:9.817 lr:5.00e-04 1s
  >> Val MRR:0.0031 H@1:0.2% H@10:0.2% ** BEST **
  E 10/200 Loss:7.734 lr:5.00e-04 0s
  >> Val MRR:0.0527 H@1:4.0% H@10:6.8% ** BEST **
  >> Val MRR:0.0686 H@1:4.6% H@10:10.8% ** BEST **
  E 20/200 Loss:6.246 lr:5.00e-04 0s
  >> Val MRR:0.0963 H@1:7.2% H@10:14.6% ** BEST **
  >> Val MRR:0.1242 H@1:9.2% H@10:18.8% ** BEST **
  E 30/200 Loss:5.623 lr:5.00e-04 0s
  >> Val MRR:0.1445 H@1:10.6% H@10:22.4% ** BEST **
  >> Val MRR:0.1524 H@1:10.8% H@10:23.8% ** BEST **
  E 40/200 Loss:5.326 lr:5.00e-04 0s
  >> Val MRR:0.1677 H@1:12.2% H@10:27.0% ** BEST **
  >> Val MRR:0.1684 H@1:11.8% H@10:26.6% ** BEST **
  E 50/200 Loss:5.161 lr:5.00e-04 0s
  >> Val MRR:0.1729 H@1:12.2% H@10:27.2% ** BEST **
  >> Val MRR:0.1804 H@1:13.4% H@10:27.8% ** BEST **
  E 60/200 Loss:5.037 lr:5.00e-04 0s
  >> Val MRR:0.1829 H@1:13.0% H@10:29.2% ** BEST **
  >> Val MRR:0.1898 H@1:14.0% H@10:30.2% ** BEST **
  E 70/200 Loss:4.959 lr:5.00e-04 0s
  >> Val MRR:0.1880 (best:0.1898 p:1/30)
  >> Val MRR:0.2025 H@1:14.6% H@10:30.8% ** BEST **
  E 80/200 Loss:4.901 lr:5.00e-04 0s
  >> Val MRR:0.2050 H@1:14.8% H@10:31.8% ** BEST **
  >> Val MRR:0.2098 H@1:15.6% H@10:31.4% ** BEST **
  E 90/200 Loss:4.849 lr:5.00e-04 0s
  >> Val MRR:0.2149 H@1:16.0% H@10:31.6% ** BEST **
  >> Val MRR:0.2151 H@1:15.6% H@10:33.4% ** BEST **
  E100/200 Loss:4.808 lr:5.00e-04 0s
  >> Val MRR:0.2239 H@1:16.6% H@10:34.6% ** BEST **
  >> Val MRR:0.2199 (best:0.2239 p:1/30)
  E110/200 Loss:4.774 lr:5.00e-04 0s
  >> Val MRR:0.2242 H@1:16.6% H@10:33.8% ** BEST **
  >> Val MRR:0.2196 (best:0.2242 p:1/30)
  E120/200 Loss:4.740 lr:1.50e-04 0s
  >> Val MRR:0.2190 (best:0.2242 p:2/30)
  >> Val MRR:0.2176 (best:0.2242 p:3/30)
  E130/200 Loss:4.703 lr:1.50e-04 0s
  E140/200 Loss:4.686 lr:1.50e-04 0s
  >> Val MRR:0.2262 H@1:16.6% H@10:34.6% ** BEST **
  E150/200 Loss:4.678 lr:1.50e-04 0s
  >> Val MRR:0.2238 (best:0.2262 p:1/30)
  >> Val MRR:0.2202 (best:0.2262 p:2/30)
  E160/200 Loss:4.666 lr:4.50e-05 0s
  >> Val MRR:0.2246 (best:0.2262 p:3/30)
  E170/200 Loss:4.659 lr:4.50e-05 0s
  E180/200 Loss:4.654 lr:4.50e-05 0s
  E190/200 Loss:4.652 lr:4.50e-05 0s
  >> Val MRR:0.2232 (best:0.2262 p:10/30)
  E200/200 Loss:4.641 lr:4.50e-05 0s
  Training done: 116s, best_val_MRR=0.2262
  Full test evaluation (20466 triples)...

  FINAL TEST: MRR=0.2084 H@1=15.3% H@3=22.3% H@10=32.1%
  Saved: /home/shanxh/decoder/FB15k-237-er200_d200_L2_ls0.3_seed456.json
=== FB15k-237-er200/DistMult@d200/L2/ls0.3/seed456 rc=0 in 181s ===
=== [61/81] FB15k-237-er100/ComplEx@d200/L2/ls0.3/seed42 ===
Device: cuda, AMP: True
GPU: NVIDIA GeForce RTX 2080 Ti, 11.3 GB
======================================================================
CompGCN+DistMult | FB15k-237-er100 | seed=42
d_h=200 L=2 lr=0.0005 ls=0.3 epochs=200
======================================================================
  KG: 13468 ent, 474 rel, 47238 edges
  Train/Val/Test: 23619/17535/20466
  Params: 3,139,600
  Training: epochs=200, lr=0.0005, batch=4096, ls=0.3
  Steps/epoch: 5
  E  1/200 Loss:10.191 lr:5.00e-04 1s
  >> Val MRR:0.0015 H@1:0.0% H@10:0.2% ** BEST **
  E 10/200 Loss:8.048 lr:5.00e-04 0s
  >> Val MRR:0.0013 (best:0.0015 p:1/30)
  >> Val MRR:0.0272 H@1:2.0% H@10:4.0% ** BEST **
  E 20/200 Loss:6.520 lr:5.00e-04 0s
  >> Val MRR:0.0333 H@1:2.4% H@10:5.4% ** BEST **
  >> Val MRR:0.0445 H@1:3.2% H@10:7.4% ** BEST **
  E 30/200 Loss:5.754 lr:5.00e-04 0s
  >> Val MRR:0.0563 H@1:3.8% H@10:8.8% ** BEST **
  >> Val MRR:0.0662 H@1:4.8% H@10:10.4% ** BEST **
  E 40/200 Loss:5.391 lr:5.00e-04 0s
  >> Val MRR:0.0704 H@1:4.8% H@10:11.4% ** BEST **
  >> Val MRR:0.0732 H@1:4.8% H@10:11.6% ** BEST **
  E 50/200 Loss:5.186 lr:5.00e-04 0s
  >> Val MRR:0.0823 H@1:6.0% H@10:12.6% ** BEST **
  >> Val MRR:0.0883 H@1:6.4% H@10:14.0% ** BEST **
  E 60/200 Loss:5.055 lr:5.00e-04 0s
  >> Val MRR:0.0946 H@1:7.2% H@10:14.4% ** BEST **
  >> Val MRR:0.1055 H@1:8.0% H@10:15.2% ** BEST **
  E 70/200 Loss:4.962 lr:5.00e-04 0s
  >> Val MRR:0.1164 H@1:9.4% H@10:16.0% ** BEST **
  >> Val MRR:0.1216 H@1:9.8% H@10:17.6% ** BEST **
  E 80/200 Loss:4.888 lr:5.00e-04 0s
  >> Val MRR:0.1228 H@1:9.8% H@10:17.8% ** BEST **
  >> Val MRR:0.1264 H@1:10.2% H@10:17.0% ** BEST **
  E 90/200 Loss:4.803 lr:5.00e-04 0s
  >> Val MRR:0.1343 H@1:11.0% H@10:17.4% ** BEST **
  >> Val MRR:0.1411 H@1:11.4% H@10:19.0% ** BEST **
  E100/200 Loss:4.754 lr:5.00e-04 0s
  >> Val MRR:0.1404 (best:0.1411 p:1/30)
  >> Val MRR:0.1406 (best:0.1411 p:2/30)
  E110/200 Loss:4.707 lr:5.00e-04 0s
  >> Val MRR:0.1447 H@1:11.2% H@10:21.0% ** BEST **
  >> Val MRR:0.1491 H@1:11.8% H@10:21.0% ** BEST **
  E120/200 Loss:4.669 lr:1.50e-04 0s
  >> Val MRR:0.1582 H@1:12.0% H@10:22.4% ** BEST **
  >> Val MRR:0.1575 (best:0.1582 p:1/30)
  E130/200 Loss:4.633 lr:1.50e-04 0s
  >> Val MRR:0.1608 H@1:12.4% H@10:22.4% ** BEST **
  >> Val MRR:0.1646 H@1:13.0% H@10:22.6% ** BEST **
  E140/200 Loss:4.622 lr:1.50e-04 0s
  >> Val MRR:0.1631 (best:0.1646 p:1/30)
  >> Val MRR:0.1672 H@1:13.4% H@10:23.0% ** BEST **
  E150/200 Loss:4.598 lr:1.50e-04 0s
  >> Val MRR:0.1663 (best:0.1672 p:1/30)
  >> Val MRR:0.1651 (best:0.1672 p:2/30)
  E160/200 Loss:4.597 lr:4.50e-05 0s
  >> Val MRR:0.1669 (best:0.1672 p:3/30)
  >> Val MRR:0.1675 H@1:13.2% H@10:23.6% ** BEST **
  E170/200 Loss:4.580 lr:4.50e-05 0s
  >> Val MRR:0.1690 H@1:13.4% H@10:23.6% ** BEST **
  >> Val MRR:0.1696 H@1:13.4% H@10:23.8% ** BEST **
  E180/200 Loss:4.583 lr:4.50e-05 0s
  >> Val MRR:0.1694 (best:0.1696 p:1/30)
  >> Val MRR:0.1706 H@1:13.6% H@10:24.0% ** BEST **
  E190/200 Loss:4.579 lr:4.50e-05 0s
  >> Val MRR:0.1714 H@1:13.6% H@10:24.2% ** BEST **
  >> Val MRR:0.1723 H@1:13.8% H@10:24.2% ** BEST **
  E200/200 Loss:4.571 lr:4.50e-05 0s
  >> Val MRR:0.1722 (best:0.1723 p:1/30)
  Training done: 75s, best_val_MRR=0.1723
  Full test evaluation (20466 triples)...

  FINAL TEST: MRR=0.1491 H@1=11.3% H@3=16.0% H@10=22.0%
  Saved: /home/shanxh/decoder/FB15k-237-er100_d200_L2_ls0.3_ComplEx_seed42.json
=== FB15k-237-er100/ComplEx@d200/L2/ls0.3/seed42 rc=0 in 131s ===
=== [62/81] FB15k-237-er100/ComplEx@d200/L2/ls0.3/seed123 ===
Device: cuda, AMP: True
GPU: NVIDIA GeForce RTX 2080 Ti, 11.3 GB
======================================================================
CompGCN+DistMult | FB15k-237-er100 | seed=123
d_h=200 L=2 lr=0.0005 ls=0.3 epochs=200
======================================================================
  KG: 13468 ent, 474 rel, 47238 edges
  Train/Val/Test: 23619/17535/20466
  Params: 3,139,600
  Training: epochs=200, lr=0.0005, batch=4096, ls=0.3
  Steps/epoch: 5
  E  1/200 Loss:10.190 lr:5.00e-04 1s
  >> Val MRR:0.0006 H@1:0.0% H@10:0.0% ** BEST **
  E 10/200 Loss:8.054 lr:5.00e-04 0s
  >> Val MRR:0.0018 H@1:0.0% H@10:0.2% ** BEST **
  >> Val MRR:0.0109 H@1:0.8% H@10:1.8% ** BEST **
  E 20/200 Loss:6.574 lr:5.00e-04 0s
  >> Val MRR:0.0264 H@1:1.8% H@10:3.8% ** BEST **
  >> Val MRR:0.0334 H@1:2.4% H@10:5.4% ** BEST **
  E 30/200 Loss:5.772 lr:5.00e-04 0s
  >> Val MRR:0.0419 H@1:3.0% H@10:6.4% ** BEST **
  >> Val MRR:0.0460 H@1:3.6% H@10:6.6% ** BEST **
  E 40/200 Loss:5.382 lr:5.00e-04 0s
  >> Val MRR:0.0504 H@1:4.0% H@10:7.0% ** BEST **
  >> Val MRR:0.0542 H@1:4.0% H@10:8.0% ** BEST **
  E 50/200 Loss:5.183 lr:5.00e-04 0s
  >> Val MRR:0.0605 H@1:4.4% H@10:9.0% ** BEST **
  >> Val MRR:0.0678 H@1:4.8% H@10:9.6% ** BEST **
  E 60/200 Loss:5.056 lr:5.00e-04 0s
  >> Val MRR:0.0773 H@1:6.0% H@10:11.4% ** BEST **
  >> Val MRR:0.0767 (best:0.0773 p:1/30)
  E 70/200 Loss:4.957 lr:5.00e-04 0s
  >> Val MRR:0.0778 H@1:5.6% H@10:12.6% ** BEST **
  >> Val MRR:0.0885 H@1:6.6% H@10:13.2% ** BEST **
  E 80/200 Loss:4.888 lr:5.00e-04 0s
  >> Val MRR:0.0943 H@1:7.0% H@10:14.4% ** BEST **
  >> Val MRR:0.1039 H@1:7.8% H@10:15.6% ** BEST **
  E 90/200 Loss:4.818 lr:5.00e-04 0s
  >> Val MRR:0.1108 H@1:8.8% H@10:16.0% ** BEST **
  >> Val MRR:0.1167 H@1:9.4% H@10:17.6% ** BEST **
  E100/200 Loss:4.766 lr:5.00e-04 0s
  >> Val MRR:0.1195 H@1:9.4% H@10:18.2% ** BEST **
  >> Val MRR:0.1232 H@1:9.2% H@10:19.4% ** BEST **
  E110/200 Loss:4.716 lr:5.00e-04 0s
  >> Val MRR:0.1297 H@1:10.2% H@10:19.6% ** BEST **
  >> Val MRR:0.1296 (best:0.1297 p:1/30)
  E120/200 Loss:4.671 lr:1.50e-04 0s
  >> Val MRR:0.1294 (best:0.1297 p:2/30)
  >> Val MRR:0.1334 H@1:10.0% H@10:20.8% ** BEST **
  E130/200 Loss:4.636 lr:1.50e-04 0s
  >> Val MRR:0.1367 H@1:10.2% H@10:21.2% ** BEST **
  >> Val MRR:0.1373 H@1:10.2% H@10:21.6% ** BEST **
  E140/200 Loss:4.625 lr:1.50e-04 0s
  >> Val MRR:0.1362 (best:0.1373 p:1/30)
  >> Val MRR:0.1373 (best:0.1373 p:2/30)
  E150/200 Loss:4.611 lr:1.50e-04 0s
  >> Val MRR:0.1385 H@1:10.2% H@10:22.8% ** BEST **
  >> Val MRR:0.1406 H@1:10.4% H@10:22.0% ** BEST **
  E160/200 Loss:4.600 lr:4.50e-05 0s
  >> Val MRR:0.1402 (best:0.1406 p:1/30)
  >> Val MRR:0.1414 H@1:10.4% H@10:21.6% ** BEST **
  E170/200 Loss:4.584 lr:4.50e-05 0s
  >> Val MRR:0.1420 H@1:10.4% H@10:22.0% ** BEST **
  >> Val MRR:0.1422 H@1:10.6% H@10:22.4% ** BEST **
  E180/200 Loss:4.593 lr:4.50e-05 0s
  >> Val MRR:0.1436 H@1:10.6% H@10:22.4% ** BEST **
  >> Val MRR:0.1440 H@1:10.8% H@10:22.8% ** BEST **
  E190/200 Loss:4.584 lr:4.50e-05 0s
  >> Val MRR:0.1444 H@1:10.8% H@10:22.8% ** BEST **
  >> Val MRR:0.1449 H@1:10.8% H@10:22.4% ** BEST **
  E200/200 Loss:4.570 lr:4.50e-05 0s
  >> Val MRR:0.1442 (best:0.1449 p:1/30)
  Training done: 76s, best_val_MRR=0.1449
  Full test evaluation (20466 triples)...

  FINAL TEST: MRR=0.1345 H@1=9.6% H@3=14.6% H@10=21.0%
  Saved: /home/shanxh/decoder/FB15k-237-er100_d200_L2_ls0.3_ComplEx_seed123.json
=== FB15k-237-er100/ComplEx@d200/L2/ls0.3/seed123 rc=0 in 131s ===
=== [63/81] FB15k-237-er100/ComplEx@d200/L2/ls0.3/seed456 ===
Device: cuda, AMP: True
GPU: NVIDIA GeForce RTX 2080 Ti, 11.3 GB
======================================================================
CompGCN+DistMult | FB15k-237-er100 | seed=456
d_h=200 L=2 lr=0.0005 ls=0.3 epochs=200
======================================================================
  KG: 13468 ent, 474 rel, 47238 edges
  Train/Val/Test: 23619/17535/20466
  Params: 3,139,600
  Training: epochs=200, lr=0.0005, batch=4096, ls=0.3
  Steps/epoch: 5
  E  1/200 Loss:10.185 lr:5.00e-04 1s
  >> Val MRR:0.0006 H@1:0.0% H@10:0.0% ** BEST **
  E 10/200 Loss:8.047 lr:5.00e-04 0s
  >> Val MRR:0.0016 H@1:0.0% H@10:0.2% ** BEST **
  >> Val MRR:0.0185 H@1:1.2% H@10:3.0% ** BEST **
  E 20/200 Loss:6.549 lr:5.00e-04 0s
  >> Val MRR:0.0336 H@1:2.2% H@10:5.0% ** BEST **
  >> Val MRR:0.0439 H@1:3.2% H@10:6.6% ** BEST **
  E 30/200 Loss:5.747 lr:5.00e-04 0s
  >> Val MRR:0.0503 H@1:3.2% H@10:8.6% ** BEST **
  >> Val MRR:0.0574 H@1:3.6% H@10:9.6% ** BEST **
  E 40/200 Loss:5.377 lr:5.00e-04 0s
  >> Val MRR:0.0651 H@1:4.6% H@10:10.4% ** BEST **
  >> Val MRR:0.0664 H@1:4.2% H@10:10.2% ** BEST **
  E 50/200 Loss:5.177 lr:5.00e-04 0s
  >> Val MRR:0.0698 H@1:4.8% H@10:11.0% ** BEST **
  >> Val MRR:0.0722 H@1:4.8% H@10:12.0% ** BEST **
  E 60/200 Loss:5.028 lr:5.00e-04 0s
  >> Val MRR:0.0826 H@1:6.0% H@10:12.2% ** BEST **
  >> Val MRR:0.0813 (best:0.0826 p:1/30)
  E 70/200 Loss:4.943 lr:5.00e-04 0s
  >> Val MRR:0.0863 H@1:6.4% H@10:12.8% ** BEST **
  >> Val MRR:0.0921 H@1:7.0% H@10:13.4% ** BEST **
  E 80/200 Loss:4.864 lr:5.00e-04 0s
  >> Val MRR:0.0980 H@1:7.6% H@10:14.8% ** BEST **
  >> Val MRR:0.1028 H@1:8.2% H@10:14.4% ** BEST **
  E 90/200 Loss:4.799 lr:5.00e-04 0s
  >> Val MRR:0.1054 H@1:8.4% H@10:14.8% ** BEST **
  >> Val MRR:0.1086 H@1:8.6% H@10:16.0% ** BEST **
  E100/200 Loss:4.748 lr:5.00e-04 0s
  >> Val MRR:0.1143 H@1:8.8% H@10:15.8% ** BEST **
  >> Val MRR:0.1179 H@1:9.2% H@10:16.4% ** BEST **
  E110/200 Loss:4.703 lr:5.00e-04 0s
  >> Val MRR:0.1191 H@1:9.2% H@10:17.0% ** BEST **
  >> Val MRR:0.1250 H@1:10.0% H@10:19.0% ** BEST **
  E120/200 Loss:4.671 lr:1.50e-04 0s
  >> Val MRR:0.1318 H@1:10.6% H@10:18.6% ** BEST **
  >> Val MRR:0.1304 (best:0.1318 p:1/30)
  E130/200 Loss:4.635 lr:1.50e-04 0s
  >> Val MRR:0.1332 H@1:10.6% H@10:19.4% ** BEST **
  >> Val MRR:0.1357 H@1:11.0% H@10:19.2% ** BEST **
  E140/200 Loss:4.616 lr:1.50e-04 0s
  >> Val MRR:0.1343 (best:0.1357 p:1/30)
  >> Val MRR:0.1344 (best:0.1357 p:2/30)
  E150/200 Loss:4.602 lr:1.50e-04 0s
  >> Val MRR:0.1352 (best:0.1357 p:3/30)
  >> Val MRR:0.1358 H@1:10.6% H@10:19.0% ** BEST **
  E160/200 Loss:4.587 lr:4.50e-05 0s
  >> Val MRR:0.1388 H@1:11.0% H@10:19.6% ** BEST **
  >> Val MRR:0.1373 (best:0.1388 p:1/30)
  E170/200 Loss:4.577 lr:4.50e-05 0s
  >> Val MRR:0.1392 H@1:11.0% H@10:19.8% ** BEST **
  >> Val MRR:0.1403 H@1:11.2% H@10:19.8% ** BEST **
  E180/200 Loss:4.579 lr:4.50e-05 0s
  >> Val MRR:0.1399 (best:0.1403 p:1/30)
  >> Val MRR:0.1409 H@1:11.4% H@10:20.0% ** BEST **
  E190/200 Loss:4.569 lr:4.50e-05 0s
  >> Val MRR:0.1410 H@1:11.4% H@10:20.6% ** BEST **
  >> Val MRR:0.1413 H@1:11.4% H@10:20.6% ** BEST **
  E200/200 Loss:4.564 lr:4.50e-05 0s
  >> Val MRR:0.1415 H@1:11.4% H@10:20.6% ** BEST **
  Training done: 75s, best_val_MRR=0.1415
  Full test evaluation (20466 triples)...

  FINAL TEST: MRR=0.1303 H@1=9.6% H@3=14.0% H@10=19.8%
  Saved: /home/shanxh/decoder/FB15k-237-er100_d200_L2_ls0.3_ComplEx_seed456.json
=== FB15k-237-er100/ComplEx@d200/L2/ls0.3/seed456 rc=0 in 130s ===
=== [64/81] FB15k-237-er100/DistMult@d200/L2/ls0.3/seed42 ===
Device: cuda, AMP: True
GPU: NVIDIA GeForce RTX 2080 Ti, 11.3 GB
======================================================================
CompGCN+DistMult | FB15k-237-er100 | seed=42
d_h=200 L=2 lr=0.0005 ls=0.3 epochs=200
======================================================================
  KG: 13468 ent, 474 rel, 47238 edges
  Train/Val/Test: 23619/17535/20466
  Params: 3,139,600
  Training: epochs=200, lr=0.0005, batch=4096, ls=0.3
  Steps/epoch: 5
  E  1/200 Loss:9.783 lr:5.00e-04 1s
  >> Val MRR:0.0008 H@1:0.0% H@10:0.0% ** BEST **
  E 10/200 Loss:8.192 lr:5.00e-04 0s
  >> Val MRR:0.0017 H@1:0.0% H@10:0.6% ** BEST **
  >> Val MRR:0.0161 H@1:1.0% H@10:2.6% ** BEST **
  E 20/200 Loss:6.804 lr:5.00e-04 0s
  >> Val MRR:0.0318 H@1:2.4% H@10:4.2% ** BEST **
  >> Val MRR:0.0353 H@1:2.0% H@10:6.6% ** BEST **
  E 30/200 Loss:6.023 lr:5.00e-04 0s
  >> Val MRR:0.0416 H@1:2.6% H@10:7.8% ** BEST **
  >> Val MRR:0.0451 H@1:2.6% H@10:8.2% ** BEST **
  E 40/200 Loss:5.573 lr:5.00e-04 0s
  >> Val MRR:0.0483 H@1:2.8% H@10:9.2% ** BEST **
  >> Val MRR:0.0535 H@1:3.4% H@10:9.0% ** BEST **
  E 50/200 Loss:5.305 lr:5.00e-04 0s
  >> Val MRR:0.0570 H@1:3.8% H@10:10.6% ** BEST **
  >> Val MRR:0.0626 H@1:4.2% H@10:10.6% ** BEST **
  E 60/200 Loss:5.124 lr:5.00e-04 0s
  >> Val MRR:0.0707 H@1:4.8% H@10:11.8% ** BEST **
  >> Val MRR:0.0816 H@1:5.8% H@10:12.8% ** BEST **
  E 70/200 Loss:4.994 lr:5.00e-04 0s
  >> Val MRR:0.0901 H@1:6.8% H@10:14.0% ** BEST **
  >> Val MRR:0.0937 H@1:6.8% H@10:14.6% ** BEST **
  E 80/200 Loss:4.917 lr:5.00e-04 0s
  >> Val MRR:0.1007 H@1:7.4% H@10:14.6% ** BEST **
  >> Val MRR:0.1015 H@1:7.4% H@10:15.6% ** BEST **
  E 90/200 Loss:4.823 lr:5.00e-04 0s
  >> Val MRR:0.1006 (best:0.1015 p:1/30)
  >> Val MRR:0.1089 H@1:8.0% H@10:16.2% ** BEST **
  E100/200 Loss:4.773 lr:5.00e-04 0s
  >> Val MRR:0.1171 H@1:9.0% H@10:17.2% ** BEST **
  >> Val MRR:0.1201 H@1:9.2% H@10:17.6% ** BEST **
  E110/200 Loss:4.730 lr:5.00e-04 0s
  >> Val MRR:0.1239 H@1:9.2% H@10:18.0% ** BEST **
  >> Val MRR:0.1300 H@1:9.8% H@10:19.8% ** BEST **
  E120/200 Loss:4.678 lr:1.50e-04 0s
  >> Val MRR:0.1357 H@1:10.4% H@10:20.0% ** BEST **
  >> Val MRR:0.1355 (best:0.1357 p:1/30)
  E130/200 Loss:4.629 lr:1.50e-04 0s
  >> Val MRR:0.1407 H@1:11.0% H@10:20.0% ** BEST **
  >> Val MRR:0.1380 (best:0.1407 p:1/30)
  E140/200 Loss:4.626 lr:1.50e-04 0s
  >> Val MRR:0.1426 H@1:11.2% H@10:20.8% ** BEST **
  >> Val MRR:0.1427 H@1:11.2% H@10:21.4% ** BEST **
  E150/200 Loss:4.602 lr:1.50e-04 0s
  >> Val MRR:0.1405 (best:0.1427 p:1/30)
  >> Val MRR:0.1437 H@1:11.4% H@10:21.2% ** BEST **
  E160/200 Loss:4.595 lr:4.50e-05 0s
  >> Val MRR:0.1445 H@1:11.4% H@10:20.8% ** BEST **
  >> Val MRR:0.1451 H@1:11.4% H@10:20.8% ** BEST **
  E170/200 Loss:4.592 lr:4.50e-05 0s
  >> Val MRR:0.1448 (best:0.1451 p:1/30)
  >> Val MRR:0.1466 H@1:11.6% H@10:21.0% ** BEST **
  E180/200 Loss:4.582 lr:4.50e-05 0s
  >> Val MRR:0.1463 (best:0.1466 p:1/30)
  >> Val MRR:0.1472 H@1:11.6% H@10:21.2% ** BEST **
  E190/200 Loss:4.587 lr:4.50e-05 0s
  >> Val MRR:0.1479 H@1:11.6% H@10:21.0% ** BEST **
  >> Val MRR:0.1476 (best:0.1479 p:1/30)
  E200/200 Loss:4.571 lr:4.50e-05 0s
  >> Val MRR:0.1495 H@1:12.0% H@10:21.2% ** BEST **
  Training done: 74s, best_val_MRR=0.1495
  Full test evaluation (20466 triples)...

  FINAL TEST: MRR=0.1360 H@1=10.1% H@3=14.8% H@10=20.3%
  Saved: /home/shanxh/decoder/FB15k-237-er100_d200_L2_ls0.3_seed42.json
=== FB15k-237-er100/DistMult@d200/L2/ls0.3/seed42 rc=0 in 128s ===
=== [65/81] FB15k-237-er100/DistMult@d200/L2/ls0.3/seed123 ===
Device: cuda, AMP: True
GPU: NVIDIA GeForce RTX 2080 Ti, 11.3 GB
======================================================================
CompGCN+DistMult | FB15k-237-er100 | seed=123
d_h=200 L=2 lr=0.0005 ls=0.3 epochs=200
======================================================================
  KG: 13468 ent, 474 rel, 47238 edges
  Train/Val/Test: 23619/17535/20466
  Params: 3,139,600
  Training: epochs=200, lr=0.0005, batch=4096, ls=0.3
  Steps/epoch: 5
  E  1/200 Loss:9.809 lr:5.00e-04 1s
  >> Val MRR:0.0004 H@1:0.0% H@10:0.0% ** BEST **
  E 10/200 Loss:8.190 lr:5.00e-04 0s
  >> Val MRR:0.0023 H@1:0.0% H@10:0.6% ** BEST **
  >> Val MRR:0.0284 H@1:2.2% H@10:4.2% ** BEST **
  E 20/200 Loss:6.792 lr:5.00e-04 0s
  >> Val MRR:0.0342 H@1:2.2% H@10:5.6% ** BEST **
  >> Val MRR:0.0447 H@1:3.4% H@10:7.6% ** BEST **
  E 30/200 Loss:5.987 lr:5.00e-04 0s
  >> Val MRR:0.0504 H@1:3.4% H@10:8.2% ** BEST **
  >> Val MRR:0.0531 H@1:3.6% H@10:8.8% ** BEST **
  E 40/200 Loss:5.537 lr:5.00e-04 0s
  >> Val MRR:0.0651 H@1:4.6% H@10:10.8% ** BEST **
  >> Val MRR:0.0707 H@1:5.0% H@10:12.2% ** BEST **
  E 50/200 Loss:5.290 lr:5.00e-04 0s
  >> Val MRR:0.0770 H@1:5.8% H@10:12.4% ** BEST **
  >> Val MRR:0.0865 H@1:6.4% H@10:12.4% ** BEST **
  E 60/200 Loss:5.094 lr:5.00e-04 0s
  >> Val MRR:0.0846 (best:0.0865 p:1/30)
  >> Val MRR:0.0885 H@1:6.8% H@10:12.6% ** BEST **
  E 70/200 Loss:4.988 lr:5.00e-04 0s
  >> Val MRR:0.0921 H@1:7.0% H@10:13.0% ** BEST **
  >> Val MRR:0.0946 H@1:7.6% H@10:13.4% ** BEST **
  E 80/200 Loss:4.909 lr:5.00e-04 0s
  >> Val MRR:0.0942 (best:0.0946 p:1/30)
  >> Val MRR:0.0995 H@1:7.4% H@10:15.0% ** BEST **
  E 90/200 Loss:4.825 lr:5.00e-04 0s
  >> Val MRR:0.1048 H@1:8.2% H@10:15.0% ** BEST **
  >> Val MRR:0.1103 H@1:8.6% H@10:15.8% ** BEST **
  E100/200 Loss:4.768 lr:5.00e-04 0s
  >> Val MRR:0.1144 H@1:8.8% H@10:16.8% ** BEST **
  >> Val MRR:0.1167 H@1:9.4% H@10:17.2% ** BEST **
  E110/200 Loss:4.715 lr:5.00e-04 0s
  >> Val MRR:0.1172 H@1:9.2% H@10:17.0% ** BEST **
  >> Val MRR:0.1225 H@1:9.6% H@10:17.8% ** BEST **
  E120/200 Loss:4.681 lr:1.50e-04 0s
  >> Val MRR:0.1249 H@1:9.8% H@10:18.4% ** BEST **
  >> Val MRR:0.1264 H@1:9.8% H@10:18.2% ** BEST **
  E130/200 Loss:4.632 lr:1.50e-04 0s
  >> Val MRR:0.1285 H@1:10.0% H@10:18.2% ** BEST **
  >> Val MRR:0.1279 (best:0.1285 p:1/30)
  E140/200 Loss:4.620 lr:1.50e-04 0s
  >> Val MRR:0.1291 H@1:10.0% H@10:18.6% ** BEST **
  >> Val MRR:0.1298 H@1:10.0% H@10:19.0% ** BEST **
  E150/200 Loss:4.614 lr:1.50e-04 0s
  >> Val MRR:0.1310 H@1:10.2% H@10:19.0% ** BEST **
  >> Val MRR:0.1306 (best:0.1310 p:1/30)
  E160/200 Loss:4.602 lr:4.50e-05 0s
  >> Val MRR:0.1323 H@1:10.0% H@10:20.2% ** BEST **
  >> Val MRR:0.1343 H@1:10.2% H@10:20.4% ** BEST **
  E170/200 Loss:4.594 lr:4.50e-05 0s
  >> Val MRR:0.1327 (best:0.1343 p:1/30)
  >> Val MRR:0.1326 (best:0.1343 p:2/30)
  E180/200 Loss:4.593 lr:4.50e-05 0s
  >> Val MRR:0.1340 (best:0.1343 p:3/30)
  E190/200 Loss:4.587 lr:4.50e-05 0s
  >> Val MRR:0.1346 H@1:10.2% H@10:20.6% ** BEST **
  >> Val MRR:0.1339 (best:0.1346 p:1/30)
  E200/200 Loss:4.578 lr:4.50e-05 0s
  >> Val MRR:0.1344 (best:0.1346 p:2/30)
  Training done: 74s, best_val_MRR=0.1346
  Full test evaluation (20466 triples)...

  FINAL TEST: MRR=0.1364 H@1=10.2% H@3=14.8% H@10=20.3%
  Saved: /home/shanxh/decoder/FB15k-237-er100_d200_L2_ls0.3_seed123.json
=== FB15k-237-er100/DistMult@d200/L2/ls0.3/seed123 rc=0 in 129s ===
=== [66/81] FB15k-237-er100/DistMult@d200/L2/ls0.3/seed456 ===
Device: cuda, AMP: True
GPU: NVIDIA GeForce RTX 2080 Ti, 11.3 GB
======================================================================
CompGCN+DistMult | FB15k-237-er100 | seed=456
d_h=200 L=2 lr=0.0005 ls=0.3 epochs=200
======================================================================
  KG: 13468 ent, 474 rel, 47238 edges
  Train/Val/Test: 23619/17535/20466
  Params: 3,139,600
  Training: epochs=200, lr=0.0005, batch=4096, ls=0.3
  Steps/epoch: 5
  E  1/200 Loss:9.787 lr:5.00e-04 1s
  >> Val MRR:0.0024 H@1:0.2% H@10:0.2% ** BEST **
  E 10/200 Loss:8.207 lr:5.00e-04 0s
  >> Val MRR:0.0027 H@1:0.0% H@10:0.6% ** BEST **
  >> Val MRR:0.0169 H@1:1.0% H@10:3.2% ** BEST **
  E 20/200 Loss:6.851 lr:5.00e-04 0s
  >> Val MRR:0.0306 H@1:1.8% H@10:5.4% ** BEST **
  >> Val MRR:0.0380 H@1:2.4% H@10:6.4% ** BEST **
  E 30/200 Loss:6.028 lr:5.00e-04 0s
  >> Val MRR:0.0367 (best:0.0380 p:1/30)
  >> Val MRR:0.0487 H@1:3.0% H@10:8.6% ** BEST **
  E 40/200 Loss:5.588 lr:5.00e-04 0s
  >> Val MRR:0.0574 H@1:3.6% H@10:9.8% ** BEST **
  >> Val MRR:0.0630 H@1:4.0% H@10:10.4% ** BEST **
  E 50/200 Loss:5.319 lr:5.00e-04 0s
  >> Val MRR:0.0657 H@1:4.4% H@10:10.0% ** BEST **
  >> Val MRR:0.0707 H@1:4.8% H@10:11.0% ** BEST **
  E 60/200 Loss:5.129 lr:5.00e-04 0s
  >> Val MRR:0.0751 H@1:5.0% H@10:13.0% ** BEST **
  >> Val MRR:0.0856 H@1:5.8% H@10:13.8% ** BEST **
  E 70/200 Loss:4.996 lr:5.00e-04 0s
  >> Val MRR:0.0876 H@1:6.0% H@10:14.6% ** BEST **
  >> Val MRR:0.0925 H@1:6.4% H@10:14.8% ** BEST **
  E 80/200 Loss:4.911 lr:5.00e-04 0s
  >> Val MRR:0.1001 H@1:6.8% H@10:17.0% ** BEST **
  >> Val MRR:0.1097 H@1:7.6% H@10:18.6% ** BEST **
  E 90/200 Loss:4.830 lr:5.00e-04 0s
  >> Val MRR:0.1172 H@1:8.0% H@10:19.6% ** BEST **
  >> Val MRR:0.1236 H@1:9.2% H@10:19.2% ** BEST **
  E100/200 Loss:4.776 lr:5.00e-04 0s
  >> Val MRR:0.1367 H@1:10.6% H@10:19.6% ** BEST **
  >> Val MRR:0.1447 H@1:10.8% H@10:20.4% ** BEST **
  E110/200 Loss:4.726 lr:5.00e-04 0s
  >> Val MRR:0.1479 H@1:11.0% H@10:22.2% ** BEST **
  >> Val MRR:0.1520 H@1:12.0% H@10:22.8% ** BEST **
  E120/200 Loss:4.682 lr:1.50e-04 0s
  >> Val MRR:0.1589 H@1:12.6% H@10:22.2% ** BEST **
  >> Val MRR:0.1617 H@1:12.8% H@10:23.8% ** BEST **
  E130/200 Loss:4.646 lr:1.50e-04 0s
  >> Val MRR:0.1613 (best:0.1617 p:1/30)
  >> Val MRR:0.1630 H@1:12.8% H@10:24.2% ** BEST **
  E140/200 Loss:4.627 lr:1.50e-04 0s
  >> Val MRR:0.1642 H@1:12.8% H@10:24.0% ** BEST **
  >> Val MRR:0.1675 H@1:13.2% H@10:24.4% ** BEST **
  E150/200 Loss:4.619 lr:1.50e-04 0s
  >> Val MRR:0.1658 (best:0.1675 p:1/30)
  >> Val MRR:0.1681 H@1:13.0% H@10:24.6% ** BEST **
  E160/200 Loss:4.604 lr:4.50e-05 0s
  >> Val MRR:0.1691 H@1:13.0% H@10:25.4% ** BEST **
  >> Val MRR:0.1696 H@1:12.8% H@10:25.0% ** BEST **
  E170/200 Loss:4.592 lr:4.50e-05 0s
  >> Val MRR:0.1707 H@1:12.8% H@10:25.4% ** BEST **
  >> Val MRR:0.1709 H@1:13.0% H@10:25.2% ** BEST **
  E180/200 Loss:4.590 lr:4.50e-05 0s
  >> Val MRR:0.1721 H@1:13.0% H@10:25.2% ** BEST **
  >> Val MRR:0.1723 H@1:13.0% H@10:25.4% ** BEST **
  E190/200 Loss:4.582 lr:4.50e-05 0s
  >> Val MRR:0.1757 H@1:13.4% H@10:25.4% ** BEST **
  >> Val MRR:0.1757 H@1:13.4% H@10:25.8% ** BEST **
  E200/200 Loss:4.579 lr:4.50e-05 0s
  >> Val MRR:0.1783 H@1:13.8% H@10:25.8% ** BEST **
  Training done: 74s, best_val_MRR=0.1783
  Full test evaluation (20466 triples)...

  FINAL TEST: MRR=0.1355 H@1=10.0% H@3=14.7% H@10=20.5%
  Saved: /home/shanxh/decoder/FB15k-237-er100_d200_L2_ls0.3_seed456.json
=== FB15k-237-er100/DistMult@d200/L2/ls0.3/seed456 rc=0 in 128s ===
=== [67/81] FB15k-237-er50/ComplEx@d200/L2/ls0.3/seed42 ===
Device: cuda, AMP: True
GPU: NVIDIA GeForce RTX 2080 Ti, 11.3 GB
======================================================================
CompGCN+DistMult | FB15k-237-er50 | seed=42
d_h=200 L=2 lr=0.0005 ls=0.3 epochs=200
======================================================================
  KG: 12995 ent, 474 rel, 23674 edges
  Train/Val/Test: 11837/17535/20466
  Params: 3,045,000
  Training: epochs=200, lr=0.0005, batch=4096, ls=0.3
  Steps/epoch: 2
  E  1/200 Loss:10.162 lr:5.00e-04 0s
  >> Val MRR:0.0005 H@1:0.0% H@10:0.0% ** BEST **
  E 10/200 Loss:8.445 lr:5.00e-04 0s
  >> Val MRR:0.0005 (best:0.0005 p:1/30)
  >> Val MRR:0.0005 (best:0.0005 p:2/30)
  E 20/200 Loss:7.268 lr:5.00e-04 0s
  >> Val MRR:0.0005 H@1:0.0% H@10:0.0% ** BEST **
  >> Val MRR:0.0005 (best:0.0005 p:1/30)
  E 30/200 Loss:6.417 lr:5.00e-04 0s
  >> Val MRR:0.0011 H@1:0.0% H@10:0.2% ** BEST **
  >> Val MRR:0.0089 H@1:0.4% H@10:2.0% ** BEST **
  E 40/200 Loss:5.839 lr:5.00e-04 0s
  >> Val MRR:0.0131 H@1:0.6% H@10:2.4% ** BEST **
  >> Val MRR:0.0176 H@1:1.0% H@10:3.0% ** BEST **
  E 50/200 Loss:5.418 lr:5.00e-04 0s
  >> Val MRR:0.0207 H@1:1.2% H@10:3.8% ** BEST **
  >> Val MRR:0.0231 H@1:1.4% H@10:3.8% ** BEST **
  E 60/200 Loss:5.194 lr:5.00e-04 0s
  >> Val MRR:0.0254 H@1:1.6% H@10:4.2% ** BEST **
  >> Val MRR:0.0253 (best:0.0254 p:1/30)
  E 70/200 Loss:5.056 lr:5.00e-04 0s
  >> Val MRR:0.0304 H@1:2.2% H@10:4.2% ** BEST **
  >> Val MRR:0.0308 H@1:2.2% H@10:4.4% ** BEST **
  E 80/200 Loss:4.924 lr:5.00e-04 0s
  >> Val MRR:0.0314 H@1:2.2% H@10:4.8% ** BEST **
  >> Val MRR:0.0331 H@1:2.4% H@10:4.8% ** BEST **
  E 90/200 Loss:4.844 lr:5.00e-04 0s
  >> Val MRR:0.0315 (best:0.0331 p:1/30)
  >> Val MRR:0.0332 H@1:2.6% H@10:4.6% ** BEST **
  E100/200 Loss:4.770 lr:5.00e-04 0s
  >> Val MRR:0.0308 (best:0.0332 p:1/30)
  >> Val MRR:0.0361 H@1:2.6% H@10:5.2% ** BEST **
  E110/200 Loss:4.713 lr:5.00e-04 0s
  >> Val MRR:0.0338 (best:0.0361 p:1/30)
  >> Val MRR:0.0332 (best:0.0361 p:2/30)
  E120/200 Loss:4.679 lr:1.50e-04 0s
  >> Val MRR:0.0317 (best:0.0361 p:3/30)
  E130/200 Loss:4.650 lr:1.50e-04 0s
  E140/200 Loss:4.613 lr:1.50e-04 0s
  E150/200 Loss:4.596 lr:1.50e-04 0s
  >> Val MRR:0.0310 (best:0.0361 p:10/30)
  E160/200 Loss:4.586 lr:4.50e-05 0s
  E170/200 Loss:4.593 lr:4.50e-05 0s
  E180/200 Loss:4.585 lr:4.50e-05 0s
  E190/200 Loss:4.562 lr:4.50e-05 0s
  E200/200 Loss:4.567 lr:4.50e-05 0s
  Training done: 53s, best_val_MRR=0.0361
  Full test evaluation (20466 triples)...

  FINAL TEST: MRR=0.0262 H@1=1.7% H@3=2.8% H@10=4.2%
  Saved: /home/shanxh/decoder/FB15k-237-er50_d200_L2_ls0.3_ComplEx_seed42.json
=== FB15k-237-er50/ComplEx@d200/L2/ls0.3/seed42 rc=0 in 103s ===
=== [68/81] FB15k-237-er50/ComplEx@d200/L2/ls0.3/seed123 ===
Device: cuda, AMP: True
GPU: NVIDIA GeForce RTX 2080 Ti, 11.3 GB
======================================================================
CompGCN+DistMult | FB15k-237-er50 | seed=123
d_h=200 L=2 lr=0.0005 ls=0.3 epochs=200
======================================================================
  KG: 12995 ent, 474 rel, 23674 edges
  Train/Val/Test: 11837/17535/20466
  Params: 3,045,000
  Training: epochs=200, lr=0.0005, batch=4096, ls=0.3
  Steps/epoch: 2
  E  1/200 Loss:10.151 lr:5.00e-04 1s
  >> Val MRR:0.0005 H@1:0.0% H@10:0.0% ** BEST **
  E 10/200 Loss:8.448 lr:5.00e-04 0s
  >> Val MRR:0.0006 H@1:0.0% H@10:0.0% ** BEST **
  >> Val MRR:0.0008 H@1:0.0% H@10:0.2% ** BEST **
  E 20/200 Loss:7.271 lr:5.00e-04 0s
  >> Val MRR:0.0009 H@1:0.0% H@10:0.2% ** BEST **
  >> Val MRR:0.0008 (best:0.0009 p:1/30)
  E 30/200 Loss:6.408 lr:5.00e-04 0s
  >> Val MRR:0.0021 H@1:0.0% H@10:0.4% ** BEST **
  >> Val MRR:0.0074 H@1:0.4% H@10:1.2% ** BEST **
  E 40/200 Loss:5.807 lr:5.00e-04 0s
  >> Val MRR:0.0133 H@1:0.8% H@10:2.6% ** BEST **
  >> Val MRR:0.0204 H@1:1.6% H@10:3.0% ** BEST **
  E 50/200 Loss:5.419 lr:5.00e-04 0s
  >> Val MRR:0.0199 (best:0.0204 p:1/30)
  >> Val MRR:0.0193 (best:0.0204 p:2/30)
  E 60/200 Loss:5.171 lr:5.00e-04 0s
  >> Val MRR:0.0211 H@1:1.4% H@10:3.2% ** BEST **
  >> Val MRR:0.0228 H@1:1.6% H@10:3.6% ** BEST **
  E 70/200 Loss:5.040 lr:5.00e-04 0s
  >> Val MRR:0.0239 H@1:1.6% H@10:4.0% ** BEST **
  >> Val MRR:0.0253 H@1:1.6% H@10:4.4% ** BEST **
  E 80/200 Loss:4.913 lr:5.00e-04 0s
  >> Val MRR:0.0248 (best:0.0253 p:1/30)
  >> Val MRR:0.0271 H@1:1.6% H@10:4.8% ** BEST **
  E 90/200 Loss:4.836 lr:5.00e-04 0s
  >> Val MRR:0.0310 H@1:2.2% H@10:4.8% ** BEST **
  >> Val MRR:0.0316 H@1:2.2% H@10:5.2% ** BEST **
  E100/200 Loss:4.762 lr:5.00e-04 0s
  >> Val MRR:0.0309 (best:0.0316 p:1/30)
  >> Val MRR:0.0327 H@1:2.4% H@10:5.0% ** BEST **
  E110/200 Loss:4.688 lr:5.00e-04 0s
  >> Val MRR:0.0306 (best:0.0327 p:1/30)
  >> Val MRR:0.0305 (best:0.0327 p:2/30)
  E120/200 Loss:4.674 lr:1.50e-04 0s
  >> Val MRR:0.0329 H@1:2.4% H@10:5.2% ** BEST **
  >> Val MRR:0.0333 H@1:2.4% H@10:5.2% ** BEST **
  E130/200 Loss:4.638 lr:1.50e-04 0s
  >> Val MRR:0.0324 (best:0.0333 p:1/30)
  >> Val MRR:0.0324 (best:0.0333 p:2/30)
  E140/200 Loss:4.638 lr:1.50e-04 0s
  >> Val MRR:0.0337 H@1:2.4% H@10:5.2% ** BEST **
  >> Val MRR:0.0334 (best:0.0337 p:1/30)
  E150/200 Loss:4.592 lr:1.50e-04 0s
  >> Val MRR:0.0346 H@1:2.6% H@10:5.4% ** BEST **
  >> Val MRR:0.0333 (best:0.0346 p:1/30)
  E160/200 Loss:4.572 lr:4.50e-05 0s
  >> Val MRR:0.0345 (best:0.0346 p:2/30)
  >> Val MRR:0.0357 H@1:2.8% H@10:5.4% ** BEST **
  E170/200 Loss:4.571 lr:4.50e-05 0s
  >> Val MRR:0.0347 (best:0.0357 p:1/30)
  >> Val MRR:0.0347 (best:0.0357 p:2/30)
  E180/200 Loss:4.570 lr:4.50e-05 0s
  >> Val MRR:0.0358 H@1:2.8% H@10:5.4% ** BEST **
  >> Val MRR:0.0358 (best:0.0358 p:1/30)
  E190/200 Loss:4.559 lr:4.50e-05 0s
  >> Val MRR:0.0354 (best:0.0358 p:2/30)
  >> Val MRR:0.0353 (best:0.0358 p:3/30)
  E200/200 Loss:4.567 lr:4.50e-05 0s
  Training done: 53s, best_val_MRR=0.0358
  Full test evaluation (20466 triples)...

  FINAL TEST: MRR=0.0333 H@1=2.3% H@3=3.6% H@10=5.1%
  Saved: /home/shanxh/decoder/FB15k-237-er50_d200_L2_ls0.3_ComplEx_seed123.json
=== FB15k-237-er50/ComplEx@d200/L2/ls0.3/seed123 rc=0 in 102s ===
=== [69/81] FB15k-237-er50/ComplEx@d200/L2/ls0.3/seed456 ===
Device: cuda, AMP: True
GPU: NVIDIA GeForce RTX 2080 Ti, 11.3 GB
======================================================================
CompGCN+DistMult | FB15k-237-er50 | seed=456
d_h=200 L=2 lr=0.0005 ls=0.3 epochs=200
======================================================================
  KG: 12995 ent, 474 rel, 23674 edges
  Train/Val/Test: 11837/17535/20466
  Params: 3,045,000
  Training: epochs=200, lr=0.0005, batch=4096, ls=0.3
  Steps/epoch: 2
  E  1/200 Loss:10.145 lr:5.00e-04 0s
  >> Val MRR:0.0006 H@1:0.0% H@10:0.0% ** BEST **
  E 10/200 Loss:8.443 lr:5.00e-04 0s
  >> Val MRR:0.0005 (best:0.0006 p:1/30)
  >> Val MRR:0.0005 (best:0.0006 p:2/30)
  E 20/200 Loss:7.274 lr:5.00e-04 0s
  >> Val MRR:0.0006 H@1:0.0% H@10:0.0% ** BEST **
  >> Val MRR:0.0008 H@1:0.0% H@10:0.0% ** BEST **
  E 30/200 Loss:6.381 lr:5.00e-04 0s
  >> Val MRR:0.0038 H@1:0.2% H@10:0.6% ** BEST **
  >> Val MRR:0.0085 H@1:0.6% H@10:1.0% ** BEST **
  E 40/200 Loss:5.846 lr:5.00e-04 0s
  >> Val MRR:0.0122 H@1:0.8% H@10:2.2% ** BEST **
  >> Val MRR:0.0163 H@1:0.8% H@10:2.8% ** BEST **
  E 50/200 Loss:5.460 lr:5.00e-04 0s
  >> Val MRR:0.0180 H@1:1.0% H@10:3.0% ** BEST **
  >> Val MRR:0.0188 H@1:1.2% H@10:3.2% ** BEST **
  E 60/200 Loss:5.186 lr:5.00e-04 0s
  >> Val MRR:0.0194 H@1:1.0% H@10:3.6% ** BEST **
  >> Val MRR:0.0219 H@1:1.4% H@10:3.6% ** BEST **
  E 70/200 Loss:5.038 lr:5.00e-04 0s
  >> Val MRR:0.0215 (best:0.0219 p:1/30)
  >> Val MRR:0.0242 H@1:1.2% H@10:4.2% ** BEST **
  E 80/200 Loss:4.937 lr:5.00e-04 0s
  >> Val MRR:0.0250 H@1:1.4% H@10:4.6% ** BEST **
  >> Val MRR:0.0254 H@1:1.2% H@10:5.0% ** BEST **
  E 90/200 Loss:4.856 lr:5.00e-04 0s
  >> Val MRR:0.0302 H@1:2.0% H@10:4.6% ** BEST **
  >> Val MRR:0.0323 H@1:2.2% H@10:5.0% ** BEST **
  E100/200 Loss:4.790 lr:5.00e-04 0s
  >> Val MRR:0.0310 (best:0.0323 p:1/30)
  >> Val MRR:0.0337 H@1:2.6% H@10:5.2% ** BEST **
  E110/200 Loss:4.709 lr:5.00e-04 0s
  >> Val MRR:0.0335 (best:0.0337 p:1/30)
  >> Val MRR:0.0329 (best:0.0337 p:2/30)
  E120/200 Loss:4.698 lr:1.50e-04 0s
  >> Val MRR:0.0334 (best:0.0337 p:3/30)
  E130/200 Loss:4.639 lr:1.50e-04 0s
  >> Val MRR:0.0346 H@1:2.2% H@10:5.4% ** BEST **
  >> Val MRR:0.0359 H@1:2.4% H@10:5.2% ** BEST **
  E140/200 Loss:4.621 lr:1.50e-04 0s
  >> Val MRR:0.0355 (best:0.0359 p:1/30)
  >> Val MRR:0.0372 H@1:2.6% H@10:5.4% ** BEST **
  E150/200 Loss:4.598 lr:1.50e-04 0s
  >> Val MRR:0.0378 H@1:2.6% H@10:5.6% ** BEST **
  >> Val MRR:0.0379 H@1:2.6% H@10:5.6% ** BEST **
  E160/200 Loss:4.590 lr:4.50e-05 0s
  >> Val MRR:0.0365 (best:0.0379 p:1/30)
  >> Val MRR:0.0371 (best:0.0379 p:2/30)
  E170/200 Loss:4.564 lr:4.50e-05 0s
  >> Val MRR:0.0390 H@1:2.8% H@10:5.2% ** BEST **
  >> Val MRR:0.0392 H@1:2.8% H@10:5.2% ** BEST **
  E180/200 Loss:4.581 lr:4.50e-05 0s
  >> Val MRR:0.0381 (best:0.0392 p:1/30)
  >> Val MRR:0.0380 (best:0.0392 p:2/30)
  E190/200 Loss:4.561 lr:4.50e-05 0s
  >> Val MRR:0.0381 (best:0.0392 p:3/30)
  E200/200 Loss:4.573 lr:4.50e-05 0s
  >> Val MRR:0.0392 H@1:2.8% H@10:5.6% ** BEST **
  Training done: 53s, best_val_MRR=0.0392
  Full test evaluation (20466 triples)...

  FINAL TEST: MRR=0.0318 H@1=2.2% H@3=3.4% H@10=4.9%
  Saved: /home/shanxh/decoder/FB15k-237-er50_d200_L2_ls0.3_ComplEx_seed456.json
=== FB15k-237-er50/ComplEx@d200/L2/ls0.3/seed456 rc=0 in 102s ===
=== [70/81] FB15k-237-er50/DistMult@d200/L2/ls0.3/seed42 ===
Device: cuda, AMP: True
GPU: NVIDIA GeForce RTX 2080 Ti, 11.3 GB
======================================================================
CompGCN+DistMult | FB15k-237-er50 | seed=42
d_h=200 L=2 lr=0.0005 ls=0.3 epochs=200
======================================================================
  KG: 12995 ent, 474 rel, 23674 edges
  Train/Val/Test: 11837/17535/20466
  Params: 3,045,000
  Training: epochs=200, lr=0.0005, batch=4096, ls=0.3
  Steps/epoch: 2
  E  1/200 Loss:9.758 lr:5.00e-04 0s
  >> Val MRR:0.0004 H@1:0.0% H@10:0.0% ** BEST **
  E 10/200 Loss:8.586 lr:5.00e-04 0s
  >> Val MRR:0.0005 H@1:0.0% H@10:0.0% ** BEST **
  >> Val MRR:0.0010 H@1:0.0% H@10:0.2% ** BEST **
  E 20/200 Loss:7.624 lr:5.00e-04 0s
  >> Val MRR:0.0016 H@1:0.0% H@10:0.2% ** BEST **
  >> Val MRR:0.0024 H@1:0.0% H@10:0.8% ** BEST **
  E 30/200 Loss:6.817 lr:5.00e-04 0s
  >> Val MRR:0.0049 H@1:0.0% H@10:1.2% ** BEST **
  >> Val MRR:0.0145 H@1:0.8% H@10:2.4% ** BEST **
  E 40/200 Loss:6.247 lr:5.00e-04 0s
  >> Val MRR:0.0122 (best:0.0145 p:1/30)
  >> Val MRR:0.0156 H@1:1.0% H@10:3.0% ** BEST **
  E 50/200 Loss:5.833 lr:5.00e-04 0s
  >> Val MRR:0.0181 H@1:1.2% H@10:2.8% ** BEST **
  >> Val MRR:0.0172 (best:0.0181 p:1/30)
  E 60/200 Loss:5.498 lr:5.00e-04 0s
  >> Val MRR:0.0182 H@1:1.0% H@10:3.2% ** BEST **
  >> Val MRR:0.0163 (best:0.0182 p:1/30)
  E 70/200 Loss:5.308 lr:5.00e-04 0s
  >> Val MRR:0.0175 (best:0.0182 p:2/30)
  >> Val MRR:0.0189 H@1:1.0% H@10:3.4% ** BEST **
  E 80/200 Loss:5.153 lr:5.00e-04 0s
  >> Val MRR:0.0200 H@1:1.0% H@10:3.4% ** BEST **
  >> Val MRR:0.0192 (best:0.0200 p:1/30)
  E 90/200 Loss:5.022 lr:5.00e-04 0s
  >> Val MRR:0.0216 H@1:1.0% H@10:4.2% ** BEST **
  >> Val MRR:0.0250 H@1:1.4% H@10:4.6% ** BEST **
  E100/200 Loss:4.922 lr:5.00e-04 0s
  >> Val MRR:0.0255 H@1:1.4% H@10:4.8% ** BEST **
  >> Val MRR:0.0302 H@1:2.0% H@10:5.0% ** BEST **
  E110/200 Loss:4.827 lr:5.00e-04 0s
  >> Val MRR:0.0298 (best:0.0302 p:1/30)
  >> Val MRR:0.0308 H@1:2.2% H@10:4.6% ** BEST **
  E120/200 Loss:4.745 lr:1.50e-04 0s
  >> Val MRR:0.0339 H@1:2.4% H@10:5.4% ** BEST **
  >> Val MRR:0.0341 H@1:2.4% H@10:5.0% ** BEST **
  E130/200 Loss:4.721 lr:1.50e-04 0s
  >> Val MRR:0.0329 (best:0.0341 p:1/30)
  >> Val MRR:0.0337 (best:0.0341 p:2/30)
  E140/200 Loss:4.689 lr:1.50e-04 0s
  >> Val MRR:0.0325 (best:0.0341 p:3/30)
  E150/200 Loss:4.649 lr:1.50e-04 0s
  E160/200 Loss:4.648 lr:4.50e-05 0s
  >> Val MRR:0.0346 H@1:2.4% H@10:5.4% ** BEST **
  >> Val MRR:0.0345 (best:0.0346 p:1/30)
  E170/200 Loss:4.652 lr:4.50e-05 0s
  >> Val MRR:0.0356 H@1:2.6% H@10:5.6% ** BEST **
  >> Val MRR:0.0357 H@1:2.6% H@10:5.6% ** BEST **
  E180/200 Loss:4.647 lr:4.50e-05 0s
  >> Val MRR:0.0357 H@1:2.6% H@10:5.6% ** BEST **
  >> Val MRR:0.0359 H@1:2.6% H@10:5.6% ** BEST **
  E190/200 Loss:4.604 lr:4.50e-05 0s
  >> Val MRR:0.0361 H@1:2.6% H@10:5.6% ** BEST **
  >> Val MRR:0.0367 H@1:2.6% H@10:5.6% ** BEST **
  E200/200 Loss:4.640 lr:4.50e-05 0s
  >> Val MRR:0.0365 (best:0.0367 p:1/30)
  Training done: 53s, best_val_MRR=0.0367
  Full test evaluation (20466 triples)...

  FINAL TEST: MRR=0.0308 H@1=2.1% H@3=3.3% H@10=4.9%
  Saved: /home/shanxh/decoder/FB15k-237-er50_d200_L2_ls0.3_seed42.json
=== FB15k-237-er50/DistMult@d200/L2/ls0.3/seed42 rc=0 in 101s ===
=== [71/81] FB15k-237-er50/DistMult@d200/L2/ls0.3/seed123 ===
Device: cuda, AMP: True
GPU: NVIDIA GeForce RTX 2080 Ti, 11.3 GB
======================================================================
CompGCN+DistMult | FB15k-237-er50 | seed=123
d_h=200 L=2 lr=0.0005 ls=0.3 epochs=200
======================================================================
  KG: 12995 ent, 474 rel, 23674 edges
  Train/Val/Test: 11837/17535/20466
  Params: 3,045,000
  Training: epochs=200, lr=0.0005, batch=4096, ls=0.3
  Steps/epoch: 2
  E  1/200 Loss:9.773 lr:5.00e-04 1s
  >> Val MRR:0.0012 H@1:0.0% H@10:0.2% ** BEST **
  E 10/200 Loss:8.600 lr:5.00e-04 0s
  >> Val MRR:0.0019 H@1:0.0% H@10:0.4% ** BEST **
  >> Val MRR:0.0026 H@1:0.0% H@10:0.6% ** BEST **
  E 20/200 Loss:7.640 lr:5.00e-04 0s
  >> Val MRR:0.0054 H@1:0.0% H@10:1.0% ** BEST **
  >> Val MRR:0.0160 H@1:1.0% H@10:2.6% ** BEST **
  E 30/200 Loss:6.848 lr:5.00e-04 0s
  >> Val MRR:0.0108 (best:0.0160 p:1/30)
  >> Val MRR:0.0185 H@1:1.2% H@10:3.2% ** BEST **
  E 40/200 Loss:6.219 lr:5.00e-04 0s
  >> Val MRR:0.0215 H@1:1.4% H@10:3.4% ** BEST **
  >> Val MRR:0.0236 H@1:1.6% H@10:3.8% ** BEST **
  E 50/200 Loss:5.825 lr:5.00e-04 0s
  >> Val MRR:0.0259 H@1:1.6% H@10:4.4% ** BEST **
  >> Val MRR:0.0290 H@1:2.2% H@10:4.6% ** BEST **
  E 60/200 Loss:5.532 lr:5.00e-04 0s
  >> Val MRR:0.0280 (best:0.0290 p:1/30)
  >> Val MRR:0.0297 H@1:1.8% H@10:5.4% ** BEST **
  E 70/200 Loss:5.342 lr:5.00e-04 0s
  >> Val MRR:0.0330 H@1:2.2% H@10:5.6% ** BEST **
  >> Val MRR:0.0340 H@1:2.6% H@10:5.2% ** BEST **
  E 80/200 Loss:5.196 lr:5.00e-04 0s
  >> Val MRR:0.0335 (best:0.0340 p:1/30)
  >> Val MRR:0.0358 H@1:3.0% H@10:4.6% ** BEST **
  E 90/200 Loss:5.019 lr:5.00e-04 0s
  >> Val MRR:0.0334 (best:0.0358 p:1/30)
  >> Val MRR:0.0343 (best:0.0358 p:2/30)
  E100/200 Loss:4.897 lr:5.00e-04 0s
  >> Val MRR:0.0338 (best:0.0358 p:3/30)
  E110/200 Loss:4.850 lr:5.00e-04 0s
  >> Val MRR:0.0369 H@1:2.6% H@10:5.6% ** BEST **
  >> Val MRR:0.0401 H@1:3.0% H@10:5.4% ** BEST **
  E120/200 Loss:4.766 lr:1.50e-04 0s
  >> Val MRR:0.0373 (best:0.0401 p:1/30)
  >> Val MRR:0.0386 (best:0.0401 p:2/30)
  E130/200 Loss:4.739 lr:1.50e-04 0s
  >> Val MRR:0.0402 H@1:3.0% H@10:5.8% ** BEST **
  >> Val MRR:0.0408 H@1:3.0% H@10:6.0% ** BEST **
  E140/200 Loss:4.698 lr:1.50e-04 0s
  >> Val MRR:0.0409 H@1:3.0% H@10:6.0% ** BEST **
  >> Val MRR:0.0417 H@1:3.2% H@10:6.0% ** BEST **
  E150/200 Loss:4.689 lr:1.50e-04 0s
  >> Val MRR:0.0409 (best:0.0417 p:1/30)
  >> Val MRR:0.0407 (best:0.0417 p:2/30)
  E160/200 Loss:4.646 lr:4.50e-05 0s
  >> Val MRR:0.0403 (best:0.0417 p:3/30)
  E170/200 Loss:4.650 lr:4.50e-05 0s
  E180/200 Loss:4.652 lr:4.50e-05 0s
  E190/200 Loss:4.627 lr:4.50e-05 0s
  >> Val MRR:0.0402 (best:0.0417 p:10/30)
  E200/200 Loss:4.640 lr:4.50e-05 0s
  Training done: 52s, best_val_MRR=0.0417
  Full test evaluation (20466 triples)...

  FINAL TEST: MRR=0.0295 H@1=1.9% H@3=3.2% H@10=4.7%
  Saved: /home/shanxh/decoder/FB15k-237-er50_d200_L2_ls0.3_seed123.json
=== FB15k-237-er50/DistMult@d200/L2/ls0.3/seed123 rc=0 in 102s ===
=== [72/81] FB15k-237-er50/DistMult@d200/L2/ls0.3/seed456 ===
Device: cuda, AMP: True
GPU: NVIDIA GeForce RTX 2080 Ti, 11.3 GB
======================================================================
CompGCN+DistMult | FB15k-237-er50 | seed=456
d_h=200 L=2 lr=0.0005 ls=0.3 epochs=200
======================================================================
  KG: 12995 ent, 474 rel, 23674 edges
  Train/Val/Test: 11837/17535/20466
  Params: 3,045,000
  Training: epochs=200, lr=0.0005, batch=4096, ls=0.3
  Steps/epoch: 2
  E  1/200 Loss:9.764 lr:5.00e-04 1s
  >> Val MRR:0.0006 H@1:0.0% H@10:0.0% ** BEST **
  E 10/200 Loss:8.605 lr:5.00e-04 0s
  >> Val MRR:0.0005 (best:0.0006 p:1/30)
  >> Val MRR:0.0005 (best:0.0006 p:2/30)
  E 20/200 Loss:7.663 lr:5.00e-04 0s
  >> Val MRR:0.0006 (best:0.0006 p:3/30)
  >> Val MRR:0.0021 H@1:0.0% H@10:0.4% ** BEST **
  E 30/200 Loss:6.849 lr:5.00e-04 0s
  >> Val MRR:0.0046 H@1:0.2% H@10:1.0% ** BEST **
  >> Val MRR:0.0078 H@1:0.2% H@10:1.6% ** BEST **
  E 40/200 Loss:6.265 lr:5.00e-04 0s
  >> Val MRR:0.0109 H@1:0.6% H@10:1.8% ** BEST **
  >> Val MRR:0.0108 (best:0.0109 p:1/30)
  E 50/200 Loss:5.859 lr:5.00e-04 0s
  >> Val MRR:0.0116 H@1:0.6% H@10:2.0% ** BEST **
  >> Val MRR:0.0137 H@1:0.6% H@10:2.4% ** BEST **
  E 60/200 Loss:5.515 lr:5.00e-04 0s
  >> Val MRR:0.0164 H@1:0.8% H@10:3.2% ** BEST **
  >> Val MRR:0.0199 H@1:1.2% H@10:3.2% ** BEST **
  E 70/200 Loss:5.348 lr:5.00e-04 0s
  >> Val MRR:0.0200 H@1:1.2% H@10:4.0% ** BEST **
  >> Val MRR:0.0243 H@1:1.6% H@10:4.0% ** BEST **
  E 80/200 Loss:5.171 lr:5.00e-04 0s
  >> Val MRR:0.0263 H@1:1.8% H@10:4.4% ** BEST **
  >> Val MRR:0.0281 H@1:2.0% H@10:4.4% ** BEST **
  E 90/200 Loss:5.054 lr:5.00e-04 0s
  >> Val MRR:0.0251 (best:0.0281 p:1/30)
  >> Val MRR:0.0235 (best:0.0281 p:2/30)
  E100/200 Loss:4.922 lr:5.00e-04 0s
  >> Val MRR:0.0282 H@1:1.6% H@10:5.0% ** BEST **
  >> Val MRR:0.0320 H@1:2.2% H@10:4.8% ** BEST **
  E110/200 Loss:4.842 lr:5.00e-04 0s
  >> Val MRR:0.0320 H@1:2.2% H@10:4.8% ** BEST **
  >> Val MRR:0.0303 (best:0.0320 p:1/30)
  E120/200 Loss:4.809 lr:1.50e-04 0s
  >> Val MRR:0.0302 (best:0.0320 p:2/30)
  >> Val MRR:0.0304 (best:0.0320 p:3/30)
  E130/200 Loss:4.752 lr:1.50e-04 0s
  E140/200 Loss:4.725 lr:1.50e-04 0s
  E150/200 Loss:4.701 lr:1.50e-04 0s
  >> Val MRR:0.0337 H@1:2.6% H@10:5.2% ** BEST **
  >> Val MRR:0.0326 (best:0.0337 p:1/30)
  E160/200 Loss:4.652 lr:4.50e-05 0s
  >> Val MRR:0.0318 (best:0.0337 p:2/30)
  >> Val MRR:0.0320 (best:0.0337 p:3/30)
  E170/200 Loss:4.662 lr:4.50e-05 0s
  E180/200 Loss:4.663 lr:4.50e-05 0s
  >> Val MRR:0.0348 H@1:2.6% H@10:5.4% ** BEST **
  >> Val MRR:0.0345 (best:0.0348 p:1/30)
  E190/200 Loss:4.648 lr:4.50e-05 0s
  >> Val MRR:0.0346 (best:0.0348 p:2/30)
  >> Val MRR:0.0351 H@1:2.6% H@10:5.4% ** BEST **
  E200/200 Loss:4.650 lr:4.50e-05 0s
  >> Val MRR:0.0353 H@1:2.6% H@10:5.4% ** BEST **
  Training done: 53s, best_val_MRR=0.0353
  Full test evaluation (20466 triples)...

  FINAL TEST: MRR=0.0327 H@1=2.2% H@3=3.6% H@10=5.1%
  Saved: /home/shanxh/decoder/FB15k-237-er50_d200_L2_ls0.3_seed456.json
=== FB15k-237-er50/DistMult@d200/L2/ls0.3/seed456 rc=0 in 106s ===
=== [73/81] FB15k-237/DistMult@d200/L2/ls0.3/seed42 ===
Device: cuda, AMP: True
GPU: NVIDIA GeForce RTX 2080 Ti, 11.3 GB
======================================================================
CompGCN+DistMult | FB15k-237 | seed=42
d_h=200 L=2 lr=0.0005 ls=0.3 epochs=200
======================================================================
  KG: 14541 ent, 474 rel, 544230 edges
  Train/Val/Test: 272115/17535/20466
  Params: 3,354,200
  Training: epochs=200, lr=0.0005, batch=4096, ls=0.3
  Steps/epoch: 66
  E  1/200 Loss:9.708 lr:5.00e-04 6s
  >> Val MRR:0.3614 H@1:27.4% H@10:51.2% ** BEST **
  E 10/200 Loss:6.515 lr:5.00e-04 5s
  >> Val MRR:0.3816 H@1:29.4% H@10:57.4% ** BEST **
  >> Val MRR:0.3959 H@1:30.4% H@10:59.0% ** BEST **
  E 20/200 Loss:6.139 lr:5.00e-04 5s
  >> Val MRR:0.4153 H@1:32.8% H@10:60.0% ** BEST **
  >> Val MRR:0.4147 (best:0.4153 p:1/30)
  E 30/200 Loss:5.968 lr:5.00e-04 5s
  >> Val MRR:0.4242 H@1:33.0% H@10:61.2% ** BEST **
  >> Val MRR:0.4224 (best:0.4242 p:1/30)
  E 40/200 Loss:5.863 lr:5.00e-04 5s
  >> Val MRR:0.4246 H@1:33.0% H@10:61.2% ** BEST **
  >> Val MRR:0.4334 H@1:34.2% H@10:60.8% ** BEST **
  E 50/200 Loss:5.788 lr:5.00e-04 5s
  >> Val MRR:0.4338 H@1:34.2% H@10:62.4% ** BEST **
  >> Val MRR:0.4279 (best:0.4338 p:1/30)
  E 60/200 Loss:5.733 lr:5.00e-04 5s
  >> Val MRR:0.4313 (best:0.4338 p:2/30)
  >> Val MRR:0.4357 H@1:35.0% H@10:62.4% ** BEST **
  E 70/200 Loss:5.688 lr:5.00e-04 5s
  >> Val MRR:0.4323 (best:0.4357 p:1/30)
  >> Val MRR:0.4263 (best:0.4357 p:2/30)
  E 80/200 Loss:5.651 lr:5.00e-04 5s
  >> Val MRR:0.4233 (best:0.4357 p:3/30)
  E 90/200 Loss:5.621 lr:5.00e-04 5s
  E100/200 Loss:5.594 lr:5.00e-04 5s
  E110/200 Loss:5.570 lr:5.00e-04 5s
  >> Val MRR:0.4155 (best:0.4357 p:10/30)
  E120/200 Loss:5.550 lr:1.50e-04 5s
  E130/200 Loss:5.499 lr:1.50e-04 5s
  E140/200 Loss:5.487 lr:1.50e-04 5s
  E150/200 Loss:5.481 lr:1.50e-04 5s
  E160/200 Loss:5.473 lr:4.50e-05 5s
  >> Val MRR:0.4194 (best:0.4357 p:20/30)
  E170/200 Loss:5.458 lr:4.50e-05 5s
  E180/200 Loss:5.455 lr:4.50e-05 5s
  E190/200 Loss:5.452 lr:4.50e-05 5s
  E200/200 Loss:5.450 lr:4.50e-05 5s
  Training done: 1282s, best_val_MRR=0.4357
  Full test evaluation (20466 triples)...

  FINAL TEST: MRR=0.4159 H@1=32.1% H@3=45.8% H@10=60.3%
  Saved: /home/shanxh/decoder/FB15k-237_d200_L2_ls0.3_seed42.json
=== FB15k-237/DistMult@d200/L2/ls0.3/seed42 rc=0 in 1503s ===
=== [74/81] FB15k-237/DistMult@d200/L2/ls0.3/seed123 ===
Device: cuda, AMP: True
GPU: NVIDIA GeForce RTX 2080 Ti, 11.3 GB
======================================================================
CompGCN+DistMult | FB15k-237 | seed=123
d_h=200 L=2 lr=0.0005 ls=0.3 epochs=200
======================================================================
  KG: 14541 ent, 474 rel, 544230 edges
  Train/Val/Test: 272115/17535/20466
  Params: 3,354,200
  Training: epochs=200, lr=0.0005, batch=4096, ls=0.3
  Steps/epoch: 66
  E  1/200 Loss:9.725 lr:5.00e-04 6s
  >> Val MRR:0.3444 H@1:25.8% H@10:50.6% ** BEST **
  E 10/200 Loss:6.512 lr:5.00e-04 5s
  >> Val MRR:0.3675 H@1:27.6% H@10:56.6% ** BEST **
  >> Val MRR:0.3965 H@1:30.4% H@10:57.4% ** BEST **
  E 20/200 Loss:6.137 lr:5.00e-04 5s
  >> Val MRR:0.4045 H@1:31.2% H@10:58.8% ** BEST **
  >> Val MRR:0.4225 H@1:33.0% H@10:61.8% ** BEST **
  E 30/200 Loss:5.968 lr:5.00e-04 5s
  >> Val MRR:0.4141 (best:0.4225 p:1/30)
  >> Val MRR:0.4246 H@1:32.6% H@10:62.0% ** BEST **
  E 40/200 Loss:5.863 lr:5.00e-04 5s
  >> Val MRR:0.4170 (best:0.4246 p:1/30)
  >> Val MRR:0.4252 H@1:33.6% H@10:62.0% ** BEST **
  E 50/200 Loss:5.785 lr:5.00e-04 5s
  >> Val MRR:0.4213 (best:0.4252 p:1/30)
  >> Val MRR:0.4326 H@1:34.2% H@10:59.8% ** BEST **
  E 60/200 Loss:5.731 lr:5.00e-04 5s
  >> Val MRR:0.4314 (best:0.4326 p:1/30)
  >> Val MRR:0.4339 H@1:33.8% H@10:60.8% ** BEST **
  E 70/200 Loss:5.686 lr:5.00e-04 5s
  >> Val MRR:0.4268 (best:0.4339 p:1/30)
  >> Val MRR:0.4239 (best:0.4339 p:2/30)
  E 80/200 Loss:5.649 lr:5.00e-04 5s
  >> Val MRR:0.4181 (best:0.4339 p:3/30)
  E 90/200 Loss:5.619 lr:5.00e-04 5s
  E100/200 Loss:5.594 lr:5.00e-04 5s
  E110/200 Loss:5.569 lr:5.00e-04 5s
  >> Val MRR:0.4200 (best:0.4339 p:10/30)
  E120/200 Loss:5.545 lr:1.50e-04 5s
  E130/200 Loss:5.494 lr:1.50e-04 5s
  E140/200 Loss:5.484 lr:1.50e-04 5s
  E150/200 Loss:5.476 lr:1.50e-04 5s
  E160/200 Loss:5.467 lr:4.50e-05 5s
  >> Val MRR:0.4117 (best:0.4339 p:20/30)
  E170/200 Loss:5.450 lr:4.50e-05 5s
  E180/200 Loss:5.448 lr:4.50e-05 5s
  E190/200 Loss:5.444 lr:4.50e-05 5s
  E200/200 Loss:5.439 lr:4.50e-05 5s
  Training done: 1283s, best_val_MRR=0.4339
  Full test evaluation (20466 triples)...

  FINAL TEST: MRR=0.4178 H@1=32.5% H@3=45.9% H@10=60.1%
  Saved: /home/shanxh/decoder/FB15k-237_d200_L2_ls0.3_seed123.json
=== FB15k-237/DistMult@d200/L2/ls0.3/seed123 rc=0 in 1505s ===
=== [75/81] FB15k-237/DistMult@d200/L2/ls0.3/seed456 ===
Device: cuda, AMP: True
GPU: NVIDIA GeForce RTX 2080 Ti, 11.3 GB
======================================================================
CompGCN+DistMult | FB15k-237 | seed=456
d_h=200 L=2 lr=0.0005 ls=0.3 epochs=200
======================================================================
  KG: 14541 ent, 474 rel, 544230 edges
  Train/Val/Test: 272115/17535/20466
  Params: 3,354,200
  Training: epochs=200, lr=0.0005, batch=4096, ls=0.3
  Steps/epoch: 66
  E  1/200 Loss:9.729 lr:5.00e-04 6s
  >> Val MRR:0.3504 H@1:26.4% H@10:51.2% ** BEST **
  E 10/200 Loss:6.518 lr:5.00e-04 5s
  >> Val MRR:0.3756 H@1:27.8% H@10:57.8% ** BEST **
  >> Val MRR:0.4004 H@1:30.6% H@10:58.6% ** BEST **
  E 20/200 Loss:6.136 lr:5.00e-04 5s
  >> Val MRR:0.4182 H@1:32.6% H@10:58.6% ** BEST **
  >> Val MRR:0.4084 (best:0.4182 p:1/30)
  E 30/200 Loss:5.963 lr:5.00e-04 5s
  >> Val MRR:0.4078 (best:0.4182 p:2/30)
  >> Val MRR:0.4148 (best:0.4182 p:3/30)
  E 40/200 Loss:5.854 lr:5.00e-04 5s
  E 50/200 Loss:5.778 lr:5.00e-04 5s
  >> Val MRR:0.4211 H@1:32.6% H@10:60.6% ** BEST **
  E 60/200 Loss:5.722 lr:5.00e-04 5s
  >> Val MRR:0.4128 (best:0.4211 p:1/30)
  >> Val MRR:0.4175 (best:0.4211 p:2/30)
  E 70/200 Loss:5.676 lr:5.00e-04 5s
  >> Val MRR:0.4142 (best:0.4211 p:3/30)
  E 80/200 Loss:5.641 lr:5.00e-04 5s
  E 90/200 Loss:5.610 lr:5.00e-04 5s
  E100/200 Loss:5.582 lr:5.00e-04 5s
  >> Val MRR:0.4209 (best:0.4211 p:10/30)
  E110/200 Loss:5.559 lr:5.00e-04 5s
  E120/200 Loss:5.538 lr:1.50e-04 5s
  E130/200 Loss:5.487 lr:1.50e-04 5s
  E140/200 Loss:5.476 lr:1.50e-04 5s
  E150/200 Loss:5.469 lr:1.50e-04 5s
  >> Val MRR:0.4077 (best:0.4211 p:20/30)
  E160/200 Loss:5.460 lr:4.50e-05 5s
  E170/200 Loss:5.443 lr:4.50e-05 5s
  E180/200 Loss:5.439 lr:4.50e-05 5s
  E190/200 Loss:5.438 lr:4.50e-05 5s
  E200/200 Loss:5.434 lr:4.50e-05 5s
  Training done: 1284s, best_val_MRR=0.4211
  Full test evaluation (20466 triples)...

  FINAL TEST: MRR=0.4150 H@1=32.0% H@3=45.6% H@10=60.4%
  Saved: /home/shanxh/decoder/FB15k-237_d200_L2_ls0.3_seed456.json
=== FB15k-237/DistMult@d200/L2/ls0.3/seed456 rc=0 in 1505s ===
=== [76/81] FB15k-237/ComplEx@d600/L2/ls0.3/seed42 ===
Device: cuda, AMP: True
GPU: NVIDIA GeForce RTX 2080 Ti, 11.3 GB
======================================================================
CompGCN+DistMult | FB15k-237 | seed=42
d_h=600 L=2 lr=0.0005 ls=0.3 epochs=200
======================================================================
  KG: 14541 ent, 474 rel, 544230 edges
  Train/Val/Test: 272115/17535/20466
  Params: 11,022,600
  Training: epochs=200, lr=0.0005, batch=4096, ls=0.3
  Steps/epoch: 66
Traceback (most recent call last):
  File "/home/shanxh/decoder/train.py", line 466, in <module>
    best_val = train(model, graph, epochs=args.epochs, lr=args.lr,
               ^^^^^^^^^^^^^^^^^^^^^^^^^^^^^^^^^^^^^^^^^^^^^^^^^^^
  File "/home/shanxh/decoder/train.py", line 354, in train
    scaler.scale(loss).backward()
  File "/home/shanxh/.local/lib/python3.12/site-packages/torch/_tensor.py", line 630, in backward
    torch.autograd.backward(
  File "/home/shanxh/.local/lib/python3.12/site-packages/torch/autograd/__init__.py", line 364, in backward
    _engine_run_backward(
  File "/home/shanxh/.local/lib/python3.12/site-packages/torch/autograd/graph.py", line 865, in _engine_run_backward
    return Variable._execution_engine.run_backward(  # Calls into the C++ engine to run the backward pass
           ^^^^^^^^^^^^^^^^^^^^^^^^^^^^^^^^^^^^^^^^^^^^^^^^^^^^^^^^^^^^^^^^^^^^^^^^^^^^^^^^^^^^^^^^^^^^^^
torch.OutOfMemoryError: CUDA out of memory. Tried to allocate 1.12 GiB. GPU 0 has a total capacity of 10.57 GiB of which 231.94 MiB is free. Process 45160 has 254.00 MiB memory in use. Process 1322290 has 430.00 MiB memory in use. Including non-PyTorch memory, this process has 9.54 GiB memory in use. Of the allocated memory 7.85 GiB is allocated by PyTorch, and 1.49 GiB is reserved by PyTorch but unallocated. If reserved but unallocated memory is large try setting PYTORCH_ALLOC_CONF=expandable_segments:True to avoid fragmentation.  See documentation for Memory Management  (https://pytorch.org/docs/stable/notes/cuda.html#environment-variables)
=== FB15k-237/ComplEx@d600/L2/ls0.3/seed42 rc=1 in 5s ===
=== [77/81] FB15k-237/ComplEx@d600/L2/ls0.3/seed123 ===
Device: cuda, AMP: True
GPU: NVIDIA GeForce RTX 2080 Ti, 11.3 GB
======================================================================
CompGCN+DistMult | FB15k-237 | seed=123
d_h=600 L=2 lr=0.0005 ls=0.3 epochs=200
======================================================================
  KG: 14541 ent, 474 rel, 544230 edges
  Train/Val/Test: 272115/17535/20466
  Params: 11,022,600
  Training: epochs=200, lr=0.0005, batch=4096, ls=0.3
  Steps/epoch: 66
Traceback (most recent call last):
  File "/home/shanxh/decoder/train.py", line 466, in <module>
    best_val = train(model, graph, epochs=args.epochs, lr=args.lr,
               ^^^^^^^^^^^^^^^^^^^^^^^^^^^^^^^^^^^^^^^^^^^^^^^^^^^
  File "/home/shanxh/decoder/train.py", line 354, in train
    scaler.scale(loss).backward()
  File "/home/shanxh/.local/lib/python3.12/site-packages/torch/_tensor.py", line 630, in backward
    torch.autograd.backward(
  File "/home/shanxh/.local/lib/python3.12/site-packages/torch/autograd/__init__.py", line 364, in backward
    _engine_run_backward(
  File "/home/shanxh/.local/lib/python3.12/site-packages/torch/autograd/graph.py", line 865, in _engine_run_backward
    return Variable._execution_engine.run_backward(  # Calls into the C++ engine to run the backward pass
           ^^^^^^^^^^^^^^^^^^^^^^^^^^^^^^^^^^^^^^^^^^^^^^^^^^^^^^^^^^^^^^^^^^^^^^^^^^^^^^^^^^^^^^^^^^^^^^
torch.OutOfMemoryError: CUDA out of memory. Tried to allocate 1.12 GiB. GPU 0 has a total capacity of 10.57 GiB of which 231.94 MiB is free. Process 45160 has 254.00 MiB memory in use. Process 1322290 has 430.00 MiB memory in use. Including non-PyTorch memory, this process has 9.54 GiB memory in use. Of the allocated memory 7.85 GiB is allocated by PyTorch, and 1.49 GiB is reserved by PyTorch but unallocated. If reserved but unallocated memory is large try setting PYTORCH_ALLOC_CONF=expandable_segments:True to avoid fragmentation.  See documentation for Memory Management  (https://pytorch.org/docs/stable/notes/cuda.html#environment-variables)
=== FB15k-237/ComplEx@d600/L2/ls0.3/seed123 rc=1 in 5s ===
=== [78/81] FB15k-237/ComplEx@d600/L2/ls0.3/seed456 ===
Device: cuda, AMP: True
GPU: NVIDIA GeForce RTX 2080 Ti, 11.3 GB
======================================================================
CompGCN+DistMult | FB15k-237 | seed=456
d_h=600 L=2 lr=0.0005 ls=0.3 epochs=200
======================================================================
  KG: 14541 ent, 474 rel, 544230 edges
  Train/Val/Test: 272115/17535/20466
  Params: 11,022,600
  Training: epochs=200, lr=0.0005, batch=4096, ls=0.3
  Steps/epoch: 66
Traceback (most recent call last):
  File "/home/shanxh/decoder/train.py", line 466, in <module>
    best_val = train(model, graph, epochs=args.epochs, lr=args.lr,
               ^^^^^^^^^^^^^^^^^^^^^^^^^^^^^^^^^^^^^^^^^^^^^^^^^^^
  File "/home/shanxh/decoder/train.py", line 354, in train
    scaler.scale(loss).backward()
  File "/home/shanxh/.local/lib/python3.12/site-packages/torch/_tensor.py", line 630, in backward
    torch.autograd.backward(
  File "/home/shanxh/.local/lib/python3.12/site-packages/torch/autograd/__init__.py", line 364, in backward
    _engine_run_backward(
  File "/home/shanxh/.local/lib/python3.12/site-packages/torch/autograd/graph.py", line 865, in _engine_run_backward
    return Variable._execution_engine.run_backward(  # Calls into the C++ engine to run the backward pass
           ^^^^^^^^^^^^^^^^^^^^^^^^^^^^^^^^^^^^^^^^^^^^^^^^^^^^^^^^^^^^^^^^^^^^^^^^^^^^^^^^^^^^^^^^^^^^^^
torch.OutOfMemoryError: CUDA out of memory. Tried to allocate 1.12 GiB. GPU 0 has a total capacity of 10.57 GiB of which 231.94 MiB is free. Process 45160 has 254.00 MiB memory in use. Process 1322290 has 430.00 MiB memory in use. Including non-PyTorch memory, this process has 9.54 GiB memory in use. Of the allocated memory 7.85 GiB is allocated by PyTorch, and 1.49 GiB is reserved by PyTorch but unallocated. If reserved but unallocated memory is large try setting PYTORCH_ALLOC_CONF=expandable_segments:True to avoid fragmentation.  See documentation for Memory Management  (https://pytorch.org/docs/stable/notes/cuda.html#environment-variables)
=== FB15k-237/ComplEx@d600/L2/ls0.3/seed456 rc=1 in 5s ===
=== [79/81] FB15k-237/DistMult@d600/L2/ls0.3/seed42 ===
Device: cuda, AMP: True
GPU: NVIDIA GeForce RTX 2080 Ti, 11.3 GB
======================================================================
CompGCN+DistMult | FB15k-237 | seed=42
d_h=600 L=2 lr=0.0005 ls=0.3 epochs=200
======================================================================
  KG: 14541 ent, 474 rel, 544230 edges
  Train/Val/Test: 272115/17535/20466
  Params: 11,022,600
  Training: epochs=200, lr=0.0005, batch=4096, ls=0.3
  Steps/epoch: 66
Traceback (most recent call last):
  File "/home/shanxh/decoder/train.py", line 466, in <module>
    best_val = train(model, graph, epochs=args.epochs, lr=args.lr,
               ^^^^^^^^^^^^^^^^^^^^^^^^^^^^^^^^^^^^^^^^^^^^^^^^^^^
  File "/home/shanxh/decoder/train.py", line 354, in train
    scaler.scale(loss).backward()
  File "/home/shanxh/.local/lib/python3.12/site-packages/torch/_tensor.py", line 630, in backward
    torch.autograd.backward(
  File "/home/shanxh/.local/lib/python3.12/site-packages/torch/autograd/__init__.py", line 364, in backward
    _engine_run_backward(
  File "/home/shanxh/.local/lib/python3.12/site-packages/torch/autograd/graph.py", line 865, in _engine_run_backward
    return Variable._execution_engine.run_backward(  # Calls into the C++ engine to run the backward pass
           ^^^^^^^^^^^^^^^^^^^^^^^^^^^^^^^^^^^^^^^^^^^^^^^^^^^^^^^^^^^^^^^^^^^^^^^^^^^^^^^^^^^^^^^^^^^^^^
torch.OutOfMemoryError: CUDA out of memory. Tried to allocate 1.12 GiB. GPU 0 has a total capacity of 10.57 GiB of which 235.94 MiB is free. Process 45160 has 254.00 MiB memory in use. Process 1322290 has 430.00 MiB memory in use. Including non-PyTorch memory, this process has 9.54 GiB memory in use. Of the allocated memory 7.86 GiB is allocated by PyTorch, and 1.49 GiB is reserved by PyTorch but unallocated. If reserved but unallocated memory is large try setting PYTORCH_ALLOC_CONF=expandable_segments:True to avoid fragmentation.  See documentation for Memory Management  (https://pytorch.org/docs/stable/notes/cuda.html#environment-variables)
=== FB15k-237/DistMult@d600/L2/ls0.3/seed42 rc=1 in 5s ===
=== [80/81] FB15k-237/DistMult@d600/L2/ls0.3/seed123 ===
Device: cuda, AMP: True
GPU: NVIDIA GeForce RTX 2080 Ti, 11.3 GB
======================================================================
CompGCN+DistMult | FB15k-237 | seed=123
d_h=600 L=2 lr=0.0005 ls=0.3 epochs=200
======================================================================
  KG: 14541 ent, 474 rel, 544230 edges
  Train/Val/Test: 272115/17535/20466
  Params: 11,022,600
  Training: epochs=200, lr=0.0005, batch=4096, ls=0.3
  Steps/epoch: 66
Traceback (most recent call last):
  File "/home/shanxh/decoder/train.py", line 466, in <module>
    best_val = train(model, graph, epochs=args.epochs, lr=args.lr,
               ^^^^^^^^^^^^^^^^^^^^^^^^^^^^^^^^^^^^^^^^^^^^^^^^^^^
  File "/home/shanxh/decoder/train.py", line 354, in train
    scaler.scale(loss).backward()
  File "/home/shanxh/.local/lib/python3.12/site-packages/torch/_tensor.py", line 630, in backward
    torch.autograd.backward(
  File "/home/shanxh/.local/lib/python3.12/site-packages/torch/autograd/__init__.py", line 364, in backward
    _engine_run_backward(
  File "/home/shanxh/.local/lib/python3.12/site-packages/torch/autograd/graph.py", line 865, in _engine_run_backward
    return Variable._execution_engine.run_backward(  # Calls into the C++ engine to run the backward pass
           ^^^^^^^^^^^^^^^^^^^^^^^^^^^^^^^^^^^^^^^^^^^^^^^^^^^^^^^^^^^^^^^^^^^^^^^^^^^^^^^^^^^^^^^^^^^^^^
torch.OutOfMemoryError: CUDA out of memory. Tried to allocate 1.12 GiB. GPU 0 has a total capacity of 10.57 GiB of which 235.94 MiB is free. Process 45160 has 254.00 MiB memory in use. Process 1322290 has 430.00 MiB memory in use. Including non-PyTorch memory, this process has 9.54 GiB memory in use. Of the allocated memory 7.86 GiB is allocated by PyTorch, and 1.49 GiB is reserved by PyTorch but unallocated. If reserved but unallocated memory is large try setting PYTORCH_ALLOC_CONF=expandable_segments:True to avoid fragmentation.  See documentation for Memory Management  (https://pytorch.org/docs/stable/notes/cuda.html#environment-variables)
=== FB15k-237/DistMult@d600/L2/ls0.3/seed123 rc=1 in 5s ===
=== [81/81] FB15k-237/DistMult@d600/L2/ls0.3/seed456 ===
Device: cuda, AMP: True
GPU: NVIDIA GeForce RTX 2080 Ti, 11.3 GB
======================================================================
CompGCN+DistMult | FB15k-237 | seed=456
d_h=600 L=2 lr=0.0005 ls=0.3 epochs=200
======================================================================
  KG: 14541 ent, 474 rel, 544230 edges
  Train/Val/Test: 272115/17535/20466
  Params: 11,022,600
  Training: epochs=200, lr=0.0005, batch=4096, ls=0.3
  Steps/epoch: 66
Traceback (most recent call last):
  File "/home/shanxh/decoder/train.py", line 466, in <module>
    best_val = train(model, graph, epochs=args.epochs, lr=args.lr,
               ^^^^^^^^^^^^^^^^^^^^^^^^^^^^^^^^^^^^^^^^^^^^^^^^^^^
  File "/home/shanxh/decoder/train.py", line 354, in train
    scaler.scale(loss).backward()
  File "/home/shanxh/.local/lib/python3.12/site-packages/torch/_tensor.py", line 630, in backward
    torch.autograd.backward(
  File "/home/shanxh/.local/lib/python3.12/site-packages/torch/autograd/__init__.py", line 364, in backward
    _engine_run_backward(
  File "/home/shanxh/.local/lib/python3.12/site-packages/torch/autograd/graph.py", line 865, in _engine_run_backward
    return Variable._execution_engine.run_backward(  # Calls into the C++ engine to run the backward pass
           ^^^^^^^^^^^^^^^^^^^^^^^^^^^^^^^^^^^^^^^^^^^^^^^^^^^^^^^^^^^^^^^^^^^^^^^^^^^^^^^^^^^^^^^^^^^^^^
torch.OutOfMemoryError: CUDA out of memory. Tried to allocate 1.12 GiB. GPU 0 has a total capacity of 10.57 GiB of which 235.94 MiB is free. Process 45160 has 254.00 MiB memory in use. Process 1322290 has 430.00 MiB memory in use. Including non-PyTorch memory, this process has 9.54 GiB memory in use. Of the allocated memory 7.86 GiB is allocated by PyTorch, and 1.49 GiB is reserved by PyTorch but unallocated. If reserved but unallocated memory is large try setting PYTORCH_ALLOC_CONF=expandable_segments:True to avoid fragmentation.  See documentation for Memory Management  (https://pytorch.org/docs/stable/notes/cuda.html#environment-variables)
=== FB15k-237/DistMult@d600/L2/ls0.3/seed456 rc=1 in 5s ===
=== GPU3 QUEUE DONE ===
