nohup: ignoring input
=== CUDA3 START Sat Jun  6 11:32:11 AM CST 2026 ===

=== CUDA3 wn_rotate_extra: WN18RR RotatE seed 888 d200 L2 batch128 chunk2048 ===
Device: cuda, AMP: True
GPU: NVIDIA GeForce RTX 2080 Ti, 11.3 GB
======================================================================
CompGCN+DistMult | WN18RR | seed=888
d_h=200 L=2 lr=0.0005 ls=0.3 epochs=300
score_chunk_size=2048
======================================================================
  KG: 40943 ent, 22 rel, 173670 edges
  Train/Val/Test: 86835/3034/3134
  Params: 8,361,200
  Training: epochs=300, lr=0.0005, batch=128, ls=0.3
  Steps/epoch: 678
  E  1/300 Loss:9.855 lr:5.00e-04 319s
  >> Val MRR:0.4361 H@1:39.4% H@10:50.8% ** BEST **
  E 10/300 Loss:4.903 lr:5.00e-04 317s
  >> Val MRR:0.4790 H@1:44.8% H@10:53.0% ** BEST **
  >> Val MRR:0.4967 H@1:47.2% H@10:54.2% ** BEST **
  E 20/300 Loss:4.711 lr:5.00e-04 317s
  >> Val MRR:0.4944 (best:0.4967 p:1/30)
  >> Val MRR:0.4971 H@1:46.6% H@10:55.0% ** BEST **
  E 30/300 Loss:4.634 lr:5.00e-04 317s
  >> Val MRR:0.4999 H@1:47.2% H@10:55.2% ** BEST **
  >> Val MRR:0.4977 (best:0.4999 p:1/30)
  E 40/300 Loss:4.589 lr:5.00e-04 317s
  >> Val MRR:0.4967 (best:0.4999 p:2/30)
  >> Val MRR:0.5051 H@1:47.6% H@10:55.2% ** BEST **
  E 50/300 Loss:4.559 lr:5.00e-04 317s
  >> Val MRR:0.5049 (best:0.5051 p:1/30)
  >> Val MRR:0.5035 (best:0.5051 p:2/30)
  E 60/300 Loss:4.537 lr:5.00e-04 316s
  >> Val MRR:0.5060 H@1:47.8% H@10:55.2% ** BEST **
  >> Val MRR:0.5050 (best:0.5060 p:1/30)
  E 70/300 Loss:4.521 lr:5.00e-04 315s
  >> Val MRR:0.5051 (best:0.5060 p:2/30)
  >> Val MRR:0.4999 (best:0.5060 p:3/30)
  E 80/300 Loss:4.507 lr:5.00e-04 316s
  E 90/300 Loss:4.497 lr:5.00e-04 315s
  E100/300 Loss:4.488 lr:5.00e-04 316s
  E110/300 Loss:4.478 lr:5.00e-04 319s
  >> Val MRR:0.5038 (best:0.5060 p:10/30)
  E120/300 Loss:4.472 lr:5.00e-04 318s
  >> Val MRR:0.5068 H@1:47.8% H@10:56.0% ** BEST **
  >> Val MRR:0.5052 (best:0.5068 p:1/30)
  E130/300 Loss:4.465 lr:5.00e-04 317s
  >> Val MRR:0.5037 (best:0.5068 p:2/30)
  >> Val MRR:0.5017 (best:0.5068 p:3/30)
  E140/300 Loss:4.459 lr:5.00e-04 315s
  E150/300 Loss:4.455 lr:5.00e-04 319s
  E160/300 Loss:4.447 lr:5.00e-04 317s
  E170/300 Loss:4.444 lr:5.00e-04 316s
  >> Val MRR:0.5018 (best:0.5068 p:10/30)
  E180/300 Loss:4.439 lr:1.50e-04 316s
  E190/300 Loss:4.409 lr:1.50e-04 317s
  E200/300 Loss:4.406 lr:1.50e-04 318s
  E210/300 Loss:4.403 lr:1.50e-04 318s
  E220/300 Loss:4.402 lr:1.50e-04 317s
  >> Val MRR:0.5005 (best:0.5068 p:20/30)
  E230/300 Loss:4.401 lr:1.50e-04 318s
  E240/300 Loss:4.399 lr:4.50e-05 317s
  E250/300 Loss:4.390 lr:4.50e-05 317s
  E260/300 Loss:4.389 lr:4.50e-05 318s
  E270/300 Loss:4.387 lr:4.50e-05 318s
  >> Val MRR:0.4991 (best:0.5068 p:30/30)
  Early stop at epoch 270
  Training done: 85594s, best_val_MRR=0.5068
  Full test evaluation (3134 triples)...

  FINAL TEST: MRR=0.4949 H@1=45.9% H@3=50.9% H@10=56.1%
  Saved: /home/shanxh/NM-NBFNet/WN18RR_d200_L2_ls0.3_RotatE_seed888.json

=== CUDA3 wn_rotate_extra: WN18RR RotatE seed 999 d200 L2 batch128 chunk2048 ===
Device: cuda, AMP: True
GPU: NVIDIA GeForce RTX 2080 Ti, 11.3 GB
======================================================================
CompGCN+DistMult | WN18RR | seed=999
d_h=200 L=2 lr=0.0005 ls=0.3 epochs=300
score_chunk_size=2048
======================================================================
  KG: 40943 ent, 22 rel, 173670 edges
  Train/Val/Test: 86835/3034/3134
  Params: 8,361,200
  Training: epochs=300, lr=0.0005, batch=128, ls=0.3
  Steps/epoch: 678
  E  1/300 Loss:9.840 lr:5.00e-04 319s
  >> Val MRR:0.4490 H@1:41.0% H@10:51.8% ** BEST **
  E 10/300 Loss:4.888 lr:5.00e-04 318s
  >> Val MRR:0.4915 H@1:45.6% H@10:55.4% ** BEST **
  >> Val MRR:0.4937 H@1:45.8% H@10:56.6% ** BEST **
  E 20/300 Loss:4.700 lr:5.00e-04 317s
  >> Val MRR:0.5073 H@1:47.4% H@10:57.2% ** BEST **
  >> Val MRR:0.5062 (best:0.5073 p:1/30)
  E 30/300 Loss:4.627 lr:5.00e-04 317s
  >> Val MRR:0.5047 (best:0.5073 p:2/30)
  >> Val MRR:0.5073 H@1:47.6% H@10:56.4% ** BEST **
  E 40/300 Loss:4.580 lr:5.00e-04 317s
  >> Val MRR:0.5066 (best:0.5073 p:1/30)
  >> Val MRR:0.5097 H@1:48.4% H@10:55.8% ** BEST **
  E 50/300 Loss:4.553 lr:5.00e-04 317s
  >> Val MRR:0.5123 H@1:48.2% H@10:56.4% ** BEST **
  >> Val MRR:0.5173 H@1:49.2% H@10:56.2% ** BEST **
  E 60/300 Loss:4.534 lr:5.00e-04 317s
  >> Val MRR:0.5116 (best:0.5173 p:1/30)
  >> Val MRR:0.5180 H@1:49.0% H@10:56.0% ** BEST **
  E 70/300 Loss:4.516 lr:5.00e-04 316s
  >> Val MRR:0.5205 H@1:49.2% H@10:56.8% ** BEST **
  >> Val MRR:0.5175 (best:0.5205 p:1/30)
  E 80/300 Loss:4.503 lr:5.00e-04 316s
  >> Val MRR:0.5160 (best:0.5205 p:2/30)
  >> Val MRR:0.5129 (best:0.5205 p:3/30)
  E 90/300 Loss:4.493 lr:5.00e-04 316s
  E100/300 Loss:4.483 lr:5.00e-04 316s
  E110/300 Loss:4.474 lr:5.00e-04 317s
  E120/300 Loss:4.468 lr:5.00e-04 316s
  >> Val MRR:0.5138 (best:0.5205 p:10/30)
  E130/300 Loss:4.460 lr:5.00e-04 317s
  E140/300 Loss:4.453 lr:5.00e-04 317s
  E150/300 Loss:4.449 lr:5.00e-04 317s
  E160/300 Loss:4.442 lr:5.00e-04 315s
  E170/300 Loss:4.439 lr:5.00e-04 316s
  >> Val MRR:0.5131 (best:0.5205 p:20/30)
  E180/300 Loss:4.433 lr:1.50e-04 317s
  E190/300 Loss:4.404 lr:1.50e-04 316s
  E200/300 Loss:4.401 lr:1.50e-04 316s
  E210/300 Loss:4.398 lr:1.50e-04 316s
  E220/300 Loss:4.397 lr:1.50e-04 315s
  >> Val MRR:0.5135 (best:0.5205 p:30/30)
  Early stop at epoch 220
  Training done: 69700s, best_val_MRR=0.5205
  Full test evaluation (3134 triples)...

  FINAL TEST: MRR=0.4910 H@1=45.5% H@3=50.5% H@10=55.8%
  Saved: /home/shanxh/NM-NBFNet/WN18RR_d200_L2_ls0.3_RotatE_seed999.json

=== CUDA3 yago_d128_headline: YAGO3-10 ComplEx seed 888 d128 L0 batch2048 chunk0 ===
Device: cuda, AMP: True
GPU: NVIDIA GeForce RTX 2080 Ti, 11.3 GB
======================================================================
CompGCN+DistMult | YAGO3-10 | seed=888
d_h=128 L=0 lr=0.0005 ls=0.3 epochs=150
======================================================================
  KG: 123182 ent, 74 rel, 2158080 edges
  Train/Val/Test: 1079040/5000/5000
  Params: 15,777,024
  Training: epochs=150, lr=0.0005, batch=2048, ls=0.3
  Steps/epoch: 526
  E  1/150 Loss:8.873 lr:5.00e-04 26s
  >> Val MRR:0.5554 H@1:46.6% H@10:72.2% ** BEST **
  E 10/150 Loss:6.196 lr:5.00e-04 25s
  >> Val MRR:0.6386 H@1:56.2% H@10:76.0% ** BEST **
  >> Val MRR:0.6365 (best:0.6386 p:1/30)
  E 20/150 Loss:6.018 lr:5.00e-04 25s
  >> Val MRR:0.6778 H@1:61.8% H@10:77.4% ** BEST **
  >> Val MRR:0.6806 H@1:62.4% H@10:77.2% ** BEST **
  E 30/150 Loss:5.925 lr:5.00e-04 25s
  >> Val MRR:0.6776 (best:0.6806 p:1/30)
  >> Val MRR:0.6904 H@1:63.4% H@10:78.4% ** BEST **
  E 40/150 Loss:5.869 lr:5.00e-04 25s
  >> Val MRR:0.6907 H@1:63.8% H@10:77.4% ** BEST **
  >> Val MRR:0.6887 (best:0.6907 p:1/30)
  E 50/150 Loss:5.830 lr:5.00e-04 25s
  >> Val MRR:0.6889 (best:0.6907 p:2/30)
  >> Val MRR:0.6828 (best:0.6907 p:3/30)
  E 60/150 Loss:5.802 lr:5.00e-04 25s
  E 70/150 Loss:5.781 lr:5.00e-04 25s
  >> Val MRR:0.6965 H@1:65.0% H@10:78.4% ** BEST **
  >> Val MRR:0.6873 (best:0.6965 p:1/30)
  E 80/150 Loss:5.763 lr:5.00e-04 25s
  >> Val MRR:0.6958 (best:0.6965 p:2/30)
  >> Val MRR:0.6868 (best:0.6965 p:3/30)
  E 90/150 Loss:5.749 lr:1.50e-04 25s
  E100/150 Loss:5.620 lr:1.50e-04 25s
  E110/150 Loss:5.616 lr:1.50e-04 25s
  E120/150 Loss:5.612 lr:4.50e-05 25s
  >> Val MRR:0.6886 (best:0.6965 p:10/30)
  E130/150 Loss:5.567 lr:4.50e-05 25s
  E140/150 Loss:5.565 lr:4.50e-05 25s
  E150/150 Loss:5.564 lr:4.50e-05 25s
  Training done: 3795s, best_val_MRR=0.6965
  Full test evaluation (5000 triples)...

  FINAL TEST: MRR=0.6926 H@1=63.3% H@3=73.4% H@10=78.8%
  Saved: /home/shanxh/NM-NBFNet/YAGO3-10_d128_L0_ls0.3_ComplEx_seed888.json

=== CUDA3 yago_d256_saturation: YAGO3-10 ComplEx seed 42 d256 L0 batch1024 chunk0 ===
Device: cuda, AMP: True
GPU: NVIDIA GeForce RTX 2080 Ti, 11.3 GB
======================================================================
CompGCN+DistMult | YAGO3-10 | seed=42
d_h=256 L=0 lr=0.0005 ls=0.3 epochs=150
======================================================================
  KG: 123182 ent, 74 rel, 2158080 edges
  Train/Val/Test: 1079040/5000/5000
  Params: 31,554,048
  Training: epochs=150, lr=0.0005, batch=1024, ls=0.3
  Steps/epoch: 1053
  E  1/150 Loss:8.628 lr:5.00e-04 37s
  >> Val MRR:0.6297 H@1:55.0% H@10:77.0% ** BEST **
  E 10/150 Loss:6.036 lr:5.00e-04 37s
  >> Val MRR:0.6520 H@1:57.4% H@10:77.6% ** BEST **
  >> Val MRR:0.6852 H@1:61.6% H@10:78.8% ** BEST **
  E 20/150 Loss:5.863 lr:5.00e-04 37s
  >> Val MRR:0.6937 H@1:64.2% H@10:78.6% ** BEST **
  >> Val MRR:0.6793 (best:0.6937 p:1/30)
  E 30/150 Loss:5.787 lr:5.00e-04 37s
  >> Val MRR:0.6931 (best:0.6937 p:2/30)
  >> Val MRR:0.6931 (best:0.6937 p:3/30)
  E 40/150 Loss:5.742 lr:5.00e-04 37s
  E 50/150 Loss:5.711 lr:5.00e-04 37s
  >> Val MRR:0.6968 H@1:64.8% H@10:77.6% ** BEST **
  >> Val MRR:0.6994 H@1:65.4% H@10:77.8% ** BEST **
  E 60/150 Loss:5.689 lr:5.00e-04 37s
  >> Val MRR:0.6945 (best:0.6994 p:1/30)
  >> Val MRR:0.6960 (best:0.6994 p:2/30)
  E 70/150 Loss:5.671 lr:5.00e-04 37s
  >> Val MRR:0.6974 (best:0.6994 p:3/30)
  E 80/150 Loss:5.656 lr:5.00e-04 37s
  E 90/150 Loss:5.644 lr:1.50e-04 37s
  E100/150 Loss:5.528 lr:1.50e-04 37s
  >> Val MRR:0.6895 (best:0.6994 p:10/30)
  E110/150 Loss:5.525 lr:1.50e-04 37s
  E120/150 Loss:5.523 lr:4.50e-05 37s
  E130/150 Loss:5.483 lr:4.50e-05 37s
  E140/150 Loss:5.482 lr:4.50e-05 37s
  E150/150 Loss:5.481 lr:4.50e-05 37s
  Training done: 5520s, best_val_MRR=0.6994
  Full test evaluation (5000 triples)...

  FINAL TEST: MRR=0.7047 H@1=64.6% H@3=74.4% H@10=80.1%
  Saved: /home/shanxh/NM-NBFNet/YAGO3-10_d256_L0_ls0.3_ComplEx_seed42.json

=== CUDA3 smallkg_6seed: UMLS DistMult seed 42 d200 L2 batch1024 chunk0 ===
Device: cuda, AMP: True
GPU: NVIDIA GeForce RTX 2080 Ti, 11.3 GB
======================================================================
CompGCN+DistMult | UMLS | seed=42
d_h=200 L=2 lr=0.0005 ls=0.3 epochs=300
======================================================================
  KG: 135 ent, 92 rel, 10432 edges
  Train/Val/Test: 5216/652/661
  Params: 243,800
  Training: epochs=300, lr=0.0005, batch=1024, ls=0.3
  Steps/epoch: 5
  E  1/300 Loss:5.581 lr:5.00e-04 0s
  >> Val MRR:0.0537 H@1:1.4% H@10:9.6% ** BEST **
  E 10/300 Loss:4.864 lr:5.00e-04 0s
  >> Val MRR:0.1354 H@1:4.8% H@10:28.4% ** BEST **
  >> Val MRR:0.3008 H@1:18.4% H@10:51.0% ** BEST **
  E 20/300 Loss:4.390 lr:5.00e-04 0s
  >> Val MRR:0.4831 H@1:35.6% H@10:74.2% ** BEST **
  >> Val MRR:0.6386 H@1:52.8% H@10:84.2% ** BEST **
  E 30/300 Loss:4.170 lr:5.00e-04 0s
  >> Val MRR:0.7355 H@1:65.6% H@10:88.8% ** BEST **
  >> Val MRR:0.7873 H@1:72.2% H@10:91.4% ** BEST **
  E 40/300 Loss:4.049 lr:5.00e-04 0s
  >> Val MRR:0.8177 H@1:75.4% H@10:93.6% ** BEST **
  >> Val MRR:0.8423 H@1:78.6% H@10:94.0% ** BEST **
  E 50/300 Loss:3.990 lr:5.00e-04 0s
  >> Val MRR:0.8554 H@1:80.4% H@10:94.6% ** BEST **
  >> Val MRR:0.8608 H@1:80.6% H@10:95.6% ** BEST **
  E 60/300 Loss:3.943 lr:5.00e-04 0s
  >> Val MRR:0.8766 H@1:82.8% H@10:95.8% ** BEST **
  >> Val MRR:0.8789 H@1:82.8% H@10:96.0% ** BEST **
  E 70/300 Loss:3.914 lr:5.00e-04 0s
  >> Val MRR:0.8852 H@1:83.8% H@10:96.4% ** BEST **
  >> Val MRR:0.8902 H@1:84.4% H@10:96.6% ** BEST **
  E 80/300 Loss:3.895 lr:5.00e-04 0s
  >> Val MRR:0.8937 H@1:84.6% H@10:97.4% ** BEST **
  >> Val MRR:0.8958 H@1:84.8% H@10:97.2% ** BEST **
  E 90/300 Loss:3.880 lr:5.00e-04 0s
  >> Val MRR:0.9033 H@1:86.0% H@10:97.8% ** BEST **
  >> Val MRR:0.9061 H@1:86.4% H@10:98.0% ** BEST **
  E100/300 Loss:3.865 lr:5.00e-04 0s
  >> Val MRR:0.9042 (best:0.9061 p:1/30)
  >> Val MRR:0.9063 H@1:86.0% H@10:98.2% ** BEST **
  E110/300 Loss:3.853 lr:5.00e-04 0s
  >> Val MRR:0.9101 H@1:86.4% H@10:98.4% ** BEST **
  >> Val MRR:0.9135 H@1:87.0% H@10:98.4% ** BEST **
  E120/300 Loss:3.834 lr:5.00e-04 0s
  >> Val MRR:0.9126 (best:0.9135 p:1/30)
  >> Val MRR:0.9036 (best:0.9135 p:2/30)
  E130/300 Loss:3.831 lr:5.00e-04 0s
  >> Val MRR:0.9117 (best:0.9135 p:3/30)
  E140/300 Loss:3.822 lr:5.00e-04 0s
  >> Val MRR:0.9138 H@1:86.6% H@10:98.8% ** BEST **
  E150/300 Loss:3.818 lr:5.00e-04 0s
  >> Val MRR:0.9240 H@1:88.6% H@10:98.8% ** BEST **
  >> Val MRR:0.9197 (best:0.9240 p:1/30)
  E160/300 Loss:3.810 lr:5.00e-04 0s
  >> Val MRR:0.9200 (best:0.9240 p:2/30)
  >> Val MRR:0.9198 (best:0.9240 p:3/30)
  E170/300 Loss:3.796 lr:5.00e-04 0s
  E180/300 Loss:3.801 lr:1.50e-04 0s
  E190/300 Loss:3.802 lr:1.50e-04 0s
  E200/300 Loss:3.788 lr:1.50e-04 0s
  >> Val MRR:0.9205 (best:0.9240 p:10/30)
  E210/300 Loss:3.791 lr:1.50e-04 0s
  E220/300 Loss:3.786 lr:1.50e-04 0s
  E230/300 Loss:3.784 lr:1.50e-04 0s
  E240/300 Loss:3.787 lr:4.50e-05 0s
  E250/300 Loss:3.784 lr:4.50e-05 0s
  >> Val MRR:0.9179 (best:0.9240 p:20/30)
  E260/300 Loss:3.783 lr:4.50e-05 0s
  E270/300 Loss:3.784 lr:4.50e-05 0s
  E280/300 Loss:3.787 lr:4.50e-05 0s
  E290/300 Loss:3.783 lr:4.50e-05 0s
  E300/300 Loss:3.785 lr:4.50e-05 0s
  >> Val MRR:0.9182 (best:0.9240 p:30/30)
  Early stop at epoch 300
  Training done: 17s, best_val_MRR=0.9240
  Full test evaluation (661 triples)...

  FINAL TEST: MRR=0.9167 H@1=87.9% H@3=94.1% H@10=98.9%
  Saved: /home/shanxh/NM-NBFNet/UMLS_d200_L2_ls0.3_seed42.json

=== CUDA3 smallkg_6seed: UMLS DistMult seed 123 d200 L2 batch1024 chunk0 ===
Device: cuda, AMP: True
GPU: NVIDIA GeForce RTX 2080 Ti, 11.3 GB
======================================================================
CompGCN+DistMult | UMLS | seed=123
d_h=200 L=2 lr=0.0005 ls=0.3 epochs=300
======================================================================
  KG: 135 ent, 92 rel, 10432 edges
  Train/Val/Test: 5216/652/661
  Params: 243,800
  Training: epochs=300, lr=0.0005, batch=1024, ls=0.3
  Steps/epoch: 5
  E  1/300 Loss:5.579 lr:5.00e-04 0s
  >> Val MRR:0.0498 H@1:1.2% H@10:8.2% ** BEST **
  E 10/300 Loss:4.832 lr:5.00e-04 0s
  >> Val MRR:0.1341 H@1:6.8% H@10:26.2% ** BEST **
  >> Val MRR:0.3222 H@1:19.6% H@10:58.0% ** BEST **
  E 20/300 Loss:4.372 lr:5.00e-04 0s
  >> Val MRR:0.5181 H@1:39.2% H@10:77.2% ** BEST **
  >> Val MRR:0.6545 H@1:54.2% H@10:85.8% ** BEST **
  E 30/300 Loss:4.168 lr:5.00e-04 0s
  >> Val MRR:0.7418 H@1:64.8% H@10:89.6% ** BEST **
  >> Val MRR:0.7951 H@1:72.0% H@10:91.6% ** BEST **
  E 40/300 Loss:4.044 lr:5.00e-04 0s
  >> Val MRR:0.8275 H@1:76.6% H@10:93.4% ** BEST **
  >> Val MRR:0.8633 H@1:81.6% H@10:94.6% ** BEST **
  E 50/300 Loss:3.977 lr:5.00e-04 0s
  >> Val MRR:0.8700 H@1:81.8% H@10:95.2% ** BEST **
  >> Val MRR:0.8765 H@1:82.6% H@10:95.6% ** BEST **
  E 60/300 Loss:3.946 lr:5.00e-04 0s
  >> Val MRR:0.8899 H@1:84.6% H@10:95.8% ** BEST **
  >> Val MRR:0.9002 H@1:86.0% H@10:96.0% ** BEST **
  E 70/300 Loss:3.921 lr:5.00e-04 0s
  >> Val MRR:0.9082 H@1:87.2% H@10:96.2% ** BEST **
  >> Val MRR:0.9070 (best:0.9082 p:1/30)
  E 80/300 Loss:3.897 lr:5.00e-04 0s
  >> Val MRR:0.9127 H@1:87.6% H@10:97.4% ** BEST **
  >> Val MRR:0.9194 H@1:88.8% H@10:97.6% ** BEST **
  E 90/300 Loss:3.873 lr:5.00e-04 0s
  >> Val MRR:0.9172 (best:0.9194 p:1/30)
  >> Val MRR:0.9122 (best:0.9194 p:2/30)
  E100/300 Loss:3.854 lr:5.00e-04 0s
  >> Val MRR:0.9201 H@1:88.2% H@10:97.8% ** BEST **
  >> Val MRR:0.9252 H@1:89.0% H@10:98.0% ** BEST **
  E110/300 Loss:3.849 lr:5.00e-04 0s
  >> Val MRR:0.9227 (best:0.9252 p:1/30)
  >> Val MRR:0.9274 H@1:89.6% H@10:98.0% ** BEST **
  E120/300 Loss:3.843 lr:5.00e-04 0s
  >> Val MRR:0.9279 H@1:89.4% H@10:98.2% ** BEST **
  >> Val MRR:0.9387 H@1:91.2% H@10:98.4% ** BEST **
  E130/300 Loss:3.827 lr:5.00e-04 0s
  >> Val MRR:0.9339 (best:0.9387 p:1/30)
  >> Val MRR:0.9362 (best:0.9387 p:2/30)
  E140/300 Loss:3.817 lr:5.00e-04 0s
  >> Val MRR:0.9351 (best:0.9387 p:3/30)
  E150/300 Loss:3.808 lr:5.00e-04 0s
  E160/300 Loss:3.805 lr:5.00e-04 0s
  >> Val MRR:0.9403 H@1:91.2% H@10:98.8% ** BEST **
  >> Val MRR:0.9400 (best:0.9403 p:1/30)
  E170/300 Loss:3.798 lr:5.00e-04 0s
  >> Val MRR:0.9379 (best:0.9403 p:2/30)
  >> Val MRR:0.9378 (best:0.9403 p:3/30)
  E180/300 Loss:3.793 lr:1.50e-04 0s
  >> Val MRR:0.9410 H@1:91.6% H@10:98.4% ** BEST **
  E190/300 Loss:3.787 lr:1.50e-04 0s
  >> Val MRR:0.9398 (best:0.9410 p:1/30)
  >> Val MRR:0.9400 (best:0.9410 p:2/30)
  E200/300 Loss:3.788 lr:1.50e-04 0s
  >> Val MRR:0.9382 (best:0.9410 p:3/30)
  E210/300 Loss:3.786 lr:1.50e-04 0s
  E220/300 Loss:3.782 lr:1.50e-04 0s
  E230/300 Loss:3.781 lr:1.50e-04 0s
  >> Val MRR:0.9363 (best:0.9410 p:10/30)
  E240/300 Loss:3.794 lr:4.50e-05 0s
  E250/300 Loss:3.784 lr:4.50e-05 0s
  E260/300 Loss:3.785 lr:4.50e-05 0s
  E270/300 Loss:3.784 lr:4.50e-05 0s
  E280/300 Loss:3.774 lr:4.50e-05 0s
  >> Val MRR:0.9374 (best:0.9410 p:20/30)
  E290/300 Loss:3.776 lr:4.50e-05 0s
  E300/300 Loss:3.781 lr:4.50e-05 0s
  Training done: 17s, best_val_MRR=0.9410
  Full test evaluation (661 triples)...

  FINAL TEST: MRR=0.9209 H@1=88.0% H@3=95.2% H@10=98.9%
  Saved: /home/shanxh/NM-NBFNet/UMLS_d200_L2_ls0.3_seed123.json

=== CUDA3 smallkg_6seed: UMLS DistMult seed 456 d200 L2 batch1024 chunk0 ===
Device: cuda, AMP: True
GPU: NVIDIA GeForce RTX 2080 Ti, 11.3 GB
======================================================================
CompGCN+DistMult | UMLS | seed=456
d_h=200 L=2 lr=0.0005 ls=0.3 epochs=300
======================================================================
  KG: 135 ent, 92 rel, 10432 edges
  Train/Val/Test: 5216/652/661
  Params: 243,800
  Training: epochs=300, lr=0.0005, batch=1024, ls=0.3
  Steps/epoch: 5
  E  1/300 Loss:5.599 lr:5.00e-04 0s
  >> Val MRR:0.0491 H@1:0.8% H@10:9.8% ** BEST **
  E 10/300 Loss:4.854 lr:5.00e-04 0s
  >> Val MRR:0.1425 H@1:6.0% H@10:31.4% ** BEST **
  >> Val MRR:0.3745 H@1:23.2% H@10:64.8% ** BEST **
  E 20/300 Loss:4.389 lr:5.00e-04 0s
  >> Val MRR:0.5738 H@1:45.6% H@10:81.6% ** BEST **
  >> Val MRR:0.6882 H@1:59.0% H@10:87.0% ** BEST **
  E 30/300 Loss:4.167 lr:5.00e-04 0s
  >> Val MRR:0.7611 H@1:68.0% H@10:90.0% ** BEST **
  >> Val MRR:0.8023 H@1:73.2% H@10:91.8% ** BEST **
  E 40/300 Loss:4.061 lr:5.00e-04 0s
  >> Val MRR:0.8220 H@1:75.8% H@10:92.6% ** BEST **
  >> Val MRR:0.8473 H@1:79.2% H@10:93.8% ** BEST **
  E 50/300 Loss:3.984 lr:5.00e-04 0s
  >> Val MRR:0.8578 H@1:80.2% H@10:94.0% ** BEST **
  >> Val MRR:0.8666 H@1:81.2% H@10:94.6% ** BEST **
  E 60/300 Loss:3.932 lr:5.00e-04 0s
  >> Val MRR:0.8860 H@1:84.0% H@10:95.6% ** BEST **
  >> Val MRR:0.8918 H@1:85.0% H@10:95.6% ** BEST **
  E 70/300 Loss:3.909 lr:5.00e-04 0s
  >> Val MRR:0.8965 H@1:85.6% H@10:95.8% ** BEST **
  >> Val MRR:0.8942 (best:0.8965 p:1/30)
  E 80/300 Loss:3.893 lr:5.00e-04 0s
  >> Val MRR:0.9090 H@1:86.8% H@10:97.0% ** BEST **
  >> Val MRR:0.9060 (best:0.9090 p:1/30)
  E 90/300 Loss:3.868 lr:5.00e-04 0s
  >> Val MRR:0.9060 (best:0.9090 p:2/30)
  >> Val MRR:0.9093 H@1:86.8% H@10:97.6% ** BEST **
  E100/300 Loss:3.847 lr:5.00e-04 0s
  >> Val MRR:0.9114 H@1:87.2% H@10:97.8% ** BEST **
  >> Val MRR:0.9114 H@1:87.4% H@10:97.6% ** BEST **
  E110/300 Loss:3.845 lr:5.00e-04 0s
  >> Val MRR:0.9121 H@1:87.4% H@10:97.8% ** BEST **
  >> Val MRR:0.9153 H@1:87.6% H@10:98.0% ** BEST **
  E120/300 Loss:3.839 lr:5.00e-04 0s
  >> Val MRR:0.9163 H@1:87.6% H@10:97.8% ** BEST **
  >> Val MRR:0.9121 (best:0.9163 p:1/30)
  E130/300 Loss:3.821 lr:5.00e-04 0s
  >> Val MRR:0.9162 (best:0.9163 p:2/30)
  >> Val MRR:0.9124 (best:0.9163 p:3/30)
  E140/300 Loss:3.811 lr:5.00e-04 0s
  >> Val MRR:0.9178 H@1:87.8% H@10:97.8% ** BEST **
  >> Val MRR:0.9206 H@1:88.6% H@10:97.6% ** BEST **
  E150/300 Loss:3.810 lr:5.00e-04 0s
  >> Val MRR:0.9215 H@1:88.8% H@10:98.0% ** BEST **
  >> Val MRR:0.9237 H@1:89.0% H@10:98.0% ** BEST **
  E160/300 Loss:3.803 lr:5.00e-04 0s
  >> Val MRR:0.9229 (best:0.9237 p:1/30)
  >> Val MRR:0.9224 (best:0.9237 p:2/30)
  E170/300 Loss:3.805 lr:5.00e-04 0s
  >> Val MRR:0.9234 (best:0.9237 p:3/30)
  >> Val MRR:0.9283 H@1:89.6% H@10:98.4% ** BEST **
  E180/300 Loss:3.793 lr:1.50e-04 0s
  >> Val MRR:0.9263 (best:0.9283 p:1/30)
  >> Val MRR:0.9254 (best:0.9283 p:2/30)
  E190/300 Loss:3.792 lr:1.50e-04 0s
  >> Val MRR:0.9280 (best:0.9283 p:3/30)
  E200/300 Loss:3.795 lr:1.50e-04 0s
  >> Val MRR:0.9294 H@1:89.2% H@10:98.2% ** BEST **
  >> Val MRR:0.9293 (best:0.9294 p:1/30)
  E210/300 Loss:3.784 lr:1.50e-04 0s
  >> Val MRR:0.9300 H@1:89.4% H@10:98.6% ** BEST **
  >> Val MRR:0.9301 H@1:89.2% H@10:98.4% ** BEST **
  E220/300 Loss:3.787 lr:1.50e-04 0s
  >> Val MRR:0.9282 (best:0.9301 p:1/30)
  >> Val MRR:0.9276 (best:0.9301 p:2/30)
  E230/300 Loss:3.790 lr:1.50e-04 0s
  >> Val MRR:0.9269 (best:0.9301 p:3/30)
  E240/300 Loss:3.783 lr:4.50e-05 0s
  >> Val MRR:0.9312 H@1:89.8% H@10:98.4% ** BEST **
  >> Val MRR:0.9303 (best:0.9312 p:1/30)
  E250/300 Loss:3.781 lr:4.50e-05 0s
  >> Val MRR:0.9303 (best:0.9312 p:2/30)
  >> Val MRR:0.9303 (best:0.9312 p:3/30)
  E260/300 Loss:3.783 lr:4.50e-05 0s
  E270/300 Loss:3.784 lr:4.50e-05 0s
  E280/300 Loss:3.785 lr:4.50e-05 0s
  E290/300 Loss:3.778 lr:4.50e-05 0s
  >> Val MRR:0.9308 (best:0.9312 p:10/30)
  E300/300 Loss:3.779 lr:4.50e-05 0s
  Training done: 17s, best_val_MRR=0.9312
  Full test evaluation (661 triples)...

  FINAL TEST: MRR=0.9223 H@1=88.2% H@3=96.1% H@10=99.2%
  Saved: /home/shanxh/NM-NBFNet/UMLS_d200_L2_ls0.3_seed456.json

=== CUDA3 smallkg_6seed: UMLS DistMult seed 777 d200 L2 batch1024 chunk0 ===
Device: cuda, AMP: True
GPU: NVIDIA GeForce RTX 2080 Ti, 11.3 GB
======================================================================
CompGCN+DistMult | UMLS | seed=777
d_h=200 L=2 lr=0.0005 ls=0.3 epochs=300
======================================================================
  KG: 135 ent, 92 rel, 10432 edges
  Train/Val/Test: 5216/652/661
  Params: 243,800
  Training: epochs=300, lr=0.0005, batch=1024, ls=0.3
  Steps/epoch: 5
  E  1/300 Loss:5.577 lr:5.00e-04 0s
  >> Val MRR:0.0502 H@1:1.0% H@10:10.0% ** BEST **
  E 10/300 Loss:4.880 lr:5.00e-04 0s
  >> Val MRR:0.1297 H@1:5.2% H@10:27.2% ** BEST **
  >> Val MRR:0.3598 H@1:25.0% H@10:58.0% ** BEST **
  E 20/300 Loss:4.380 lr:5.00e-04 0s
  >> Val MRR:0.5521 H@1:43.6% H@10:79.0% ** BEST **
  >> Val MRR:0.6749 H@1:56.8% H@10:86.4% ** BEST **
  E 30/300 Loss:4.182 lr:5.00e-04 0s
  >> Val MRR:0.7619 H@1:68.4% H@10:90.8% ** BEST **
  >> Val MRR:0.8071 H@1:73.2% H@10:92.6% ** BEST **
  E 40/300 Loss:4.058 lr:5.00e-04 0s
  >> Val MRR:0.8334 H@1:77.2% H@10:94.2% ** BEST **
  >> Val MRR:0.8600 H@1:80.6% H@10:94.6% ** BEST **
  E 50/300 Loss:3.982 lr:5.00e-04 0s
  >> Val MRR:0.8694 H@1:81.6% H@10:95.2% ** BEST **
  >> Val MRR:0.8827 H@1:83.6% H@10:96.4% ** BEST **
  E 60/300 Loss:3.938 lr:5.00e-04 0s
  >> Val MRR:0.8842 H@1:83.4% H@10:96.8% ** BEST **
  >> Val MRR:0.8911 H@1:84.6% H@10:96.8% ** BEST **
  E 70/300 Loss:3.911 lr:5.00e-04 0s
  >> Val MRR:0.8956 H@1:84.8% H@10:96.8% ** BEST **
  >> Val MRR:0.9012 H@1:86.0% H@10:96.8% ** BEST **
  E 80/300 Loss:3.883 lr:5.00e-04 0s
  >> Val MRR:0.9020 H@1:85.8% H@10:97.0% ** BEST **
  >> Val MRR:0.9015 (best:0.9020 p:1/30)
  E 90/300 Loss:3.875 lr:5.00e-04 0s
  >> Val MRR:0.9119 H@1:87.2% H@10:97.4% ** BEST **
  >> Val MRR:0.9112 (best:0.9119 p:1/30)
  E100/300 Loss:3.856 lr:5.00e-04 0s
  >> Val MRR:0.9112 (best:0.9119 p:2/30)
  >> Val MRR:0.9113 (best:0.9119 p:3/30)
  E110/300 Loss:3.842 lr:5.00e-04 0s
  >> Val MRR:0.9149 H@1:87.0% H@10:97.8% ** BEST **
  >> Val MRR:0.9191 H@1:87.6% H@10:97.8% ** BEST **
  E120/300 Loss:3.836 lr:5.00e-04 0s
  >> Val MRR:0.9172 (best:0.9191 p:1/30)
  >> Val MRR:0.9183 (best:0.9191 p:2/30)
  E130/300 Loss:3.821 lr:5.00e-04 0s
  >> Val MRR:0.9196 H@1:87.8% H@10:98.0% ** BEST **
  >> Val MRR:0.9197 H@1:87.8% H@10:98.0% ** BEST **
  E140/300 Loss:3.816 lr:5.00e-04 0s
  >> Val MRR:0.9220 H@1:88.0% H@10:98.2% ** BEST **
  >> Val MRR:0.9245 H@1:88.6% H@10:98.6% ** BEST **
  E150/300 Loss:3.815 lr:5.00e-04 0s
  >> Val MRR:0.9218 (best:0.9245 p:1/30)
  >> Val MRR:0.9233 (best:0.9245 p:2/30)
  E160/300 Loss:3.803 lr:5.00e-04 0s
  >> Val MRR:0.9221 (best:0.9245 p:3/30)
  E170/300 Loss:3.805 lr:5.00e-04 0s
  >> Val MRR:0.9280 H@1:89.2% H@10:98.2% ** BEST **
  >> Val MRR:0.9262 (best:0.9280 p:1/30)
  E180/300 Loss:3.796 lr:1.50e-04 0s
  >> Val MRR:0.9240 (best:0.9280 p:2/30)
  >> Val MRR:0.9240 (best:0.9280 p:3/30)
  E190/300 Loss:3.793 lr:1.50e-04 0s
  E200/300 Loss:3.789 lr:1.50e-04 0s
  E210/300 Loss:3.789 lr:1.50e-04 0s
  >> Val MRR:0.9290 H@1:89.4% H@10:98.4% ** BEST **
  >> Val MRR:0.9263 (best:0.9290 p:1/30)
  E220/300 Loss:3.783 lr:1.50e-04 0s
  >> Val MRR:0.9283 (best:0.9290 p:2/30)
  >> Val MRR:0.9306 H@1:89.6% H@10:98.4% ** BEST **
  E230/300 Loss:3.784 lr:1.50e-04 0s
  >> Val MRR:0.9302 (best:0.9306 p:1/30)
  >> Val MRR:0.9323 H@1:89.8% H@10:98.4% ** BEST **
  E240/300 Loss:3.783 lr:4.50e-05 0s
  >> Val MRR:0.9307 (best:0.9323 p:1/30)
  >> Val MRR:0.9311 (best:0.9323 p:2/30)
  E250/300 Loss:3.785 lr:4.50e-05 0s
  >> Val MRR:0.9320 (best:0.9323 p:3/30)
  E260/300 Loss:3.776 lr:4.50e-05 0s
  >> Val MRR:0.9326 H@1:89.8% H@10:98.4% ** BEST **
  >> Val MRR:0.9325 (best:0.9326 p:1/30)
  E270/300 Loss:3.786 lr:4.50e-05 0s
  >> Val MRR:0.9311 (best:0.9326 p:2/30)
  >> Val MRR:0.9308 (best:0.9326 p:3/30)
  E280/300 Loss:3.776 lr:4.50e-05 0s
  E290/300 Loss:3.782 lr:4.50e-05 0s
  E300/300 Loss:3.784 lr:4.50e-05 0s
  Training done: 17s, best_val_MRR=0.9326
  Full test evaluation (661 triples)...

  FINAL TEST: MRR=0.9296 H@1=89.4% H@3=95.3% H@10=99.5%
  Saved: /home/shanxh/NM-NBFNet/UMLS_d200_L2_ls0.3_seed777.json

=== CUDA3 smallkg_6seed: UMLS DistMult seed 888 d200 L2 batch1024 chunk0 ===
Device: cuda, AMP: True
GPU: NVIDIA GeForce RTX 2080 Ti, 11.3 GB
======================================================================
CompGCN+DistMult | UMLS | seed=888
d_h=200 L=2 lr=0.0005 ls=0.3 epochs=300
======================================================================
  KG: 135 ent, 92 rel, 10432 edges
  Train/Val/Test: 5216/652/661
  Params: 243,800
  Training: epochs=300, lr=0.0005, batch=1024, ls=0.3
  Steps/epoch: 5
  E  1/300 Loss:5.594 lr:5.00e-04 0s
  >> Val MRR:0.0484 H@1:1.0% H@10:10.8% ** BEST **
  E 10/300 Loss:4.862 lr:5.00e-04 0s
  >> Val MRR:0.1055 H@1:4.0% H@10:25.6% ** BEST **
  >> Val MRR:0.3431 H@1:22.2% H@10:57.6% ** BEST **
  E 20/300 Loss:4.360 lr:5.00e-04 0s
  >> Val MRR:0.5283 H@1:40.4% H@10:77.0% ** BEST **
  >> Val MRR:0.6505 H@1:54.4% H@10:83.6% ** BEST **
  E 30/300 Loss:4.162 lr:5.00e-04 0s
  >> Val MRR:0.7271 H@1:63.8% H@10:87.8% ** BEST **
  >> Val MRR:0.7707 H@1:68.4% H@10:91.2% ** BEST **
  E 40/300 Loss:4.050 lr:5.00e-04 0s
  >> Val MRR:0.8098 H@1:73.0% H@10:93.4% ** BEST **
  >> Val MRR:0.8358 H@1:76.8% H@10:94.6% ** BEST **
  E 50/300 Loss:3.982 lr:5.00e-04 0s
  >> Val MRR:0.8525 H@1:78.6% H@10:95.2% ** BEST **
  >> Val MRR:0.8705 H@1:80.8% H@10:95.8% ** BEST **
  E 60/300 Loss:3.936 lr:5.00e-04 0s
  >> Val MRR:0.8885 H@1:83.6% H@10:96.4% ** BEST **
  >> Val MRR:0.8915 H@1:84.0% H@10:96.8% ** BEST **
  E 70/300 Loss:3.900 lr:5.00e-04 0s
  >> Val MRR:0.8939 H@1:84.4% H@10:97.4% ** BEST **
  >> Val MRR:0.8954 H@1:84.4% H@10:97.4% ** BEST **
  E 80/300 Loss:3.887 lr:5.00e-04 0s
  >> Val MRR:0.9028 H@1:85.4% H@10:97.6% ** BEST **
  >> Val MRR:0.9037 H@1:85.8% H@10:97.4% ** BEST **
  E 90/300 Loss:3.874 lr:5.00e-04 0s
  >> Val MRR:0.9097 H@1:86.6% H@10:97.6% ** BEST **
  >> Val MRR:0.9075 (best:0.9097 p:1/30)
  E100/300 Loss:3.857 lr:5.00e-04 0s
  >> Val MRR:0.9041 (best:0.9097 p:2/30)
  >> Val MRR:0.9143 H@1:87.0% H@10:98.2% ** BEST **
  E110/300 Loss:3.845 lr:5.00e-04 0s
  >> Val MRR:0.9197 H@1:87.6% H@10:98.2% ** BEST **
  >> Val MRR:0.9148 (best:0.9197 p:1/30)
  E120/300 Loss:3.836 lr:5.00e-04 0s
  >> Val MRR:0.9281 H@1:89.4% H@10:98.2% ** BEST **
  >> Val MRR:0.9332 H@1:90.0% H@10:98.6% ** BEST **
  E130/300 Loss:3.824 lr:5.00e-04 0s
  >> Val MRR:0.9331 (best:0.9332 p:1/30)
  >> Val MRR:0.9307 (best:0.9332 p:2/30)
  E140/300 Loss:3.820 lr:5.00e-04 0s
  >> Val MRR:0.9349 H@1:90.2% H@10:98.6% ** BEST **
  >> Val MRR:0.9331 (best:0.9349 p:1/30)
  E150/300 Loss:3.809 lr:5.00e-04 0s
  >> Val MRR:0.9372 H@1:90.6% H@10:98.8% ** BEST **
  >> Val MRR:0.9320 (best:0.9372 p:1/30)
  E160/300 Loss:3.804 lr:5.00e-04 0s
  >> Val MRR:0.9336 (best:0.9372 p:2/30)
  >> Val MRR:0.9379 H@1:90.8% H@10:98.8% ** BEST **
  E170/300 Loss:3.804 lr:5.00e-04 0s
  >> Val MRR:0.9375 (best:0.9379 p:1/30)
  >> Val MRR:0.9376 (best:0.9379 p:2/30)
  E180/300 Loss:3.797 lr:1.50e-04 0s
  >> Val MRR:0.9427 H@1:91.8% H@10:98.8% ** BEST **
  >> Val MRR:0.9449 H@1:92.2% H@10:98.8% ** BEST **
  E190/300 Loss:3.791 lr:1.50e-04 0s
  >> Val MRR:0.9460 H@1:92.4% H@10:98.8% ** BEST **
  >> Val MRR:0.9410 (best:0.9460 p:1/30)
  E200/300 Loss:3.783 lr:1.50e-04 0s
  >> Val MRR:0.9392 (best:0.9460 p:2/30)
  >> Val MRR:0.9402 (best:0.9460 p:3/30)
  E210/300 Loss:3.789 lr:1.50e-04 0s
  E220/300 Loss:3.784 lr:1.50e-04 0s
  E230/300 Loss:3.783 lr:1.50e-04 0s
  E240/300 Loss:3.781 lr:4.50e-05 0s
  >> Val MRR:0.9391 (best:0.9460 p:10/30)
  E250/300 Loss:3.781 lr:4.50e-05 0s
  E260/300 Loss:3.790 lr:4.50e-05 0s
  E270/300 Loss:3.788 lr:4.50e-05 0s
  E280/300 Loss:3.782 lr:4.50e-05 0s
  E290/300 Loss:3.776 lr:4.50e-05 0s
  >> Val MRR:0.9415 (best:0.9460 p:20/30)
  E300/300 Loss:3.778 lr:4.50e-05 0s
  Training done: 17s, best_val_MRR=0.9460
  Full test evaluation (661 triples)...

  FINAL TEST: MRR=0.9155 H@1=87.3% H@3=94.6% H@10=98.6%
  Saved: /home/shanxh/NM-NBFNet/UMLS_d200_L2_ls0.3_seed888.json

=== CUDA3 smallkg_6seed: UMLS DistMult seed 999 d200 L2 batch1024 chunk0 ===
Device: cuda, AMP: True
GPU: NVIDIA GeForce RTX 2080 Ti, 11.3 GB
======================================================================
CompGCN+DistMult | UMLS | seed=999
d_h=200 L=2 lr=0.0005 ls=0.3 epochs=300
======================================================================
  KG: 135 ent, 92 rel, 10432 edges
  Train/Val/Test: 5216/652/661
  Params: 243,800
  Training: epochs=300, lr=0.0005, batch=1024, ls=0.3
  Steps/epoch: 5
  E  1/300 Loss:5.583 lr:5.00e-04 0s
  >> Val MRR:0.0462 H@1:0.4% H@10:9.4% ** BEST **
  E 10/300 Loss:4.815 lr:5.00e-04 0s
  >> Val MRR:0.1682 H@1:8.2% H@10:33.0% ** BEST **
  >> Val MRR:0.3747 H@1:26.0% H@10:64.4% ** BEST **
  E 20/300 Loss:4.374 lr:5.00e-04 0s
  >> Val MRR:0.5380 H@1:40.4% H@10:79.4% ** BEST **
  >> Val MRR:0.6602 H@1:55.0% H@10:85.2% ** BEST **
  E 30/300 Loss:4.184 lr:5.00e-04 0s
  >> Val MRR:0.7302 H@1:63.8% H@10:88.2% ** BEST **
  >> Val MRR:0.7854 H@1:71.4% H@10:91.4% ** BEST **
  E 40/300 Loss:4.060 lr:5.00e-04 0s
  >> Val MRR:0.8217 H@1:76.2% H@10:92.6% ** BEST **
  >> Val MRR:0.8477 H@1:79.8% H@10:92.8% ** BEST **
  E 50/300 Loss:3.990 lr:5.00e-04 0s
  >> Val MRR:0.8540 H@1:80.0% H@10:93.8% ** BEST **
  >> Val MRR:0.8647 H@1:81.4% H@10:94.4% ** BEST **
  E 60/300 Loss:3.941 lr:5.00e-04 0s
  >> Val MRR:0.8652 H@1:81.6% H@10:95.0% ** BEST **
  >> Val MRR:0.8780 H@1:83.4% H@10:95.4% ** BEST **
  E 70/300 Loss:3.916 lr:5.00e-04 0s
  >> Val MRR:0.8834 H@1:84.0% H@10:95.8% ** BEST **
  >> Val MRR:0.8866 H@1:83.8% H@10:96.0% ** BEST **
  E 80/300 Loss:3.887 lr:5.00e-04 0s
  >> Val MRR:0.8881 H@1:83.8% H@10:96.2% ** BEST **
  >> Val MRR:0.8878 (best:0.8881 p:1/30)
  E 90/300 Loss:3.867 lr:5.00e-04 0s
  >> Val MRR:0.8977 H@1:85.6% H@10:96.4% ** BEST **
  >> Val MRR:0.8976 (best:0.8977 p:1/30)
  E100/300 Loss:3.854 lr:5.00e-04 0s
  >> Val MRR:0.9088 H@1:87.4% H@10:96.4% ** BEST **
  >> Val MRR:0.9043 (best:0.9088 p:1/30)
  E110/300 Loss:3.841 lr:5.00e-04 0s
  >> Val MRR:0.9043 (best:0.9088 p:2/30)
  >> Val MRR:0.9102 H@1:87.2% H@10:97.0% ** BEST **
  E120/300 Loss:3.835 lr:5.00e-04 0s
  >> Val MRR:0.9146 H@1:88.0% H@10:97.2% ** BEST **
  >> Val MRR:0.9121 (best:0.9146 p:1/30)
  E130/300 Loss:3.824 lr:5.00e-04 0s
  >> Val MRR:0.9126 (best:0.9146 p:2/30)
  >> Val MRR:0.9171 H@1:88.2% H@10:97.4% ** BEST **
  E140/300 Loss:3.819 lr:5.00e-04 0s
  >> Val MRR:0.9159 (best:0.9171 p:1/30)
  >> Val MRR:0.9120 (best:0.9171 p:2/30)
  E150/300 Loss:3.808 lr:5.00e-04 0s
  >> Val MRR:0.9159 (best:0.9171 p:3/30)
  E160/300 Loss:3.809 lr:5.00e-04 0s
  >> Val MRR:0.9186 H@1:88.4% H@10:97.6% ** BEST **
  >> Val MRR:0.9211 H@1:89.0% H@10:97.4% ** BEST **
  E170/300 Loss:3.799 lr:5.00e-04 0s
  >> Val MRR:0.9219 H@1:89.0% H@10:97.4% ** BEST **
  >> Val MRR:0.9190 (best:0.9219 p:1/30)
  E180/300 Loss:3.802 lr:1.50e-04 0s
  >> Val MRR:0.9195 (best:0.9219 p:2/30)
  >> Val MRR:0.9209 (best:0.9219 p:3/30)
  E190/300 Loss:3.798 lr:1.50e-04 0s
  E200/300 Loss:3.796 lr:1.50e-04 0s
  >> Val MRR:0.9232 H@1:89.2% H@10:97.8% ** BEST **
  >> Val MRR:0.9207 (best:0.9232 p:1/30)
  E210/300 Loss:3.791 lr:1.50e-04 0s
  >> Val MRR:0.9179 (best:0.9232 p:2/30)
  >> Val MRR:0.9190 (best:0.9232 p:3/30)
  E220/300 Loss:3.794 lr:1.50e-04 0s
  E230/300 Loss:3.785 lr:1.50e-04 0s
  >> Val MRR:0.9241 H@1:89.4% H@10:97.6% ** BEST **
  E240/300 Loss:3.789 lr:4.50e-05 0s
  >> Val MRR:0.9215 (best:0.9241 p:1/30)
  >> Val MRR:0.9234 (best:0.9241 p:2/30)
  E250/300 Loss:3.784 lr:4.50e-05 0s
  >> Val MRR:0.9235 (best:0.9241 p:3/30)
  E260/300 Loss:3.790 lr:4.50e-05 0s
  E270/300 Loss:3.782 lr:4.50e-05 0s
  E280/300 Loss:3.779 lr:4.50e-05 0s
  >> Val MRR:0.9228 (best:0.9241 p:10/30)
  E290/300 Loss:3.784 lr:4.50e-05 0s
  >> Val MRR:0.9247 H@1:89.4% H@10:97.2% ** BEST **
  E300/300 Loss:3.778 lr:4.50e-05 0s
  >> Val MRR:0.9219 (best:0.9247 p:1/30)
  Training done: 21s, best_val_MRR=0.9247
  Full test evaluation (661 triples)...

  FINAL TEST: MRR=0.9178 H@1=87.6% H@3=94.7% H@10=99.4%
  Saved: /home/shanxh/NM-NBFNet/UMLS_d200_L2_ls0.3_seed999.json

=== CUDA3 smallkg_6seed: UMLS ComplEx seed 42 d200 L2 batch1024 chunk0 ===
Device: cuda, AMP: True
GPU: NVIDIA GeForce RTX 2080 Ti, 11.3 GB
======================================================================
CompGCN+DistMult | UMLS | seed=42
d_h=200 L=2 lr=0.0005 ls=0.3 epochs=300
======================================================================
  KG: 135 ent, 92 rel, 10432 edges
  Train/Val/Test: 5216/652/661
  Params: 243,800
  Training: epochs=300, lr=0.0005, batch=1024, ls=0.3
  Steps/epoch: 5
  E  1/300 Loss:6.823 lr:5.00e-04 0s
  >> Val MRR:0.0447 H@1:0.4% H@10:10.0% ** BEST **
  E 10/300 Loss:5.515 lr:5.00e-04 0s
  >> Val MRR:0.1045 H@1:5.0% H@10:19.8% ** BEST **
  >> Val MRR:0.2533 H@1:16.2% H@10:42.8% ** BEST **
  E 20/300 Loss:4.709 lr:5.00e-04 0s
  >> Val MRR:0.4096 H@1:29.4% H@10:66.2% ** BEST **
  >> Val MRR:0.5542 H@1:43.6% H@10:77.8% ** BEST **
  E 30/300 Loss:4.359 lr:5.00e-04 0s
  >> Val MRR:0.6487 H@1:54.0% H@10:87.0% ** BEST **
  >> Val MRR:0.7152 H@1:61.4% H@10:89.8% ** BEST **
  E 40/300 Loss:4.202 lr:5.00e-04 0s
  >> Val MRR:0.7674 H@1:66.8% H@10:92.0% ** BEST **
  >> Val MRR:0.8032 H@1:71.6% H@10:93.6% ** BEST **
  E 50/300 Loss:4.073 lr:5.00e-04 0s
  >> Val MRR:0.8346 H@1:76.0% H@10:95.0% ** BEST **
  >> Val MRR:0.8558 H@1:78.6% H@10:95.4% ** BEST **
  E 60/300 Loss:4.023 lr:5.00e-04 0s
  >> Val MRR:0.8757 H@1:81.8% H@10:95.8% ** BEST **
  >> Val MRR:0.8765 H@1:81.4% H@10:96.6% ** BEST **
  E 70/300 Loss:3.970 lr:5.00e-04 0s
  >> Val MRR:0.8803 H@1:81.8% H@10:97.0% ** BEST **
  >> Val MRR:0.8932 H@1:83.8% H@10:97.2% ** BEST **
  E 80/300 Loss:3.929 lr:5.00e-04 0s
  >> Val MRR:0.8938 H@1:83.8% H@10:97.6% ** BEST **
  >> Val MRR:0.8906 (best:0.8938 p:1/30)
  E 90/300 Loss:3.904 lr:5.00e-04 0s
  >> Val MRR:0.9054 H@1:85.4% H@10:97.8% ** BEST **
  >> Val MRR:0.9108 H@1:86.0% H@10:98.0% ** BEST **
  E100/300 Loss:3.882 lr:5.00e-04 0s
  >> Val MRR:0.9182 H@1:87.2% H@10:97.8% ** BEST **
  >> Val MRR:0.9141 (best:0.9182 p:1/30)
  E110/300 Loss:3.859 lr:5.00e-04 0s
  >> Val MRR:0.9265 H@1:88.6% H@10:98.4% ** BEST **
  >> Val MRR:0.9183 (best:0.9265 p:1/30)
  E120/300 Loss:3.855 lr:5.00e-04 0s
  >> Val MRR:0.9289 H@1:88.8% H@10:98.6% ** BEST **
  >> Val MRR:0.9300 H@1:88.6% H@10:98.6% ** BEST **
  E130/300 Loss:3.841 lr:5.00e-04 0s
  >> Val MRR:0.9351 H@1:89.4% H@10:98.8% ** BEST **
  >> Val MRR:0.9410 H@1:90.6% H@10:98.4% ** BEST **
  E140/300 Loss:3.837 lr:5.00e-04 0s
  >> Val MRR:0.9334 (best:0.9410 p:1/30)
  >> Val MRR:0.9442 H@1:91.0% H@10:98.4% ** BEST **
  E150/300 Loss:3.821 lr:5.00e-04 0s
  >> Val MRR:0.9359 (best:0.9442 p:1/30)
  >> Val MRR:0.9416 (best:0.9442 p:2/30)
  E160/300 Loss:3.813 lr:5.00e-04 0s
  >> Val MRR:0.9470 H@1:91.4% H@10:98.6% ** BEST **
  >> Val MRR:0.9424 (best:0.9470 p:1/30)
  E170/300 Loss:3.802 lr:5.00e-04 0s
  >> Val MRR:0.9449 (best:0.9470 p:2/30)
  >> Val MRR:0.9494 H@1:91.8% H@10:98.8% ** BEST **
  E180/300 Loss:3.801 lr:1.50e-04 0s
  >> Val MRR:0.9477 (best:0.9494 p:1/30)
  >> Val MRR:0.9485 (best:0.9494 p:2/30)
  E190/300 Loss:3.801 lr:1.50e-04 0s
  >> Val MRR:0.9505 H@1:92.2% H@10:98.6% ** BEST **
  >> Val MRR:0.9511 H@1:92.2% H@10:98.6% ** BEST **
  E200/300 Loss:3.799 lr:1.50e-04 0s
  >> Val MRR:0.9550 H@1:93.0% H@10:98.6% ** BEST **
  >> Val MRR:0.9479 (best:0.9550 p:1/30)
  E210/300 Loss:3.798 lr:1.50e-04 0s
  >> Val MRR:0.9471 (best:0.9550 p:2/30)
  >> Val MRR:0.9499 (best:0.9550 p:3/30)
  E220/300 Loss:3.799 lr:1.50e-04 0s
  E230/300 Loss:3.794 lr:1.50e-04 0s
  E240/300 Loss:3.788 lr:4.50e-05 0s
  E250/300 Loss:3.786 lr:4.50e-05 0s
  >> Val MRR:0.9520 (best:0.9550 p:10/30)
  E260/300 Loss:3.785 lr:4.50e-05 0s
  E270/300 Loss:3.780 lr:4.50e-05 0s
  E280/300 Loss:3.787 lr:4.50e-05 0s
  E290/300 Loss:3.781 lr:4.50e-05 0s
  E300/300 Loss:3.783 lr:4.50e-05 0s
  >> Val MRR:0.9522 (best:0.9550 p:20/30)
  Training done: 18s, best_val_MRR=0.9550
  Full test evaluation (661 triples)...

  FINAL TEST: MRR=0.9319 H@1=88.7% H@3=97.1% H@10=99.7%
  Saved: /home/shanxh/NM-NBFNet/UMLS_d200_L2_ls0.3_ComplEx_seed42.json

=== CUDA3 smallkg_6seed: UMLS ComplEx seed 123 d200 L2 batch1024 chunk0 ===
Device: cuda, AMP: True
GPU: NVIDIA GeForce RTX 2080 Ti, 11.3 GB
======================================================================
CompGCN+DistMult | UMLS | seed=123
d_h=200 L=2 lr=0.0005 ls=0.3 epochs=300
======================================================================
  KG: 135 ent, 92 rel, 10432 edges
  Train/Val/Test: 5216/652/661
  Params: 243,800
  Training: epochs=300, lr=0.0005, batch=1024, ls=0.3
  Steps/epoch: 5
  E  1/300 Loss:6.912 lr:5.00e-04 0s
  >> Val MRR:0.0471 H@1:0.8% H@10:10.6% ** BEST **
  E 10/300 Loss:5.586 lr:5.00e-04 0s
  >> Val MRR:0.0709 H@1:2.0% H@10:15.0% ** BEST **
  >> Val MRR:0.1928 H@1:10.4% H@10:37.8% ** BEST **
  E 20/300 Loss:4.786 lr:5.00e-04 0s
  >> Val MRR:0.3530 H@1:22.2% H@10:60.4% ** BEST **
  >> Val MRR:0.5178 H@1:38.0% H@10:76.8% ** BEST **
  E 30/300 Loss:4.416 lr:5.00e-04 0s
  >> Val MRR:0.6333 H@1:51.4% H@10:83.2% ** BEST **
  >> Val MRR:0.7183 H@1:61.4% H@10:87.8% ** BEST **
  E 40/300 Loss:4.227 lr:5.00e-04 0s
  >> Val MRR:0.7661 H@1:67.8% H@10:90.6% ** BEST **
  >> Val MRR:0.7866 H@1:69.8% H@10:92.0% ** BEST **
  E 50/300 Loss:4.113 lr:5.00e-04 0s
  >> Val MRR:0.8175 H@1:74.0% H@10:93.8% ** BEST **
  >> Val MRR:0.8344 H@1:75.0% H@10:95.0% ** BEST **
  E 60/300 Loss:4.030 lr:5.00e-04 0s
  >> Val MRR:0.8517 H@1:77.4% H@10:95.8% ** BEST **
  >> Val MRR:0.8665 H@1:79.4% H@10:96.0% ** BEST **
  E 70/300 Loss:3.971 lr:5.00e-04 0s
  >> Val MRR:0.8741 H@1:80.4% H@10:96.4% ** BEST **
  >> Val MRR:0.8899 H@1:82.8% H@10:96.6% ** BEST **
  E 80/300 Loss:3.932 lr:5.00e-04 0s
  >> Val MRR:0.9038 H@1:84.8% H@10:96.8% ** BEST **
  >> Val MRR:0.9036 (best:0.9038 p:1/30)
  E 90/300 Loss:3.913 lr:5.00e-04 0s
  >> Val MRR:0.9078 H@1:85.2% H@10:97.0% ** BEST **
  >> Val MRR:0.9065 (best:0.9078 p:1/30)
  E100/300 Loss:3.888 lr:5.00e-04 0s
  >> Val MRR:0.9141 H@1:86.2% H@10:97.4% ** BEST **
  >> Val MRR:0.9164 H@1:86.4% H@10:97.6% ** BEST **
  E110/300 Loss:3.866 lr:5.00e-04 0s
  >> Val MRR:0.9179 H@1:86.6% H@10:97.8% ** BEST **
  >> Val MRR:0.9225 H@1:87.2% H@10:98.2% ** BEST **
  E120/300 Loss:3.860 lr:5.00e-04 0s
  >> Val MRR:0.9265 H@1:87.8% H@10:98.0% ** BEST **
  >> Val MRR:0.9261 (best:0.9265 p:1/30)
  E130/300 Loss:3.831 lr:5.00e-04 0s
  >> Val MRR:0.9367 H@1:89.6% H@10:98.0% ** BEST **
  >> Val MRR:0.9271 (best:0.9367 p:1/30)
  E140/300 Loss:3.835 lr:5.00e-04 0s
  >> Val MRR:0.9356 (best:0.9367 p:2/30)
  >> Val MRR:0.9371 H@1:89.8% H@10:98.2% ** BEST **
  E150/300 Loss:3.824 lr:5.00e-04 0s
  >> Val MRR:0.9385 H@1:90.0% H@10:98.4% ** BEST **
  >> Val MRR:0.9313 (best:0.9385 p:1/30)
  E160/300 Loss:3.814 lr:5.00e-04 0s
  >> Val MRR:0.9333 (best:0.9385 p:2/30)
  >> Val MRR:0.9364 (best:0.9385 p:3/30)
  E170/300 Loss:3.806 lr:5.00e-04 0s
  >> Val MRR:0.9426 H@1:90.6% H@10:98.6% ** BEST **
  E180/300 Loss:3.800 lr:1.50e-04 0s
  >> Val MRR:0.9444 H@1:91.0% H@10:98.8% ** BEST **
  >> Val MRR:0.9426 (best:0.9444 p:1/30)
  E190/300 Loss:3.797 lr:1.50e-04 0s
  >> Val MRR:0.9447 H@1:91.0% H@10:98.8% ** BEST **
  >> Val MRR:0.9449 H@1:91.0% H@10:99.0% ** BEST **
  E200/300 Loss:3.798 lr:1.50e-04 0s
  >> Val MRR:0.9393 (best:0.9449 p:1/30)
  >> Val MRR:0.9424 (best:0.9449 p:2/30)
  E210/300 Loss:3.799 lr:1.50e-04 0s
  >> Val MRR:0.9407 (best:0.9449 p:3/30)
  E220/300 Loss:3.793 lr:1.50e-04 0s
  >> Val MRR:0.9463 H@1:91.2% H@10:99.0% ** BEST **
  >> Val MRR:0.9455 (best:0.9463 p:1/30)
  E230/300 Loss:3.796 lr:1.50e-04 0s
  >> Val MRR:0.9499 H@1:91.8% H@10:99.0% ** BEST **
  >> Val MRR:0.9481 (best:0.9499 p:1/30)
  E240/300 Loss:3.794 lr:4.50e-05 0s
  >> Val MRR:0.9455 (best:0.9499 p:2/30)
  >> Val MRR:0.9453 (best:0.9499 p:3/30)
  E250/300 Loss:3.793 lr:4.50e-05 0s
  E260/300 Loss:3.783 lr:4.50e-05 0s
  E270/300 Loss:3.790 lr:4.50e-05 0s
  E280/300 Loss:3.783 lr:4.50e-05 0s
  >> Val MRR:0.9471 (best:0.9499 p:10/30)
  E290/300 Loss:3.787 lr:4.50e-05 0s
  E300/300 Loss:3.780 lr:4.50e-05 0s
  Training done: 22s, best_val_MRR=0.9499
  Full test evaluation (661 triples)...

  FINAL TEST: MRR=0.9445 H@1=90.5% H@3=98.5% H@10=99.2%
  Saved: /home/shanxh/NM-NBFNet/UMLS_d200_L2_ls0.3_ComplEx_seed123.json

=== CUDA3 smallkg_6seed: UMLS ComplEx seed 456 d200 L2 batch1024 chunk0 ===
Device: cuda, AMP: True
GPU: NVIDIA GeForce RTX 2080 Ti, 11.3 GB
======================================================================
CompGCN+DistMult | UMLS | seed=456
d_h=200 L=2 lr=0.0005 ls=0.3 epochs=300
======================================================================
  KG: 135 ent, 92 rel, 10432 edges
  Train/Val/Test: 5216/652/661
  Params: 243,800
  Training: epochs=300, lr=0.0005, batch=1024, ls=0.3
  Steps/epoch: 5
  E  1/300 Loss:6.885 lr:5.00e-04 0s
  >> Val MRR:0.0523 H@1:1.0% H@10:9.2% ** BEST **
  E 10/300 Loss:5.535 lr:5.00e-04 0s
  >> Val MRR:0.0837 H@1:2.4% H@10:18.0% ** BEST **
  >> Val MRR:0.1928 H@1:8.8% H@10:41.2% ** BEST **
  E 20/300 Loss:4.740 lr:5.00e-04 0s
  >> Val MRR:0.3717 H@1:23.8% H@10:63.8% ** BEST **
  >> Val MRR:0.5271 H@1:40.0% H@10:75.8% ** BEST **
  E 30/300 Loss:4.383 lr:5.00e-04 0s
  >> Val MRR:0.6256 H@1:51.4% H@10:84.2% ** BEST **
  >> Val MRR:0.6920 H@1:59.0% H@10:88.4% ** BEST **
  E 40/300 Loss:4.196 lr:5.00e-04 0s
  >> Val MRR:0.7375 H@1:63.4% H@10:90.6% ** BEST **
  >> Val MRR:0.7765 H@1:67.8% H@10:92.2% ** BEST **
  E 50/300 Loss:4.090 lr:5.00e-04 0s
  >> Val MRR:0.8002 H@1:70.4% H@10:94.0% ** BEST **
  >> Val MRR:0.8290 H@1:74.4% H@10:94.6% ** BEST **
  E 60/300 Loss:4.002 lr:5.00e-04 0s
  >> Val MRR:0.8431 H@1:76.0% H@10:95.2% ** BEST **
  >> Val MRR:0.8619 H@1:79.0% H@10:95.4% ** BEST **
  E 70/300 Loss:3.975 lr:5.00e-04 0s
  >> Val MRR:0.8603 (best:0.8619 p:1/30)
  >> Val MRR:0.8724 H@1:80.0% H@10:96.4% ** BEST **
  E 80/300 Loss:3.953 lr:5.00e-04 0s
  >> Val MRR:0.8737 H@1:79.8% H@10:96.8% ** BEST **
  >> Val MRR:0.8851 H@1:81.4% H@10:96.8% ** BEST **
  E 90/300 Loss:3.912 lr:5.00e-04 0s
  >> Val MRR:0.8856 H@1:81.6% H@10:96.8% ** BEST **
  >> Val MRR:0.8862 H@1:81.4% H@10:97.0% ** BEST **
  E100/300 Loss:3.886 lr:5.00e-04 0s
  >> Val MRR:0.8957 H@1:83.0% H@10:97.4% ** BEST **
  >> Val MRR:0.9094 H@1:85.4% H@10:97.8% ** BEST **
  E110/300 Loss:3.870 lr:5.00e-04 0s
  >> Val MRR:0.9094 (best:0.9094 p:1/30)
  >> Val MRR:0.9066 (best:0.9094 p:2/30)
  E120/300 Loss:3.854 lr:5.00e-04 0s
  >> Val MRR:0.9140 H@1:86.2% H@10:98.2% ** BEST **
  >> Val MRR:0.9184 H@1:86.6% H@10:98.2% ** BEST **
  E130/300 Loss:3.843 lr:5.00e-04 0s
  >> Val MRR:0.9162 (best:0.9184 p:1/30)
  >> Val MRR:0.9209 H@1:87.0% H@10:98.2% ** BEST **
  E140/300 Loss:3.828 lr:5.00e-04 0s
  >> Val MRR:0.9252 H@1:87.8% H@10:98.2% ** BEST **
  >> Val MRR:0.9258 H@1:88.0% H@10:98.2% ** BEST **
  E150/300 Loss:3.822 lr:5.00e-04 0s
  >> Val MRR:0.9348 H@1:89.6% H@10:98.0% ** BEST **
  >> Val MRR:0.9367 H@1:90.0% H@10:98.2% ** BEST **
  E160/300 Loss:3.813 lr:5.00e-04 0s
  >> Val MRR:0.9373 H@1:90.0% H@10:98.4% ** BEST **
  >> Val MRR:0.9373 (best:0.9373 p:1/30)
  E170/300 Loss:3.807 lr:5.00e-04 0s
  >> Val MRR:0.9458 H@1:91.6% H@10:98.6% ** BEST **
  >> Val MRR:0.9492 H@1:92.2% H@10:98.4% ** BEST **
  E180/300 Loss:3.804 lr:1.50e-04 0s
  >> Val MRR:0.9459 (best:0.9492 p:1/30)
  >> Val MRR:0.9440 (best:0.9492 p:2/30)
  E190/300 Loss:3.796 lr:1.50e-04 0s
  >> Val MRR:0.9426 (best:0.9492 p:3/30)
  E200/300 Loss:3.801 lr:1.50e-04 0s
  >> Val MRR:0.9515 H@1:92.6% H@10:98.6% ** BEST **
  E210/300 Loss:3.788 lr:1.50e-04 0s
  >> Val MRR:0.9508 (best:0.9515 p:1/30)
  >> Val MRR:0.9507 (best:0.9515 p:2/30)
  E220/300 Loss:3.793 lr:1.50e-04 0s
  >> Val MRR:0.9506 (best:0.9515 p:3/30)
  E230/300 Loss:3.790 lr:1.50e-04 0s
  E240/300 Loss:3.783 lr:4.50e-05 0s
  E250/300 Loss:3.783 lr:4.50e-05 0s
  >> Val MRR:0.9500 (best:0.9515 p:10/30)
  E260/300 Loss:3.785 lr:4.50e-05 0s
  E270/300 Loss:3.784 lr:4.50e-05 0s
  E280/300 Loss:3.783 lr:4.50e-05 0s
  >> Val MRR:0.9515 H@1:92.4% H@10:98.6% ** BEST **
  E290/300 Loss:3.784 lr:4.50e-05 0s
  >> Val MRR:0.9485 (best:0.9515 p:1/30)
  >> Val MRR:0.9489 (best:0.9515 p:2/30)
  E300/300 Loss:3.777 lr:4.50e-05 0s
  >> Val MRR:0.9489 (best:0.9515 p:3/30)
  Training done: 19s, best_val_MRR=0.9515
  Full test evaluation (661 triples)...

  FINAL TEST: MRR=0.9494 H@1=91.2% H@3=98.5% H@10=99.5%
  Saved: /home/shanxh/NM-NBFNet/UMLS_d200_L2_ls0.3_ComplEx_seed456.json

=== CUDA3 smallkg_6seed: UMLS ComplEx seed 777 d200 L2 batch1024 chunk0 ===
Device: cuda, AMP: True
GPU: NVIDIA GeForce RTX 2080 Ti, 11.3 GB
======================================================================
CompGCN+DistMult | UMLS | seed=777
d_h=200 L=2 lr=0.0005 ls=0.3 epochs=300
======================================================================
  KG: 135 ent, 92 rel, 10432 edges
  Train/Val/Test: 5216/652/661
  Params: 243,800
  Training: epochs=300, lr=0.0005, batch=1024, ls=0.3
  Steps/epoch: 5
  E  1/300 Loss:6.872 lr:5.00e-04 0s
  >> Val MRR:0.0457 H@1:1.0% H@10:7.6% ** BEST **
  E 10/300 Loss:5.549 lr:5.00e-04 0s
  >> Val MRR:0.0729 H@1:2.0% H@10:14.8% ** BEST **
  >> Val MRR:0.1903 H@1:9.0% H@10:38.4% ** BEST **
  E 20/300 Loss:4.741 lr:5.00e-04 0s
  >> Val MRR:0.3743 H@1:25.2% H@10:61.6% ** BEST **
  >> Val MRR:0.5292 H@1:40.6% H@10:76.2% ** BEST **
  E 30/300 Loss:4.391 lr:5.00e-04 0s
  >> Val MRR:0.6277 H@1:50.4% H@10:84.0% ** BEST **
  >> Val MRR:0.7170 H@1:61.4% H@10:89.2% ** BEST **
  E 40/300 Loss:4.211 lr:5.00e-04 0s
  >> Val MRR:0.7731 H@1:68.0% H@10:91.4% ** BEST **
  >> Val MRR:0.8078 H@1:72.6% H@10:93.4% ** BEST **
  E 50/300 Loss:4.098 lr:5.00e-04 0s
  >> Val MRR:0.8287 H@1:75.2% H@10:94.8% ** BEST **
  >> Val MRR:0.8556 H@1:79.6% H@10:95.6% ** BEST **
  E 60/300 Loss:4.006 lr:5.00e-04 0s
  >> Val MRR:0.8581 H@1:79.0% H@10:96.2% ** BEST **
  >> Val MRR:0.8693 H@1:80.8% H@10:96.4% ** BEST **
  E 70/300 Loss:3.972 lr:5.00e-04 0s
  >> Val MRR:0.8834 H@1:82.6% H@10:96.6% ** BEST **
  >> Val MRR:0.8925 H@1:83.6% H@10:97.2% ** BEST **
  E 80/300 Loss:3.926 lr:5.00e-04 0s
  >> Val MRR:0.8947 H@1:83.4% H@10:97.4% ** BEST **
  >> Val MRR:0.8956 H@1:83.2% H@10:97.4% ** BEST **
  E 90/300 Loss:3.900 lr:5.00e-04 0s
  >> Val MRR:0.9049 H@1:85.2% H@10:97.2% ** BEST **
  >> Val MRR:0.9107 H@1:86.2% H@10:97.6% ** BEST **
  E100/300 Loss:3.882 lr:5.00e-04 0s
  >> Val MRR:0.9087 (best:0.9107 p:1/30)
  >> Val MRR:0.9146 H@1:86.8% H@10:97.8% ** BEST **
  E110/300 Loss:3.863 lr:5.00e-04 0s
  >> Val MRR:0.9219 H@1:88.0% H@10:98.2% ** BEST **
  >> Val MRR:0.9193 (best:0.9219 p:1/30)
  E120/300 Loss:3.856 lr:5.00e-04 0s
  >> Val MRR:0.9177 (best:0.9219 p:2/30)
  >> Val MRR:0.9231 H@1:87.8% H@10:98.6% ** BEST **
  E130/300 Loss:3.847 lr:5.00e-04 0s
  >> Val MRR:0.9275 H@1:88.6% H@10:98.6% ** BEST **
  >> Val MRR:0.9273 (best:0.9275 p:1/30)
  E140/300 Loss:3.839 lr:5.00e-04 0s
  >> Val MRR:0.9267 (best:0.9275 p:2/30)
  >> Val MRR:0.9294 H@1:88.8% H@10:98.4% ** BEST **
  E150/300 Loss:3.824 lr:5.00e-04 0s
  >> Val MRR:0.9293 (best:0.9294 p:1/30)
  >> Val MRR:0.9341 H@1:89.6% H@10:98.8% ** BEST **
  E160/300 Loss:3.817 lr:5.00e-04 0s
  >> Val MRR:0.9373 H@1:90.4% H@10:99.0% ** BEST **
  >> Val MRR:0.9376 H@1:90.4% H@10:98.8% ** BEST **
  E170/300 Loss:3.812 lr:5.00e-04 0s
  >> Val MRR:0.9401 H@1:90.6% H@10:99.0% ** BEST **
  >> Val MRR:0.9407 H@1:90.8% H@10:99.2% ** BEST **
  E180/300 Loss:3.799 lr:1.50e-04 0s
  >> Val MRR:0.9373 (best:0.9407 p:1/30)
  >> Val MRR:0.9354 (best:0.9407 p:2/30)
  E190/300 Loss:3.804 lr:1.50e-04 0s
  >> Val MRR:0.9406 (best:0.9407 p:3/30)
  >> Val MRR:0.9415 H@1:91.0% H@10:98.8% ** BEST **
  E200/300 Loss:3.801 lr:1.50e-04 0s
  >> Val MRR:0.9423 H@1:91.2% H@10:99.2% ** BEST **
  >> Val MRR:0.9405 (best:0.9423 p:1/30)
  E210/300 Loss:3.800 lr:1.50e-04 0s
  >> Val MRR:0.9403 (best:0.9423 p:2/30)
  >> Val MRR:0.9386 (best:0.9423 p:3/30)
  E220/300 Loss:3.787 lr:1.50e-04 0s
  >> Val MRR:0.9424 H@1:91.2% H@10:99.0% ** BEST **
  >> Val MRR:0.9426 H@1:91.2% H@10:99.2% ** BEST **
  E230/300 Loss:3.788 lr:1.50e-04 0s
  >> Val MRR:0.9422 (best:0.9426 p:1/30)
  >> Val MRR:0.9409 (best:0.9426 p:2/30)
  E240/300 Loss:3.795 lr:4.50e-05 0s
  >> Val MRR:0.9444 H@1:91.4% H@10:99.0% ** BEST **
  >> Val MRR:0.9435 (best:0.9444 p:1/30)
  E250/300 Loss:3.787 lr:4.50e-05 0s
  >> Val MRR:0.9429 (best:0.9444 p:2/30)
  >> Val MRR:0.9422 (best:0.9444 p:3/30)
  E260/300 Loss:3.791 lr:4.50e-05 0s
  E270/300 Loss:3.786 lr:4.50e-05 0s
  E280/300 Loss:3.790 lr:4.50e-05 0s
  >> Val MRR:0.9445 H@1:91.4% H@10:99.0% ** BEST **
  >> Val MRR:0.9461 H@1:91.6% H@10:99.0% ** BEST **
  E290/300 Loss:3.790 lr:4.50e-05 0s
  >> Val MRR:0.9442 (best:0.9461 p:1/30)
  >> Val MRR:0.9445 (best:0.9461 p:2/30)
  E300/300 Loss:3.779 lr:4.50e-05 0s
  >> Val MRR:0.9426 (best:0.9461 p:3/30)
  Training done: 18s, best_val_MRR=0.9461
  Full test evaluation (661 triples)...

  FINAL TEST: MRR=0.9468 H@1=91.7% H@3=97.3% H@10=99.4%
  Saved: /home/shanxh/NM-NBFNet/UMLS_d200_L2_ls0.3_ComplEx_seed777.json

=== CUDA3 smallkg_6seed: UMLS ComplEx seed 888 d200 L2 batch1024 chunk0 ===
Device: cuda, AMP: True
GPU: NVIDIA GeForce RTX 2080 Ti, 11.3 GB
======================================================================
CompGCN+DistMult | UMLS | seed=888
d_h=200 L=2 lr=0.0005 ls=0.3 epochs=300
======================================================================
  KG: 135 ent, 92 rel, 10432 edges
  Train/Val/Test: 5216/652/661
  Params: 243,800
  Training: epochs=300, lr=0.0005, batch=1024, ls=0.3
  Steps/epoch: 5
  E  1/300 Loss:6.925 lr:5.00e-04 0s
  >> Val MRR:0.0448 H@1:1.0% H@10:8.0% ** BEST **
  E 10/300 Loss:5.522 lr:5.00e-04 0s
  >> Val MRR:0.0739 H@1:2.6% H@10:14.6% ** BEST **
  >> Val MRR:0.1923 H@1:10.4% H@10:37.0% ** BEST **
  E 20/300 Loss:4.734 lr:5.00e-04 0s
  >> Val MRR:0.3664 H@1:25.6% H@10:61.0% ** BEST **
  >> Val MRR:0.5112 H@1:38.6% H@10:79.2% ** BEST **
  E 30/300 Loss:4.389 lr:5.00e-04 0s
  >> Val MRR:0.6212 H@1:49.2% H@10:85.4% ** BEST **
  >> Val MRR:0.6996 H@1:59.4% H@10:88.4% ** BEST **
  E 40/300 Loss:4.212 lr:5.00e-04 0s
  >> Val MRR:0.7276 H@1:61.4% H@10:91.4% ** BEST **
  >> Val MRR:0.7800 H@1:68.4% H@10:92.6% ** BEST **
  E 50/300 Loss:4.099 lr:5.00e-04 0s
  >> Val MRR:0.8085 H@1:72.4% H@10:93.0% ** BEST **
  >> Val MRR:0.8240 H@1:74.0% H@10:95.0% ** BEST **
  E 60/300 Loss:4.025 lr:5.00e-04 0s
  >> Val MRR:0.8454 H@1:77.2% H@10:96.0% ** BEST **
  >> Val MRR:0.8554 H@1:78.2% H@10:96.4% ** BEST **
  E 70/300 Loss:3.968 lr:5.00e-04 0s
  >> Val MRR:0.8713 H@1:80.4% H@10:96.4% ** BEST **
  >> Val MRR:0.8774 H@1:81.0% H@10:96.8% ** BEST **
  E 80/300 Loss:3.939 lr:5.00e-04 0s
  >> Val MRR:0.8824 H@1:81.8% H@10:97.2% ** BEST **
  >> Val MRR:0.8853 H@1:82.0% H@10:97.4% ** BEST **
  E 90/300 Loss:3.899 lr:5.00e-04 0s
  >> Val MRR:0.8956 H@1:84.0% H@10:97.4% ** BEST **
  >> Val MRR:0.8959 H@1:84.0% H@10:97.6% ** BEST **
  E100/300 Loss:3.886 lr:5.00e-04 0s
  >> Val MRR:0.8952 (best:0.8959 p:1/30)
  >> Val MRR:0.9003 H@1:84.4% H@10:97.8% ** BEST **
  E110/300 Loss:3.866 lr:5.00e-04 0s
  >> Val MRR:0.9074 H@1:85.6% H@10:98.0% ** BEST **
  >> Val MRR:0.9062 (best:0.9074 p:1/30)
  E120/300 Loss:3.852 lr:5.00e-04 0s
  >> Val MRR:0.9095 H@1:85.6% H@10:98.4% ** BEST **
  >> Val MRR:0.9129 H@1:86.0% H@10:98.6% ** BEST **
  E130/300 Loss:3.841 lr:5.00e-04 0s
  >> Val MRR:0.9150 H@1:86.2% H@10:98.8% ** BEST **
  >> Val MRR:0.9199 H@1:87.0% H@10:98.6% ** BEST **
  E140/300 Loss:3.828 lr:5.00e-04 0s
  >> Val MRR:0.9233 H@1:87.6% H@10:99.2% ** BEST **
  >> Val MRR:0.9197 (best:0.9233 p:1/30)
  E150/300 Loss:3.818 lr:5.00e-04 0s
  >> Val MRR:0.9233 H@1:87.4% H@10:99.0% ** BEST **
  >> Val MRR:0.9262 H@1:87.8% H@10:98.8% ** BEST **
  E160/300 Loss:3.806 lr:5.00e-04 0s
  >> Val MRR:0.9254 (best:0.9262 p:1/30)
  >> Val MRR:0.9348 H@1:89.4% H@10:98.8% ** BEST **
  E170/300 Loss:3.810 lr:5.00e-04 0s
  >> Val MRR:0.9375 H@1:89.8% H@10:98.8% ** BEST **
  >> Val MRR:0.9347 (best:0.9375 p:1/30)
  E180/300 Loss:3.801 lr:1.50e-04 0s
  >> Val MRR:0.9422 H@1:90.4% H@10:99.2% ** BEST **
  >> Val MRR:0.9423 H@1:90.4% H@10:99.0% ** BEST **
  E190/300 Loss:3.802 lr:1.50e-04 0s
  >> Val MRR:0.9382 (best:0.9423 p:1/30)
  >> Val MRR:0.9374 (best:0.9423 p:2/30)
  E200/300 Loss:3.792 lr:1.50e-04 0s
  >> Val MRR:0.9434 H@1:90.6% H@10:99.2% ** BEST **
  >> Val MRR:0.9420 (best:0.9434 p:1/30)
  E210/300 Loss:3.802 lr:1.50e-04 0s
  >> Val MRR:0.9441 H@1:90.6% H@10:99.4% ** BEST **
  >> Val MRR:0.9464 H@1:91.0% H@10:99.4% ** BEST **
  E220/300 Loss:3.794 lr:1.50e-04 0s
  >> Val MRR:0.9466 H@1:91.0% H@10:99.4% ** BEST **
  >> Val MRR:0.9436 (best:0.9466 p:1/30)
  E230/300 Loss:3.784 lr:1.50e-04 0s
  >> Val MRR:0.9447 (best:0.9466 p:2/30)
  >> Val MRR:0.9467 H@1:91.0% H@10:99.4% ** BEST **
  E240/300 Loss:3.777 lr:4.50e-05 0s
  >> Val MRR:0.9427 (best:0.9467 p:1/30)
  >> Val MRR:0.9448 (best:0.9467 p:2/30)
  E250/300 Loss:3.782 lr:4.50e-05 0s
  >> Val MRR:0.9458 (best:0.9467 p:3/30)
  >> Val MRR:0.9469 H@1:91.0% H@10:99.6% ** BEST **
  E260/300 Loss:3.786 lr:4.50e-05 0s
  >> Val MRR:0.9477 H@1:91.2% H@10:99.4% ** BEST **
  >> Val MRR:0.9481 H@1:91.2% H@10:99.6% ** BEST **
  E270/300 Loss:3.780 lr:4.50e-05 0s
  >> Val MRR:0.9481 H@1:91.2% H@10:99.8% ** BEST **
  >> Val MRR:0.9491 H@1:91.4% H@10:99.8% ** BEST **
  E280/300 Loss:3.783 lr:4.50e-05 0s
  >> Val MRR:0.9482 (best:0.9491 p:1/30)
  >> Val MRR:0.9480 (best:0.9491 p:2/30)
  E290/300 Loss:3.783 lr:4.50e-05 0s
  >> Val MRR:0.9480 (best:0.9491 p:3/30)
  E300/300 Loss:3.782 lr:4.50e-05 0s
  Training done: 18s, best_val_MRR=0.9491
  Full test evaluation (661 triples)...

  FINAL TEST: MRR=0.9479 H@1=91.8% H@3=97.3% H@10=99.1%
  Saved: /home/shanxh/NM-NBFNet/UMLS_d200_L2_ls0.3_ComplEx_seed888.json

=== CUDA3 smallkg_6seed: UMLS ComplEx seed 999 d200 L2 batch1024 chunk0 ===
Device: cuda, AMP: True
GPU: NVIDIA GeForce RTX 2080 Ti, 11.3 GB
======================================================================
CompGCN+DistMult | UMLS | seed=999
d_h=200 L=2 lr=0.0005 ls=0.3 epochs=300
======================================================================
  KG: 135 ent, 92 rel, 10432 edges
  Train/Val/Test: 5216/652/661
  Params: 243,800
  Training: epochs=300, lr=0.0005, batch=1024, ls=0.3
  Steps/epoch: 5
  E  1/300 Loss:6.804 lr:5.00e-04 0s
  >> Val MRR:0.0502 H@1:0.8% H@10:10.0% ** BEST **
  E 10/300 Loss:5.441 lr:5.00e-04 0s
  >> Val MRR:0.1130 H@1:4.0% H@10:24.4% ** BEST **
  >> Val MRR:0.2958 H@1:17.6% H@10:51.0% ** BEST **
  E 20/300 Loss:4.686 lr:5.00e-04 0s
  >> Val MRR:0.4528 H@1:33.0% H@10:70.8% ** BEST **
  >> Val MRR:0.5726 H@1:44.6% H@10:81.2% ** BEST **
  E 30/300 Loss:4.358 lr:5.00e-04 0s
  >> Val MRR:0.6461 H@1:52.6% H@10:84.8% ** BEST **
  >> Val MRR:0.7017 H@1:59.8% H@10:87.4% ** BEST **
  E 40/300 Loss:4.195 lr:5.00e-04 0s
  >> Val MRR:0.7419 H@1:64.4% H@10:89.4% ** BEST **
  >> Val MRR:0.7789 H@1:69.0% H@10:91.6% ** BEST **
  E 50/300 Loss:4.090 lr:5.00e-04 0s
  >> Val MRR:0.7991 H@1:71.4% H@10:92.8% ** BEST **
  >> Val MRR:0.8131 H@1:72.6% H@10:93.6% ** BEST **
  E 60/300 Loss:4.016 lr:5.00e-04 0s
  >> Val MRR:0.8310 H@1:74.8% H@10:94.4% ** BEST **
  >> Val MRR:0.8345 H@1:75.4% H@10:94.6% ** BEST **
  E 70/300 Loss:3.962 lr:5.00e-04 0s
  >> Val MRR:0.8598 H@1:78.6% H@10:95.4% ** BEST **
  >> Val MRR:0.8792 H@1:81.8% H@10:95.8% ** BEST **
  E 80/300 Loss:3.934 lr:5.00e-04 0s
  >> Val MRR:0.8785 (best:0.8792 p:1/30)
  >> Val MRR:0.8853 H@1:82.2% H@10:96.8% ** BEST **
  E 90/300 Loss:3.903 lr:5.00e-04 0s
  >> Val MRR:0.8934 H@1:83.0% H@10:97.0% ** BEST **
  >> Val MRR:0.8923 (best:0.8934 p:1/30)
  E100/300 Loss:3.885 lr:5.00e-04 0s
  >> Val MRR:0.8984 H@1:84.0% H@10:97.4% ** BEST **
  >> Val MRR:0.9055 H@1:85.0% H@10:97.6% ** BEST **
  E110/300 Loss:3.858 lr:5.00e-04 0s
  >> Val MRR:0.9076 H@1:85.4% H@10:97.6% ** BEST **
  >> Val MRR:0.9052 (best:0.9076 p:1/30)
  E120/300 Loss:3.857 lr:5.00e-04 0s
  >> Val MRR:0.9074 (best:0.9076 p:2/30)
  >> Val MRR:0.9186 H@1:87.4% H@10:97.8% ** BEST **
  E130/300 Loss:3.836 lr:5.00e-04 0s
  >> Val MRR:0.9186 (best:0.9186 p:1/30)
  >> Val MRR:0.9222 H@1:88.0% H@10:98.2% ** BEST **
  E140/300 Loss:3.841 lr:5.00e-04 0s
  >> Val MRR:0.9220 (best:0.9222 p:1/30)
  >> Val MRR:0.9216 (best:0.9222 p:2/30)
  E150/300 Loss:3.826 lr:5.00e-04 0s
  >> Val MRR:0.9221 (best:0.9222 p:3/30)
  >> Val MRR:0.9231 H@1:87.6% H@10:98.2% ** BEST **
  E160/300 Loss:3.813 lr:5.00e-04 0s
  >> Val MRR:0.9253 H@1:87.8% H@10:98.2% ** BEST **
  >> Val MRR:0.9277 H@1:88.2% H@10:98.2% ** BEST **
  E170/300 Loss:3.810 lr:5.00e-04 0s
  >> Val MRR:0.9261 (best:0.9277 p:1/30)
  >> Val MRR:0.9350 H@1:89.6% H@10:98.4% ** BEST **
  E180/300 Loss:3.805 lr:1.50e-04 0s
  >> Val MRR:0.9323 (best:0.9350 p:1/30)
  >> Val MRR:0.9332 (best:0.9350 p:2/30)
  E190/300 Loss:3.799 lr:1.50e-04 0s
  >> Val MRR:0.9362 H@1:89.6% H@10:98.8% ** BEST **
  >> Val MRR:0.9352 (best:0.9362 p:1/30)
  E200/300 Loss:3.802 lr:1.50e-04 0s
  >> Val MRR:0.9362 H@1:89.8% H@10:98.8% ** BEST **
  >> Val MRR:0.9365 H@1:89.8% H@10:98.8% ** BEST **
  E210/300 Loss:3.796 lr:1.50e-04 0s
  >> Val MRR:0.9351 (best:0.9365 p:1/30)
  >> Val MRR:0.9412 H@1:90.6% H@10:98.8% ** BEST **
  E220/300 Loss:3.791 lr:1.50e-04 0s
  >> Val MRR:0.9422 H@1:90.8% H@10:98.8% ** BEST **
  >> Val MRR:0.9435 H@1:91.0% H@10:98.8% ** BEST **
  E230/300 Loss:3.794 lr:1.50e-04 0s
  >> Val MRR:0.9409 (best:0.9435 p:1/30)
  >> Val MRR:0.9408 (best:0.9435 p:2/30)
  E240/300 Loss:3.797 lr:4.50e-05 0s
  >> Val MRR:0.9417 (best:0.9435 p:3/30)
  E250/300 Loss:3.790 lr:4.50e-05 0s
  E260/300 Loss:3.790 lr:4.50e-05 0s
  E270/300 Loss:3.786 lr:4.50e-05 0s
  >> Val MRR:0.9441 H@1:91.2% H@10:98.8% ** BEST **
  >> Val MRR:0.9441 H@1:91.2% H@10:98.8% ** BEST **
  E280/300 Loss:3.790 lr:4.50e-05 0s
  >> Val MRR:0.9440 (best:0.9441 p:1/30)
  >> Val MRR:0.9450 H@1:91.4% H@10:98.6% ** BEST **
  E290/300 Loss:3.788 lr:4.50e-05 0s
  >> Val MRR:0.9450 H@1:91.4% H@10:98.8% ** BEST **
  >> Val MRR:0.9440 (best:0.9450 p:1/30)
  E300/300 Loss:3.786 lr:4.50e-05 0s
  >> Val MRR:0.9420 (best:0.9450 p:2/30)
  Training done: 22s, best_val_MRR=0.9450
  Full test evaluation (661 triples)...

  FINAL TEST: MRR=0.9358 H@1=89.6% H@3=97.1% H@10=98.9%
  Saved: /home/shanxh/NM-NBFNet/UMLS_d200_L2_ls0.3_ComplEx_seed999.json

=== CUDA3 smallkg_6seed: Kinship DistMult seed 42 d200 L2 batch1024 chunk0 ===
Device: cuda, AMP: True
GPU: NVIDIA GeForce RTX 2080 Ti, 11.3 GB
======================================================================
CompGCN+DistMult | Kinship | seed=42
d_h=200 L=2 lr=0.0005 ls=0.3 epochs=300
======================================================================
  KG: 104 ent, 50 rel, 17088 edges
  Train/Val/Test: 8544/1068/1074
  Params: 212,400
  Training: epochs=300, lr=0.0005, batch=1024, ls=0.3
  Steps/epoch: 8
  E  1/300 Loss:5.457 lr:5.00e-04 0s
  >> Val MRR:0.0801 H@1:2.2% H@10:16.2% ** BEST **
  E 10/300 Loss:4.475 lr:5.00e-04 0s
  >> Val MRR:0.2161 H@1:7.4% H@10:54.8% ** BEST **
  >> Val MRR:0.3826 H@1:22.8% H@10:75.6% ** BEST **
  E 20/300 Loss:4.053 lr:5.00e-04 0s
  >> Val MRR:0.4663 H@1:30.4% H@10:82.8% ** BEST **
  >> Val MRR:0.5413 H@1:39.0% H@10:87.0% ** BEST **
  E 30/300 Loss:3.929 lr:5.00e-04 0s
  >> Val MRR:0.5912 H@1:45.4% H@10:89.2% ** BEST **
  >> Val MRR:0.6110 H@1:47.2% H@10:90.0% ** BEST **
  E 40/300 Loss:3.855 lr:5.00e-04 0s
  >> Val MRR:0.6361 H@1:50.6% H@10:92.6% ** BEST **
  >> Val MRR:0.6414 H@1:50.6% H@10:93.4% ** BEST **
  E 50/300 Loss:3.808 lr:5.00e-04 0s
  >> Val MRR:0.6432 H@1:50.2% H@10:93.2% ** BEST **
  >> Val MRR:0.6579 H@1:52.0% H@10:93.6% ** BEST **
  E 60/300 Loss:3.773 lr:5.00e-04 0s
  >> Val MRR:0.6626 H@1:52.8% H@10:93.6% ** BEST **
  >> Val MRR:0.6692 H@1:53.8% H@10:93.8% ** BEST **
  E 70/300 Loss:3.755 lr:5.00e-04 0s
  >> Val MRR:0.6790 H@1:54.8% H@10:94.2% ** BEST **
  >> Val MRR:0.6868 H@1:56.0% H@10:94.6% ** BEST **
  E 80/300 Loss:3.741 lr:5.00e-04 0s
  >> Val MRR:0.6872 H@1:55.6% H@10:94.4% ** BEST **
  >> Val MRR:0.6877 H@1:55.2% H@10:94.2% ** BEST **
  E 90/300 Loss:3.719 lr:5.00e-04 0s
  >> Val MRR:0.6911 H@1:55.8% H@10:94.4% ** BEST **
  >> Val MRR:0.6920 H@1:55.4% H@10:94.8% ** BEST **
  E100/300 Loss:3.710 lr:5.00e-04 0s
  >> Val MRR:0.6996 H@1:56.8% H@10:94.8% ** BEST **
  >> Val MRR:0.7071 H@1:57.8% H@10:95.0% ** BEST **
  E110/300 Loss:3.696 lr:5.00e-04 0s
  >> Val MRR:0.7172 H@1:59.6% H@10:94.6% ** BEST **
  >> Val MRR:0.7192 H@1:59.4% H@10:95.0% ** BEST **
  E120/300 Loss:3.687 lr:5.00e-04 0s
  >> Val MRR:0.7236 H@1:60.4% H@10:95.4% ** BEST **
  >> Val MRR:0.7270 H@1:60.8% H@10:95.4% ** BEST **
  E130/300 Loss:3.672 lr:5.00e-04 0s
  >> Val MRR:0.7249 (best:0.7270 p:1/30)
  >> Val MRR:0.7258 (best:0.7270 p:2/30)
  E140/300 Loss:3.675 lr:5.00e-04 0s
  >> Val MRR:0.7335 H@1:62.4% H@10:95.6% ** BEST **
  >> Val MRR:0.7347 H@1:62.2% H@10:95.2% ** BEST **
  E150/300 Loss:3.664 lr:5.00e-04 0s
  >> Val MRR:0.7309 (best:0.7347 p:1/30)
  >> Val MRR:0.7302 (best:0.7347 p:2/30)
  E160/300 Loss:3.655 lr:5.00e-04 0s
  >> Val MRR:0.7268 (best:0.7347 p:3/30)
  E170/300 Loss:3.657 lr:5.00e-04 0s
  E180/300 Loss:3.652 lr:1.50e-04 0s
  E190/300 Loss:3.647 lr:1.50e-04 0s
  >> Val MRR:0.7293 (best:0.7347 p:10/30)
  E200/300 Loss:3.642 lr:1.50e-04 0s
  E210/300 Loss:3.641 lr:1.50e-04 0s
  E220/300 Loss:3.637 lr:1.50e-04 0s
  E230/300 Loss:3.639 lr:1.50e-04 0s
  E240/300 Loss:3.637 lr:4.50e-05 0s
  >> Val MRR:0.7280 (best:0.7347 p:20/30)
  E250/300 Loss:3.643 lr:4.50e-05 0s
  E260/300 Loss:3.636 lr:4.50e-05 0s
  E270/300 Loss:3.640 lr:4.50e-05 0s
  E280/300 Loss:3.632 lr:4.50e-05 0s
  E290/300 Loss:3.635 lr:4.50e-05 0s
  >> Val MRR:0.7267 (best:0.7347 p:30/30)
  Early stop at epoch 295
  Training done: 21s, best_val_MRR=0.7347
  Full test evaluation (1074 triples)...

  FINAL TEST: MRR=0.7080 H@1=57.8% H@3=79.5% H@10=95.3%
  Saved: /home/shanxh/NM-NBFNet/Kinship_d200_L2_ls0.3_seed42.json

=== CUDA3 smallkg_6seed: Kinship DistMult seed 123 d200 L2 batch1024 chunk0 ===
Device: cuda, AMP: True
GPU: NVIDIA GeForce RTX 2080 Ti, 11.3 GB
======================================================================
CompGCN+DistMult | Kinship | seed=123
d_h=200 L=2 lr=0.0005 ls=0.3 epochs=300
======================================================================
  KG: 104 ent, 50 rel, 17088 edges
  Train/Val/Test: 8544/1068/1074
  Params: 212,400
  Training: epochs=300, lr=0.0005, batch=1024, ls=0.3
  Steps/epoch: 8
  E  1/300 Loss:5.436 lr:5.00e-04 0s
  >> Val MRR:0.0714 H@1:1.8% H@10:13.4% ** BEST **
  E 10/300 Loss:4.499 lr:5.00e-04 0s
  >> Val MRR:0.2025 H@1:8.8% H@10:44.4% ** BEST **
  >> Val MRR:0.3461 H@1:19.0% H@10:72.4% ** BEST **
  E 20/300 Loss:4.048 lr:5.00e-04 0s
  >> Val MRR:0.4479 H@1:27.6% H@10:80.4% ** BEST **
  >> Val MRR:0.5058 H@1:34.2% H@10:85.6% ** BEST **
  E 30/300 Loss:3.922 lr:5.00e-04 0s
  >> Val MRR:0.5552 H@1:39.0% H@10:89.0% ** BEST **
  >> Val MRR:0.5811 H@1:42.4% H@10:90.4% ** BEST **
  E 40/300 Loss:3.853 lr:5.00e-04 0s
  >> Val MRR:0.6040 H@1:46.0% H@10:91.8% ** BEST **
  >> Val MRR:0.6251 H@1:47.4% H@10:92.2% ** BEST **
  E 50/300 Loss:3.812 lr:5.00e-04 0s
  >> Val MRR:0.6489 H@1:51.0% H@10:93.4% ** BEST **
  >> Val MRR:0.6568 H@1:51.6% H@10:93.6% ** BEST **
  E 60/300 Loss:3.779 lr:5.00e-04 0s
  >> Val MRR:0.6645 H@1:52.6% H@10:93.8% ** BEST **
  >> Val MRR:0.6816 H@1:54.8% H@10:93.8% ** BEST **
  E 70/300 Loss:3.754 lr:5.00e-04 0s
  >> Val MRR:0.6812 (best:0.6816 p:1/30)
  >> Val MRR:0.6840 H@1:55.0% H@10:94.4% ** BEST **
  E 80/300 Loss:3.733 lr:5.00e-04 0s
  >> Val MRR:0.6912 H@1:56.0% H@10:94.8% ** BEST **
  >> Val MRR:0.6940 H@1:56.8% H@10:94.4% ** BEST **
  E 90/300 Loss:3.725 lr:5.00e-04 0s
  >> Val MRR:0.7004 H@1:57.6% H@10:95.0% ** BEST **
  >> Val MRR:0.6998 (best:0.7004 p:1/30)
  E100/300 Loss:3.707 lr:5.00e-04 0s
  >> Val MRR:0.7070 H@1:58.4% H@10:95.4% ** BEST **
  >> Val MRR:0.7102 H@1:58.4% H@10:95.2% ** BEST **
  E110/300 Loss:3.697 lr:5.00e-04 0s
  >> Val MRR:0.7147 H@1:59.2% H@10:95.2% ** BEST **
  >> Val MRR:0.7258 H@1:61.8% H@10:95.2% ** BEST **
  E120/300 Loss:3.688 lr:5.00e-04 0s
  >> Val MRR:0.7232 (best:0.7258 p:1/30)
  >> Val MRR:0.7252 (best:0.7258 p:2/30)
  E130/300 Loss:3.679 lr:5.00e-04 0s
  >> Val MRR:0.7274 H@1:61.4% H@10:95.0% ** BEST **
  >> Val MRR:0.7290 H@1:61.8% H@10:95.0% ** BEST **
  E140/300 Loss:3.673 lr:5.00e-04 0s
  >> Val MRR:0.7313 H@1:62.4% H@10:95.0% ** BEST **
  >> Val MRR:0.7353 H@1:62.8% H@10:95.2% ** BEST **
  E150/300 Loss:3.667 lr:5.00e-04 0s
  >> Val MRR:0.7284 (best:0.7353 p:1/30)
  >> Val MRR:0.7324 (best:0.7353 p:2/30)
  E160/300 Loss:3.663 lr:5.00e-04 0s
  >> Val MRR:0.7267 (best:0.7353 p:3/30)
  >> Val MRR:0.7359 H@1:62.8% H@10:95.2% ** BEST **
  E170/300 Loss:3.651 lr:5.00e-04 0s
  >> Val MRR:0.7416 H@1:64.0% H@10:95.0% ** BEST **
  >> Val MRR:0.7417 H@1:64.6% H@10:94.8% ** BEST **
  E180/300 Loss:3.649 lr:1.50e-04 0s
  >> Val MRR:0.7347 (best:0.7417 p:1/30)
  >> Val MRR:0.7401 (best:0.7417 p:2/30)
  E190/300 Loss:3.642 lr:1.50e-04 0s
  >> Val MRR:0.7433 H@1:64.4% H@10:95.2% ** BEST **
  >> Val MRR:0.7423 (best:0.7433 p:1/30)
  E200/300 Loss:3.642 lr:1.50e-04 0s
  >> Val MRR:0.7441 H@1:64.4% H@10:95.0% ** BEST **
  >> Val MRR:0.7470 H@1:64.8% H@10:95.2% ** BEST **
  E210/300 Loss:3.640 lr:1.50e-04 0s
  >> Val MRR:0.7450 (best:0.7470 p:1/30)
  >> Val MRR:0.7443 (best:0.7470 p:2/30)
  E220/300 Loss:3.641 lr:1.50e-04 0s
  >> Val MRR:0.7448 (best:0.7470 p:3/30)
  E230/300 Loss:3.643 lr:1.50e-04 0s
  >> Val MRR:0.7495 H@1:65.2% H@10:95.2% ** BEST **
  >> Val MRR:0.7471 (best:0.7495 p:1/30)
  E240/300 Loss:3.637 lr:4.50e-05 0s
  >> Val MRR:0.7455 (best:0.7495 p:2/30)
  >> Val MRR:0.7461 (best:0.7495 p:3/30)
  E250/300 Loss:3.634 lr:4.50e-05 0s
  E260/300 Loss:3.635 lr:4.50e-05 0s
  E270/300 Loss:3.638 lr:4.50e-05 0s
  E280/300 Loss:3.630 lr:4.50e-05 0s
  >> Val MRR:0.7468 (best:0.7495 p:10/30)
  E290/300 Loss:3.634 lr:4.50e-05 0s
  E300/300 Loss:3.631 lr:4.50e-05 0s
  Training done: 21s, best_val_MRR=0.7495
  Full test evaluation (1074 triples)...

  FINAL TEST: MRR=0.7093 H@1=58.7% H@3=78.9% H@10=95.3%
  Saved: /home/shanxh/NM-NBFNet/Kinship_d200_L2_ls0.3_seed123.json

=== CUDA3 smallkg_6seed: Kinship DistMult seed 456 d200 L2 batch1024 chunk0 ===
Device: cuda, AMP: True
GPU: NVIDIA GeForce RTX 2080 Ti, 11.3 GB
======================================================================
CompGCN+DistMult | Kinship | seed=456
d_h=200 L=2 lr=0.0005 ls=0.3 epochs=300
======================================================================
  KG: 104 ent, 50 rel, 17088 edges
  Train/Val/Test: 8544/1068/1074
  Params: 212,400
  Training: epochs=300, lr=0.0005, batch=1024, ls=0.3
  Steps/epoch: 8
  E  1/300 Loss:5.439 lr:5.00e-04 0s
  >> Val MRR:0.0677 H@1:1.6% H@10:15.0% ** BEST **
  E 10/300 Loss:4.493 lr:5.00e-04 0s
  >> Val MRR:0.2063 H@1:9.0% H@10:46.0% ** BEST **
  >> Val MRR:0.3562 H@1:20.6% H@10:72.4% ** BEST **
  E 20/300 Loss:4.053 lr:5.00e-04 0s
  >> Val MRR:0.4448 H@1:28.4% H@10:81.8% ** BEST **
  >> Val MRR:0.5072 H@1:35.2% H@10:87.0% ** BEST **
  E 30/300 Loss:3.923 lr:5.00e-04 0s
  >> Val MRR:0.5550 H@1:40.8% H@10:90.2% ** BEST **
  >> Val MRR:0.5807 H@1:43.4% H@10:90.8% ** BEST **
  E 40/300 Loss:3.854 lr:5.00e-04 0s
  >> Val MRR:0.5937 H@1:44.2% H@10:92.2% ** BEST **
  >> Val MRR:0.6191 H@1:47.8% H@10:93.2% ** BEST **
  E 50/300 Loss:3.813 lr:5.00e-04 0s
  >> Val MRR:0.6378 H@1:50.2% H@10:93.2% ** BEST **
  >> Val MRR:0.6483 H@1:50.8% H@10:92.8% ** BEST **
  E 60/300 Loss:3.785 lr:5.00e-04 0s
  >> Val MRR:0.6527 H@1:50.6% H@10:93.6% ** BEST **
  >> Val MRR:0.6657 H@1:52.8% H@10:93.6% ** BEST **
  E 70/300 Loss:3.759 lr:5.00e-04 0s
  >> Val MRR:0.6619 (best:0.6657 p:1/30)
  >> Val MRR:0.6754 H@1:54.4% H@10:94.6% ** BEST **
  E 80/300 Loss:3.748 lr:5.00e-04 0s
  >> Val MRR:0.6842 H@1:55.6% H@10:94.4% ** BEST **
  >> Val MRR:0.6890 H@1:56.2% H@10:94.6% ** BEST **
  E 90/300 Loss:3.728 lr:5.00e-04 0s
  >> Val MRR:0.7014 H@1:58.0% H@10:94.6% ** BEST **
  >> Val MRR:0.7015 H@1:57.8% H@10:94.2% ** BEST **
  E100/300 Loss:3.707 lr:5.00e-04 0s
  >> Val MRR:0.7083 H@1:59.2% H@10:94.4% ** BEST **
  >> Val MRR:0.7231 H@1:61.2% H@10:95.0% ** BEST **
  E110/300 Loss:3.695 lr:5.00e-04 0s
  >> Val MRR:0.7143 (best:0.7231 p:1/30)
  >> Val MRR:0.7212 (best:0.7231 p:2/30)
  E120/300 Loss:3.683 lr:5.00e-04 0s
  >> Val MRR:0.7201 (best:0.7231 p:3/30)
  E130/300 Loss:3.681 lr:5.00e-04 0s
  >> Val MRR:0.7266 H@1:61.4% H@10:95.0% ** BEST **
  E140/300 Loss:3.671 lr:5.00e-04 0s
  >> Val MRR:0.7297 H@1:62.2% H@10:95.0% ** BEST **
  >> Val MRR:0.7242 (best:0.7297 p:1/30)
  E150/300 Loss:3.671 lr:5.00e-04 0s
  >> Val MRR:0.7279 (best:0.7297 p:2/30)
  >> Val MRR:0.7308 H@1:62.6% H@10:94.6% ** BEST **
  E160/300 Loss:3.663 lr:5.00e-04 0s
  >> Val MRR:0.7314 H@1:62.2% H@10:94.8% ** BEST **
  >> Val MRR:0.7203 (best:0.7314 p:1/30)
  E170/300 Loss:3.658 lr:5.00e-04 0s
  >> Val MRR:0.7264 (best:0.7314 p:2/30)
  >> Val MRR:0.7290 (best:0.7314 p:3/30)
  E180/300 Loss:3.651 lr:1.50e-04 0s
  >> Val MRR:0.7329 H@1:62.4% H@10:95.2% ** BEST **
  >> Val MRR:0.7279 (best:0.7329 p:1/30)
  E190/300 Loss:3.649 lr:1.50e-04 0s
  >> Val MRR:0.7289 (best:0.7329 p:2/30)
  >> Val MRR:0.7301 (best:0.7329 p:3/30)
  E200/300 Loss:3.639 lr:1.50e-04 0s
  >> Val MRR:0.7331 H@1:62.4% H@10:95.2% ** BEST **
  E210/300 Loss:3.640 lr:1.50e-04 0s
  >> Val MRR:0.7333 H@1:62.6% H@10:95.2% ** BEST **
  >> Val MRR:0.7306 (best:0.7333 p:1/30)
  E220/300 Loss:3.637 lr:1.50e-04 0s
  >> Val MRR:0.7345 H@1:62.8% H@10:95.0% ** BEST **
  >> Val MRR:0.7353 H@1:63.0% H@10:95.4% ** BEST **
  E230/300 Loss:3.639 lr:1.50e-04 0s
  >> Val MRR:0.7339 (best:0.7353 p:1/30)
  >> Val MRR:0.7344 (best:0.7353 p:2/30)
  E240/300 Loss:3.639 lr:4.50e-05 0s
  >> Val MRR:0.7372 H@1:63.4% H@10:95.2% ** BEST **
  >> Val MRR:0.7373 H@1:63.2% H@10:95.2% ** BEST **
  E250/300 Loss:3.641 lr:4.50e-05 0s
  >> Val MRR:0.7384 H@1:63.4% H@10:95.2% ** BEST **
  >> Val MRR:0.7355 (best:0.7384 p:1/30)
  E260/300 Loss:3.638 lr:4.50e-05 0s
  >> Val MRR:0.7368 (best:0.7384 p:2/30)
  >> Val MRR:0.7368 (best:0.7384 p:3/30)
  E270/300 Loss:3.638 lr:4.50e-05 0s
  E280/300 Loss:3.632 lr:4.50e-05 0s
  E290/300 Loss:3.635 lr:4.50e-05 0s
  >> Val MRR:0.7396 H@1:63.6% H@10:95.2% ** BEST **
  >> Val MRR:0.7358 (best:0.7396 p:1/30)
  E300/300 Loss:3.636 lr:4.50e-05 0s
  >> Val MRR:0.7397 H@1:63.6% H@10:95.2% ** BEST **
  Training done: 19s, best_val_MRR=0.7397
  Full test evaluation (1074 triples)...

  FINAL TEST: MRR=0.7013 H@1=57.8% H@3=77.8% H@10=95.0%
  Saved: /home/shanxh/NM-NBFNet/Kinship_d200_L2_ls0.3_seed456.json

=== CUDA3 smallkg_6seed: Kinship DistMult seed 777 d200 L2 batch1024 chunk0 ===
Device: cuda, AMP: True
GPU: NVIDIA GeForce RTX 2080 Ti, 11.3 GB
======================================================================
CompGCN+DistMult | Kinship | seed=777
d_h=200 L=2 lr=0.0005 ls=0.3 epochs=300
======================================================================
  KG: 104 ent, 50 rel, 17088 edges
  Train/Val/Test: 8544/1068/1074
  Params: 212,400
  Training: epochs=300, lr=0.0005, batch=1024, ls=0.3
  Steps/epoch: 8
  E  1/300 Loss:5.468 lr:5.00e-04 0s
  >> Val MRR:0.0708 H@1:1.4% H@10:13.6% ** BEST **
  E 10/300 Loss:4.526 lr:5.00e-04 0s
  >> Val MRR:0.2049 H@1:10.2% H@10:41.8% ** BEST **
  >> Val MRR:0.3762 H@1:24.8% H@10:70.2% ** BEST **
  E 20/300 Loss:4.066 lr:5.00e-04 0s
  >> Val MRR:0.4667 H@1:31.0% H@10:83.0% ** BEST **
  >> Val MRR:0.5307 H@1:38.0% H@10:88.6% ** BEST **
  E 30/300 Loss:3.935 lr:5.00e-04 0s
  >> Val MRR:0.5567 H@1:40.4% H@10:90.4% ** BEST **
  >> Val MRR:0.5793 H@1:41.8% H@10:92.0% ** BEST **
  E 40/300 Loss:3.864 lr:5.00e-04 0s
  >> Val MRR:0.6144 H@1:46.6% H@10:92.4% ** BEST **
  >> Val MRR:0.6255 H@1:48.2% H@10:93.0% ** BEST **
  E 50/300 Loss:3.815 lr:5.00e-04 0s
  >> Val MRR:0.6430 H@1:50.4% H@10:94.0% ** BEST **
  >> Val MRR:0.6609 H@1:53.2% H@10:94.0% ** BEST **
  E 60/300 Loss:3.792 lr:5.00e-04 0s
  >> Val MRR:0.6727 H@1:54.4% H@10:94.2% ** BEST **
  >> Val MRR:0.6768 H@1:55.0% H@10:94.4% ** BEST **
  E 70/300 Loss:3.771 lr:5.00e-04 0s
  >> Val MRR:0.6881 H@1:56.2% H@10:93.8% ** BEST **
  >> Val MRR:0.6888 H@1:55.8% H@10:94.2% ** BEST **
  E 80/300 Loss:3.751 lr:5.00e-04 0s
  >> Val MRR:0.6969 H@1:56.8% H@10:94.4% ** BEST **
  >> Val MRR:0.7078 H@1:59.0% H@10:95.4% ** BEST **
  E 90/300 Loss:3.727 lr:5.00e-04 0s
  >> Val MRR:0.7052 (best:0.7078 p:1/30)
  >> Val MRR:0.7140 H@1:60.0% H@10:94.2% ** BEST **
  E100/300 Loss:3.713 lr:5.00e-04 0s
  >> Val MRR:0.7163 H@1:60.0% H@10:94.6% ** BEST **
  >> Val MRR:0.7224 H@1:61.0% H@10:94.8% ** BEST **
  E110/300 Loss:3.698 lr:5.00e-04 0s
  >> Val MRR:0.7240 H@1:61.6% H@10:95.0% ** BEST **
  >> Val MRR:0.7307 H@1:62.4% H@10:94.8% ** BEST **
  E120/300 Loss:3.692 lr:5.00e-04 0s
  >> Val MRR:0.7306 (best:0.7307 p:1/30)
  >> Val MRR:0.7235 (best:0.7307 p:2/30)
  E130/300 Loss:3.680 lr:5.00e-04 0s
  >> Val MRR:0.7337 H@1:62.2% H@10:94.6% ** BEST **
  >> Val MRR:0.7326 (best:0.7337 p:1/30)
  E140/300 Loss:3.674 lr:5.00e-04 0s
  >> Val MRR:0.7310 (best:0.7337 p:2/30)
  >> Val MRR:0.7271 (best:0.7337 p:3/30)
  E150/300 Loss:3.669 lr:5.00e-04 0s
  >> Val MRR:0.7337 H@1:62.6% H@10:94.8% ** BEST **
  >> Val MRR:0.7377 H@1:63.6% H@10:95.2% ** BEST **
  E160/300 Loss:3.664 lr:5.00e-04 0s
  >> Val MRR:0.7313 (best:0.7377 p:1/30)
  >> Val MRR:0.7331 (best:0.7377 p:2/30)
  E170/300 Loss:3.652 lr:5.00e-04 0s
  >> Val MRR:0.7367 (best:0.7377 p:3/30)
  E180/300 Loss:3.652 lr:1.50e-04 0s
  E190/300 Loss:3.647 lr:1.50e-04 0s
  E200/300 Loss:3.640 lr:1.50e-04 0s
  >> Val MRR:0.7296 (best:0.7377 p:10/30)
  E210/300 Loss:3.644 lr:1.50e-04 0s
  E220/300 Loss:3.637 lr:1.50e-04 0s
  E230/300 Loss:3.639 lr:1.50e-04 0s
  >> Val MRR:0.7429 H@1:64.0% H@10:94.6% ** BEST **
  >> Val MRR:0.7408 (best:0.7429 p:1/30)
  E240/300 Loss:3.631 lr:4.50e-05 0s
  >> Val MRR:0.7389 (best:0.7429 p:2/30)
  >> Val MRR:0.7384 (best:0.7429 p:3/30)
  E250/300 Loss:3.636 lr:4.50e-05 0s
  E260/300 Loss:3.637 lr:4.50e-05 0s
  E270/300 Loss:3.640 lr:4.50e-05 0s
  E280/300 Loss:3.636 lr:4.50e-05 0s
  >> Val MRR:0.7427 (best:0.7429 p:10/30)
  E290/300 Loss:3.637 lr:4.50e-05 0s
  E300/300 Loss:3.635 lr:4.50e-05 0s
  Training done: 19s, best_val_MRR=0.7429
  Full test evaluation (1074 triples)...

  FINAL TEST: MRR=0.7105 H@1=58.4% H@3=79.8% H@10=94.9%
  Saved: /home/shanxh/NM-NBFNet/Kinship_d200_L2_ls0.3_seed777.json

=== CUDA3 smallkg_6seed: Kinship DistMult seed 888 d200 L2 batch1024 chunk0 ===
Device: cuda, AMP: True
GPU: NVIDIA GeForce RTX 2080 Ti, 11.3 GB
======================================================================
CompGCN+DistMult | Kinship | seed=888
d_h=200 L=2 lr=0.0005 ls=0.3 epochs=300
======================================================================
  KG: 104 ent, 50 rel, 17088 edges
  Train/Val/Test: 8544/1068/1074
  Params: 212,400
  Training: epochs=300, lr=0.0005, batch=1024, ls=0.3
  Steps/epoch: 8
  E  1/300 Loss:5.430 lr:5.00e-04 0s
  >> Val MRR:0.0596 H@1:1.0% H@10:11.6% ** BEST **
  E 10/300 Loss:4.533 lr:5.00e-04 0s
  >> Val MRR:0.1970 H@1:9.6% H@10:41.6% ** BEST **
  >> Val MRR:0.3643 H@1:21.0% H@10:72.2% ** BEST **
  E 20/300 Loss:4.059 lr:5.00e-04 0s
  >> Val MRR:0.4826 H@1:33.0% H@10:81.6% ** BEST **
  >> Val MRR:0.5393 H@1:39.4% H@10:85.8% ** BEST **
  E 30/300 Loss:3.927 lr:5.00e-04 0s
  >> Val MRR:0.5843 H@1:44.8% H@10:88.8% ** BEST **
  >> Val MRR:0.6090 H@1:46.4% H@10:90.6% ** BEST **
  E 40/300 Loss:3.856 lr:5.00e-04 0s
  >> Val MRR:0.6378 H@1:50.0% H@10:91.2% ** BEST **
  >> Val MRR:0.6474 H@1:50.8% H@10:92.8% ** BEST **
  E 50/300 Loss:3.807 lr:5.00e-04 0s
  >> Val MRR:0.6577 H@1:51.6% H@10:93.0% ** BEST **
  >> Val MRR:0.6770 H@1:54.6% H@10:93.2% ** BEST **
  E 60/300 Loss:3.776 lr:5.00e-04 0s
  >> Val MRR:0.6853 H@1:56.0% H@10:93.4% ** BEST **
  >> Val MRR:0.6896 H@1:56.8% H@10:93.2% ** BEST **
  E 70/300 Loss:3.754 lr:5.00e-04 0s
  >> Val MRR:0.6944 H@1:57.0% H@10:93.4% ** BEST **
  >> Val MRR:0.7076 H@1:59.0% H@10:94.0% ** BEST **
  E 80/300 Loss:3.734 lr:5.00e-04 0s
  >> Val MRR:0.7102 H@1:59.4% H@10:93.6% ** BEST **
  >> Val MRR:0.7167 H@1:59.8% H@10:93.8% ** BEST **
  E 90/300 Loss:3.714 lr:5.00e-04 0s
  >> Val MRR:0.7210 H@1:60.6% H@10:93.8% ** BEST **
  >> Val MRR:0.7280 H@1:62.0% H@10:94.0% ** BEST **
  E100/300 Loss:3.703 lr:5.00e-04 0s
  >> Val MRR:0.7352 H@1:62.8% H@10:94.0% ** BEST **
  >> Val MRR:0.7372 H@1:62.8% H@10:94.2% ** BEST **
  E110/300 Loss:3.695 lr:5.00e-04 0s
  >> Val MRR:0.7420 H@1:63.4% H@10:93.8% ** BEST **
  >> Val MRR:0.7375 (best:0.7420 p:1/30)
  E120/300 Loss:3.684 lr:5.00e-04 0s
  >> Val MRR:0.7303 (best:0.7420 p:2/30)
  >> Val MRR:0.7413 (best:0.7420 p:3/30)
  E130/300 Loss:3.679 lr:5.00e-04 0s
  E140/300 Loss:3.669 lr:5.00e-04 0s
  >> Val MRR:0.7474 H@1:64.2% H@10:94.0% ** BEST **
  >> Val MRR:0.7501 H@1:64.4% H@10:94.0% ** BEST **
  E150/300 Loss:3.666 lr:5.00e-04 0s
  >> Val MRR:0.7522 H@1:64.8% H@10:94.0% ** BEST **
  >> Val MRR:0.7493 (best:0.7522 p:1/30)
  E160/300 Loss:3.660 lr:5.00e-04 0s
  >> Val MRR:0.7483 (best:0.7522 p:2/30)
  >> Val MRR:0.7539 H@1:65.0% H@10:94.0% ** BEST **
  E170/300 Loss:3.653 lr:5.00e-04 0s
  >> Val MRR:0.7500 (best:0.7539 p:1/30)
  >> Val MRR:0.7539 (best:0.7539 p:2/30)
  E180/300 Loss:3.653 lr:1.50e-04 0s
  >> Val MRR:0.7522 (best:0.7539 p:3/30)
  >> Val MRR:0.7540 H@1:65.4% H@10:94.0% ** BEST **
  E190/300 Loss:3.644 lr:1.50e-04 0s
  >> Val MRR:0.7583 H@1:66.2% H@10:93.8% ** BEST **
  >> Val MRR:0.7553 (best:0.7583 p:1/30)
  E200/300 Loss:3.638 lr:1.50e-04 0s
  >> Val MRR:0.7525 (best:0.7583 p:2/30)
  >> Val MRR:0.7509 (best:0.7583 p:3/30)
  E210/300 Loss:3.646 lr:1.50e-04 0s
  E220/300 Loss:3.638 lr:1.50e-04 0s
  E230/300 Loss:3.638 lr:1.50e-04 0s
  E240/300 Loss:3.631 lr:4.50e-05 0s
  >> Val MRR:0.7553 (best:0.7583 p:10/30)
  E250/300 Loss:3.636 lr:4.50e-05 0s
  E260/300 Loss:3.630 lr:4.50e-05 0s
  E270/300 Loss:3.626 lr:4.50e-05 0s
  E280/300 Loss:3.631 lr:4.50e-05 0s
  E290/300 Loss:3.634 lr:4.50e-05 0s
  >> Val MRR:0.7539 (best:0.7583 p:20/30)
  E300/300 Loss:3.627 lr:4.50e-05 0s
  Training done: 20s, best_val_MRR=0.7583
  Full test evaluation (1074 triples)...

  FINAL TEST: MRR=0.7149 H@1=58.8% H@3=80.2% H@10=95.5%
  Saved: /home/shanxh/NM-NBFNet/Kinship_d200_L2_ls0.3_seed888.json

=== CUDA3 smallkg_6seed: Kinship DistMult seed 999 d200 L2 batch1024 chunk0 ===
Device: cuda, AMP: True
GPU: NVIDIA GeForce RTX 2080 Ti, 11.3 GB
======================================================================
CompGCN+DistMult | Kinship | seed=999
d_h=200 L=2 lr=0.0005 ls=0.3 epochs=300
======================================================================
  KG: 104 ent, 50 rel, 17088 edges
  Train/Val/Test: 8544/1068/1074
  Params: 212,400
  Training: epochs=300, lr=0.0005, batch=1024, ls=0.3
  Steps/epoch: 8
  E  1/300 Loss:5.402 lr:5.00e-04 0s
  >> Val MRR:0.0682 H@1:2.0% H@10:14.0% ** BEST **
  E 10/300 Loss:4.510 lr:5.00e-04 0s
  >> Val MRR:0.2065 H@1:10.4% H@10:40.8% ** BEST **
  >> Val MRR:0.3628 H@1:20.6% H@10:73.2% ** BEST **
  E 20/300 Loss:4.048 lr:5.00e-04 0s
  >> Val MRR:0.4727 H@1:31.0% H@10:84.4% ** BEST **
  >> Val MRR:0.5433 H@1:38.4% H@10:88.4% ** BEST **
  E 30/300 Loss:3.926 lr:5.00e-04 0s
  >> Val MRR:0.5886 H@1:43.8% H@10:91.2% ** BEST **
  >> Val MRR:0.6057 H@1:45.8% H@10:92.0% ** BEST **
  E 40/300 Loss:3.848 lr:5.00e-04 0s
  >> Val MRR:0.6363 H@1:49.8% H@10:92.0% ** BEST **
  >> Val MRR:0.6507 H@1:51.8% H@10:93.0% ** BEST **
  E 50/300 Loss:3.804 lr:5.00e-04 0s
  >> Val MRR:0.6680 H@1:54.2% H@10:94.2% ** BEST **
  >> Val MRR:0.6798 H@1:55.0% H@10:93.0% ** BEST **
  E 60/300 Loss:3.779 lr:5.00e-04 0s
  >> Val MRR:0.6878 H@1:56.2% H@10:93.2% ** BEST **
  >> Val MRR:0.7033 H@1:58.2% H@10:93.6% ** BEST **
  E 70/300 Loss:3.754 lr:5.00e-04 0s
  >> Val MRR:0.7076 H@1:59.0% H@10:93.2% ** BEST **
  >> Val MRR:0.7100 H@1:59.6% H@10:93.6% ** BEST **
  E 80/300 Loss:3.743 lr:5.00e-04 0s
  >> Val MRR:0.7046 (best:0.7100 p:1/30)
  >> Val MRR:0.7121 H@1:60.0% H@10:94.2% ** BEST **
  E 90/300 Loss:3.725 lr:5.00e-04 0s
  >> Val MRR:0.7125 H@1:60.2% H@10:94.2% ** BEST **
  >> Val MRR:0.7265 H@1:62.4% H@10:94.2% ** BEST **
  E100/300 Loss:3.709 lr:5.00e-04 0s
  >> Val MRR:0.7201 (best:0.7265 p:1/30)
  >> Val MRR:0.7248 (best:0.7265 p:2/30)
  E110/300 Loss:3.691 lr:5.00e-04 0s
  >> Val MRR:0.7187 (best:0.7265 p:3/30)
  E120/300 Loss:3.686 lr:5.00e-04 0s
  >> Val MRR:0.7274 H@1:61.8% H@10:94.8% ** BEST **
  E130/300 Loss:3.679 lr:5.00e-04 0s
  >> Val MRR:0.7280 H@1:62.2% H@10:95.0% ** BEST **
  >> Val MRR:0.7221 (best:0.7280 p:1/30)
  E140/300 Loss:3.669 lr:5.00e-04 0s
  >> Val MRR:0.7238 (best:0.7280 p:2/30)
  >> Val MRR:0.7251 (best:0.7280 p:3/30)
  E150/300 Loss:3.665 lr:5.00e-04 0s
  E160/300 Loss:3.658 lr:5.00e-04 0s
  E170/300 Loss:3.653 lr:5.00e-04 0s
  >> Val MRR:0.7322 H@1:61.8% H@10:94.6% ** BEST **
  >> Val MRR:0.7316 (best:0.7322 p:1/30)
  E180/300 Loss:3.644 lr:1.50e-04 0s
  >> Val MRR:0.7286 (best:0.7322 p:2/30)
  >> Val MRR:0.7258 (best:0.7322 p:3/30)
  E190/300 Loss:3.642 lr:1.50e-04 0s
  E200/300 Loss:3.638 lr:1.50e-04 0s
  E210/300 Loss:3.638 lr:1.50e-04 0s
  E220/300 Loss:3.638 lr:1.50e-04 0s
  >> Val MRR:0.7302 (best:0.7322 p:10/30)
  >> Val MRR:0.7331 H@1:61.8% H@10:95.0% ** BEST **
  E230/300 Loss:3.643 lr:1.50e-04 0s
  >> Val MRR:0.7384 H@1:63.0% H@10:94.8% ** BEST **
  >> Val MRR:0.7339 (best:0.7384 p:1/30)
  E240/300 Loss:3.636 lr:4.50e-05 0s
  >> Val MRR:0.7335 (best:0.7384 p:2/30)
  >> Val MRR:0.7326 (best:0.7384 p:3/30)
  E250/300 Loss:3.630 lr:4.50e-05 0s
  E260/300 Loss:3.635 lr:4.50e-05 0s
  E270/300 Loss:3.629 lr:4.50e-05 0s
  E280/300 Loss:3.633 lr:4.50e-05 0s
  >> Val MRR:0.7345 (best:0.7384 p:10/30)
  E290/300 Loss:3.631 lr:4.50e-05 0s
  E300/300 Loss:3.629 lr:4.50e-05 0s
  Training done: 18s, best_val_MRR=0.7384
  Full test evaluation (1074 triples)...

  FINAL TEST: MRR=0.7177 H@1=59.2% H@3=79.8% H@10=95.9%
  Saved: /home/shanxh/NM-NBFNet/Kinship_d200_L2_ls0.3_seed999.json

=== CUDA3 smallkg_6seed: Kinship ComplEx seed 42 d200 L2 batch1024 chunk0 ===
Device: cuda, AMP: True
GPU: NVIDIA GeForce RTX 2080 Ti, 11.3 GB
======================================================================
CompGCN+DistMult | Kinship | seed=42
d_h=200 L=2 lr=0.0005 ls=0.3 epochs=300
======================================================================
  KG: 104 ent, 50 rel, 17088 edges
  Train/Val/Test: 8544/1068/1074
  Params: 212,400
  Training: epochs=300, lr=0.0005, batch=1024, ls=0.3
  Steps/epoch: 8
  E  1/300 Loss:7.134 lr:5.00e-04 0s
  >> Val MRR:0.0681 H@1:1.8% H@10:13.0% ** BEST **
  E 10/300 Loss:5.411 lr:5.00e-04 0s
  >> Val MRR:0.0868 H@1:2.0% H@10:19.4% ** BEST **
  >> Val MRR:0.1940 H@1:9.4% H@10:38.8% ** BEST **
  E 20/300 Loss:4.504 lr:5.00e-04 0s
  >> Val MRR:0.3265 H@1:19.0% H@10:60.4% ** BEST **
  >> Val MRR:0.4418 H@1:29.8% H@10:76.0% ** BEST **
  E 30/300 Loss:4.121 lr:5.00e-04 0s
  >> Val MRR:0.5228 H@1:37.0% H@10:84.8% ** BEST **
  >> Val MRR:0.5907 H@1:43.8% H@10:90.0% ** BEST **
  E 40/300 Loss:3.959 lr:5.00e-04 0s
  >> Val MRR:0.6395 H@1:49.0% H@10:92.0% ** BEST **
  >> Val MRR:0.6599 H@1:51.0% H@10:93.2% ** BEST **
  E 50/300 Loss:3.862 lr:5.00e-04 0s
  >> Val MRR:0.6824 H@1:53.0% H@10:95.4% ** BEST **
  >> Val MRR:0.7098 H@1:56.6% H@10:95.6% ** BEST **
  E 60/300 Loss:3.801 lr:5.00e-04 0s
  >> Val MRR:0.7264 H@1:58.4% H@10:96.0% ** BEST **
  >> Val MRR:0.7456 H@1:61.4% H@10:96.0% ** BEST **
  E 70/300 Loss:3.763 lr:5.00e-04 0s
  >> Val MRR:0.7553 H@1:62.8% H@10:95.8% ** BEST **
  >> Val MRR:0.7725 H@1:65.2% H@10:96.2% ** BEST **
  E 80/300 Loss:3.733 lr:5.00e-04 0s
  >> Val MRR:0.7850 H@1:66.8% H@10:96.2% ** BEST **
  >> Val MRR:0.7798 (best:0.7850 p:1/30)
  E 90/300 Loss:3.709 lr:5.00e-04 0s
  >> Val MRR:0.7935 H@1:68.0% H@10:96.6% ** BEST **
  >> Val MRR:0.8036 H@1:69.6% H@10:96.8% ** BEST **
  E100/300 Loss:3.692 lr:5.00e-04 0s
  >> Val MRR:0.8076 H@1:69.8% H@10:96.6% ** BEST **
  >> Val MRR:0.8173 H@1:71.8% H@10:96.6% ** BEST **
  E110/300 Loss:3.676 lr:5.00e-04 0s
  >> Val MRR:0.8205 H@1:72.4% H@10:97.0% ** BEST **
  >> Val MRR:0.8263 H@1:73.4% H@10:97.0% ** BEST **
  E120/300 Loss:3.657 lr:5.00e-04 0s
  >> Val MRR:0.8279 H@1:73.4% H@10:97.4% ** BEST **
  >> Val MRR:0.8312 H@1:73.8% H@10:97.4% ** BEST **
  E130/300 Loss:3.649 lr:5.00e-04 0s
  >> Val MRR:0.8379 H@1:75.2% H@10:97.8% ** BEST **
  >> Val MRR:0.8349 (best:0.8379 p:1/30)
  E140/300 Loss:3.642 lr:5.00e-04 0s
  >> Val MRR:0.8383 H@1:74.6% H@10:97.8% ** BEST **
  >> Val MRR:0.8397 H@1:74.8% H@10:97.6% ** BEST **
  E150/300 Loss:3.629 lr:5.00e-04 0s
  >> Val MRR:0.8315 (best:0.8397 p:1/30)
  >> Val MRR:0.8427 H@1:75.0% H@10:97.6% ** BEST **
  E160/300 Loss:3.621 lr:5.00e-04 0s
  >> Val MRR:0.8459 H@1:75.8% H@10:98.0% ** BEST **
  >> Val MRR:0.8396 (best:0.8459 p:1/30)
  E170/300 Loss:3.612 lr:5.00e-04 0s
  >> Val MRR:0.8474 H@1:76.2% H@10:98.2% ** BEST **
  >> Val MRR:0.8490 H@1:76.2% H@10:97.6% ** BEST **
  E180/300 Loss:3.609 lr:1.50e-04 0s
  >> Val MRR:0.8510 H@1:76.8% H@10:97.6% ** BEST **
  >> Val MRR:0.8499 (best:0.8510 p:1/30)
  E190/300 Loss:3.602 lr:1.50e-04 0s
  >> Val MRR:0.8515 H@1:76.8% H@10:97.8% ** BEST **
  >> Val MRR:0.8540 H@1:77.0% H@10:97.8% ** BEST **
  E200/300 Loss:3.600 lr:1.50e-04 0s
  >> Val MRR:0.8525 (best:0.8540 p:1/30)
  >> Val MRR:0.8562 H@1:77.2% H@10:97.8% ** BEST **
  E210/300 Loss:3.594 lr:1.50e-04 0s
  >> Val MRR:0.8557 (best:0.8562 p:1/30)
  >> Val MRR:0.8580 H@1:77.4% H@10:97.6% ** BEST **
  E220/300 Loss:3.585 lr:1.50e-04 0s
  >> Val MRR:0.8600 H@1:78.0% H@10:97.6% ** BEST **
  >> Val MRR:0.8611 H@1:78.2% H@10:98.0% ** BEST **
  E230/300 Loss:3.592 lr:1.50e-04 0s
  >> Val MRR:0.8612 H@1:78.2% H@10:98.0% ** BEST **
  >> Val MRR:0.8610 (best:0.8612 p:1/30)
  E240/300 Loss:3.589 lr:4.50e-05 0s
  >> Val MRR:0.8635 H@1:78.6% H@10:98.0% ** BEST **
  >> Val MRR:0.8640 H@1:78.8% H@10:98.0% ** BEST **
  E250/300 Loss:3.589 lr:4.50e-05 0s
  >> Val MRR:0.8629 (best:0.8640 p:1/30)
  >> Val MRR:0.8629 (best:0.8640 p:2/30)
  E260/300 Loss:3.585 lr:4.50e-05 0s
  >> Val MRR:0.8647 H@1:78.8% H@10:97.8% ** BEST **
  >> Val MRR:0.8637 (best:0.8647 p:1/30)
  E270/300 Loss:3.599 lr:4.50e-05 0s
  >> Val MRR:0.8627 (best:0.8647 p:2/30)
  >> Val MRR:0.8620 (best:0.8647 p:3/30)
  E280/300 Loss:3.582 lr:4.50e-05 0s
  E290/300 Loss:3.587 lr:4.50e-05 0s
  E300/300 Loss:3.583 lr:4.50e-05 0s
  >> Val MRR:0.8662 H@1:79.0% H@10:97.8% ** BEST **
  Training done: 21s, best_val_MRR=0.8662
  Full test evaluation (1074 triples)...

  FINAL TEST: MRR=0.8602 H@1=77.9% H@3=93.1% H@10=98.5%
  Saved: /home/shanxh/NM-NBFNet/Kinship_d200_L2_ls0.3_ComplEx_seed42.json

=== CUDA3 smallkg_6seed: Kinship ComplEx seed 123 d200 L2 batch1024 chunk0 ===
Device: cuda, AMP: True
GPU: NVIDIA GeForce RTX 2080 Ti, 11.3 GB
======================================================================
CompGCN+DistMult | Kinship | seed=123
d_h=200 L=2 lr=0.0005 ls=0.3 epochs=300
======================================================================
  KG: 104 ent, 50 rel, 17088 edges
  Train/Val/Test: 8544/1068/1074
  Params: 212,400
  Training: epochs=300, lr=0.0005, batch=1024, ls=0.3
  Steps/epoch: 8
  E  1/300 Loss:7.054 lr:5.00e-04 0s
  >> Val MRR:0.0644 H@1:1.8% H@10:11.8% ** BEST **
  E 10/300 Loss:5.394 lr:5.00e-04 0s
  >> Val MRR:0.1083 H@1:2.8% H@10:24.0% ** BEST **
  >> Val MRR:0.2180 H@1:11.4% H@10:44.0% ** BEST **
  E 20/300 Loss:4.488 lr:5.00e-04 0s
  >> Val MRR:0.3341 H@1:19.6% H@10:63.4% ** BEST **
  >> Val MRR:0.4320 H@1:27.8% H@10:77.2% ** BEST **
  E 30/300 Loss:4.135 lr:5.00e-04 0s
  >> Val MRR:0.5004 H@1:34.2% H@10:86.8% ** BEST **
  >> Val MRR:0.5645 H@1:40.6% H@10:90.2% ** BEST **
  E 40/300 Loss:3.961 lr:5.00e-04 0s
  >> Val MRR:0.6211 H@1:47.6% H@10:93.0% ** BEST **
  >> Val MRR:0.6654 H@1:52.8% H@10:93.6% ** BEST **
  E 50/300 Loss:3.865 lr:5.00e-04 0s
  >> Val MRR:0.6868 H@1:55.4% H@10:94.2% ** BEST **
  >> Val MRR:0.7088 H@1:58.0% H@10:95.0% ** BEST **
  E 60/300 Loss:3.803 lr:5.00e-04 0s
  >> Val MRR:0.7304 H@1:61.2% H@10:95.2% ** BEST **
  >> Val MRR:0.7451 H@1:63.0% H@10:95.8% ** BEST **
  E 70/300 Loss:3.766 lr:5.00e-04 0s
  >> Val MRR:0.7558 H@1:64.2% H@10:96.2% ** BEST **
  >> Val MRR:0.7661 H@1:66.0% H@10:96.2% ** BEST **
  E 80/300 Loss:3.735 lr:5.00e-04 0s
  >> Val MRR:0.7811 H@1:68.0% H@10:96.2% ** BEST **
  >> Val MRR:0.7867 H@1:68.6% H@10:96.6% ** BEST **
  E 90/300 Loss:3.715 lr:5.00e-04 0s
  >> Val MRR:0.7870 H@1:68.2% H@10:96.6% ** BEST **
  >> Val MRR:0.7962 H@1:69.4% H@10:97.0% ** BEST **
  E100/300 Loss:3.692 lr:5.00e-04 0s
  >> Val MRR:0.8028 H@1:70.4% H@10:96.6% ** BEST **
  >> Val MRR:0.8089 H@1:71.4% H@10:96.4% ** BEST **
  E110/300 Loss:3.674 lr:5.00e-04 0s
  >> Val MRR:0.8051 (best:0.8089 p:1/30)
  >> Val MRR:0.8086 (best:0.8089 p:2/30)
  E120/300 Loss:3.661 lr:5.00e-04 0s
  >> Val MRR:0.8122 H@1:71.4% H@10:97.0% ** BEST **
  >> Val MRR:0.8232 H@1:73.2% H@10:97.0% ** BEST **
  E130/300 Loss:3.649 lr:5.00e-04 0s
  >> Val MRR:0.8280 H@1:74.0% H@10:96.8% ** BEST **
  >> Val MRR:0.8353 H@1:75.0% H@10:97.2% ** BEST **
  E140/300 Loss:3.640 lr:5.00e-04 0s
  >> Val MRR:0.8396 H@1:75.8% H@10:97.0% ** BEST **
  >> Val MRR:0.8429 H@1:76.4% H@10:97.0% ** BEST **
  E150/300 Loss:3.626 lr:5.00e-04 0s
  >> Val MRR:0.8426 (best:0.8429 p:1/30)
  >> Val MRR:0.8433 H@1:76.4% H@10:97.4% ** BEST **
  E160/300 Loss:3.619 lr:5.00e-04 0s
  >> Val MRR:0.8541 H@1:77.8% H@10:97.6% ** BEST **
  >> Val MRR:0.8533 (best:0.8541 p:1/30)
  E170/300 Loss:3.609 lr:5.00e-04 0s
  >> Val MRR:0.8529 (best:0.8541 p:2/30)
  >> Val MRR:0.8520 (best:0.8541 p:3/30)
  E180/300 Loss:3.604 lr:1.50e-04 0s
  E190/300 Loss:3.602 lr:1.50e-04 0s
  E200/300 Loss:3.602 lr:1.50e-04 0s
  E210/300 Loss:3.598 lr:1.50e-04 0s
  >> Val MRR:0.8584 H@1:78.2% H@10:97.6% ** BEST **
  >> Val MRR:0.8557 (best:0.8584 p:1/30)
  E220/300 Loss:3.595 lr:1.50e-04 0s
  >> Val MRR:0.8572 (best:0.8584 p:2/30)
  >> Val MRR:0.8566 (best:0.8584 p:3/30)
  E230/300 Loss:3.591 lr:1.50e-04 0s
  >> Val MRR:0.8603 H@1:78.8% H@10:97.6% ** BEST **
  E240/300 Loss:3.589 lr:4.50e-05 0s
  >> Val MRR:0.8611 H@1:78.8% H@10:97.6% ** BEST **
  >> Val MRR:0.8610 (best:0.8611 p:1/30)
  E250/300 Loss:3.583 lr:4.50e-05 0s
  >> Val MRR:0.8609 (best:0.8611 p:2/30)
  >> Val MRR:0.8620 H@1:78.8% H@10:97.6% ** BEST **
  E260/300 Loss:3.591 lr:4.50e-05 0s
  >> Val MRR:0.8647 H@1:79.4% H@10:97.6% ** BEST **
  >> Val MRR:0.8615 (best:0.8647 p:1/30)
  E270/300 Loss:3.583 lr:4.50e-05 0s
  >> Val MRR:0.8622 (best:0.8647 p:2/30)
  >> Val MRR:0.8601 (best:0.8647 p:3/30)
  E280/300 Loss:3.588 lr:4.50e-05 0s
  E290/300 Loss:3.586 lr:4.50e-05 0s
  E300/300 Loss:3.586 lr:4.50e-05 0s
  Training done: 21s, best_val_MRR=0.8647
  Full test evaluation (1074 triples)...

  FINAL TEST: MRR=0.8566 H@1=77.3% H@3=93.3% H@10=98.7%
  Saved: /home/shanxh/NM-NBFNet/Kinship_d200_L2_ls0.3_ComplEx_seed123.json

=== CUDA3 smallkg_6seed: Kinship ComplEx seed 456 d200 L2 batch1024 chunk0 ===
Device: cuda, AMP: True
GPU: NVIDIA GeForce RTX 2080 Ti, 11.3 GB
======================================================================
CompGCN+DistMult | Kinship | seed=456
d_h=200 L=2 lr=0.0005 ls=0.3 epochs=300
======================================================================
  KG: 104 ent, 50 rel, 17088 edges
  Train/Val/Test: 8544/1068/1074
  Params: 212,400
  Training: epochs=300, lr=0.0005, batch=1024, ls=0.3
  Steps/epoch: 8
  E  1/300 Loss:7.003 lr:5.00e-04 0s
  >> Val MRR:0.0598 H@1:1.8% H@10:10.8% ** BEST **
  E 10/300 Loss:5.362 lr:5.00e-04 0s
  >> Val MRR:0.0944 H@1:3.6% H@10:18.2% ** BEST **
  >> Val MRR:0.1918 H@1:9.6% H@10:39.4% ** BEST **
  E 20/300 Loss:4.444 lr:5.00e-04 0s
  >> Val MRR:0.3462 H@1:21.4% H@10:63.6% ** BEST **
  >> Val MRR:0.4587 H@1:32.0% H@10:76.4% ** BEST **
  E 30/300 Loss:4.111 lr:5.00e-04 0s
  >> Val MRR:0.5301 H@1:38.4% H@10:83.2% ** BEST **
  >> Val MRR:0.5884 H@1:44.0% H@10:88.2% ** BEST **
  E 40/300 Loss:3.950 lr:5.00e-04 0s
  >> Val MRR:0.6356 H@1:49.0% H@10:92.0% ** BEST **
  >> Val MRR:0.6731 H@1:53.4% H@10:92.8% ** BEST **
  E 50/300 Loss:3.866 lr:5.00e-04 0s
  >> Val MRR:0.6889 H@1:54.6% H@10:95.0% ** BEST **
  >> Val MRR:0.7105 H@1:57.4% H@10:95.2% ** BEST **
  E 60/300 Loss:3.797 lr:5.00e-04 0s
  >> Val MRR:0.7240 H@1:59.0% H@10:95.2% ** BEST **
  >> Val MRR:0.7453 H@1:62.2% H@10:95.6% ** BEST **
  E 70/300 Loss:3.767 lr:5.00e-04 0s
  >> Val MRR:0.7587 H@1:64.2% H@10:95.8% ** BEST **
  >> Val MRR:0.7661 H@1:65.4% H@10:96.0% ** BEST **
  E 80/300 Loss:3.727 lr:5.00e-04 0s
  >> Val MRR:0.7836 H@1:67.8% H@10:96.2% ** BEST **
  >> Val MRR:0.7882 H@1:68.4% H@10:96.0% ** BEST **
  E 90/300 Loss:3.699 lr:5.00e-04 0s
  >> Val MRR:0.7891 H@1:68.6% H@10:95.8% ** BEST **
  >> Val MRR:0.7908 H@1:68.4% H@10:96.4% ** BEST **
  E100/300 Loss:3.682 lr:5.00e-04 0s
  >> Val MRR:0.8016 H@1:70.4% H@10:96.4% ** BEST **
  >> Val MRR:0.8071 H@1:71.4% H@10:97.0% ** BEST **
  E110/300 Loss:3.674 lr:5.00e-04 0s
  >> Val MRR:0.8149 H@1:72.6% H@10:97.0% ** BEST **
  >> Val MRR:0.8203 H@1:73.4% H@10:96.8% ** BEST **
  E120/300 Loss:3.654 lr:5.00e-04 0s
  >> Val MRR:0.8153 (best:0.8203 p:1/30)
  >> Val MRR:0.8205 H@1:73.0% H@10:97.2% ** BEST **
  E130/300 Loss:3.644 lr:5.00e-04 0s
  >> Val MRR:0.8192 (best:0.8205 p:1/30)
  >> Val MRR:0.8200 (best:0.8205 p:2/30)
  E140/300 Loss:3.633 lr:5.00e-04 0s
  >> Val MRR:0.8307 H@1:74.2% H@10:97.6% ** BEST **
  >> Val MRR:0.8373 H@1:75.6% H@10:97.2% ** BEST **
  E150/300 Loss:3.628 lr:5.00e-04 0s
  >> Val MRR:0.8348 (best:0.8373 p:1/30)
  >> Val MRR:0.8381 H@1:75.4% H@10:97.2% ** BEST **
  E160/300 Loss:3.617 lr:5.00e-04 0s
  >> Val MRR:0.8440 H@1:76.6% H@10:97.6% ** BEST **
  >> Val MRR:0.8455 H@1:76.4% H@10:97.4% ** BEST **
  E170/300 Loss:3.613 lr:5.00e-04 0s
  >> Val MRR:0.8486 H@1:77.0% H@10:97.4% ** BEST **
  >> Val MRR:0.8519 H@1:77.4% H@10:97.4% ** BEST **
  E180/300 Loss:3.605 lr:1.50e-04 0s
  >> Val MRR:0.8473 (best:0.8519 p:1/30)
  >> Val MRR:0.8495 (best:0.8519 p:2/30)
  E190/300 Loss:3.593 lr:1.50e-04 0s
  >> Val MRR:0.8483 (best:0.8519 p:3/30)
  E200/300 Loss:3.596 lr:1.50e-04 0s
  >> Val MRR:0.8530 H@1:77.8% H@10:97.4% ** BEST **
  E210/300 Loss:3.594 lr:1.50e-04 0s
  >> Val MRR:0.8521 (best:0.8530 p:1/30)
  >> Val MRR:0.8515 (best:0.8530 p:2/30)
  E220/300 Loss:3.590 lr:1.50e-04 0s
  >> Val MRR:0.8537 H@1:77.8% H@10:97.4% ** BEST **
  >> Val MRR:0.8534 (best:0.8537 p:1/30)
  E230/300 Loss:3.593 lr:1.50e-04 0s
  >> Val MRR:0.8548 H@1:78.0% H@10:97.4% ** BEST **
  >> Val MRR:0.8612 H@1:79.0% H@10:97.4% ** BEST **
  E240/300 Loss:3.587 lr:4.50e-05 0s
  >> Val MRR:0.8597 (best:0.8612 p:1/30)
  >> Val MRR:0.8620 H@1:79.2% H@10:97.4% ** BEST **
  E250/300 Loss:3.589 lr:4.50e-05 0s
  >> Val MRR:0.8625 H@1:79.2% H@10:97.4% ** BEST **
  >> Val MRR:0.8612 (best:0.8625 p:1/30)
  E260/300 Loss:3.583 lr:4.50e-05 0s
  >> Val MRR:0.8617 (best:0.8625 p:2/30)
  >> Val MRR:0.8609 (best:0.8625 p:3/30)
  E270/300 Loss:3.586 lr:4.50e-05 0s
  E280/300 Loss:3.588 lr:4.50e-05 0s
  E290/300 Loss:3.585 lr:4.50e-05 0s
  E300/300 Loss:3.585 lr:4.50e-05 0s
  >> Val MRR:0.8602 (best:0.8625 p:10/30)
  Training done: 21s, best_val_MRR=0.8625
  Full test evaluation (1074 triples)...

  FINAL TEST: MRR=0.8455 H@1=75.5% H@3=92.6% H@10=98.0%
  Saved: /home/shanxh/NM-NBFNet/Kinship_d200_L2_ls0.3_ComplEx_seed456.json

=== CUDA3 smallkg_6seed: Kinship ComplEx seed 777 d200 L2 batch1024 chunk0 ===
Device: cuda, AMP: True
GPU: NVIDIA GeForce RTX 2080 Ti, 11.3 GB
======================================================================
CompGCN+DistMult | Kinship | seed=777
d_h=200 L=2 lr=0.0005 ls=0.3 epochs=300
======================================================================
  KG: 104 ent, 50 rel, 17088 edges
  Train/Val/Test: 8544/1068/1074
  Params: 212,400
  Training: epochs=300, lr=0.0005, batch=1024, ls=0.3
  Steps/epoch: 8
  E  1/300 Loss:7.088 lr:5.00e-04 0s
  >> Val MRR:0.0540 H@1:1.2% H@10:8.8% ** BEST **
  E 10/300 Loss:5.377 lr:5.00e-04 0s
  >> Val MRR:0.0811 H@1:2.4% H@10:16.6% ** BEST **
  >> Val MRR:0.1863 H@1:9.2% H@10:38.2% ** BEST **
  E 20/300 Loss:4.514 lr:5.00e-04 0s
  >> Val MRR:0.3275 H@1:19.8% H@10:57.2% ** BEST **
  >> Val MRR:0.4383 H@1:29.4% H@10:74.8% ** BEST **
  E 30/300 Loss:4.133 lr:5.00e-04 0s
  >> Val MRR:0.5254 H@1:37.2% H@10:83.4% ** BEST **
  >> Val MRR:0.5849 H@1:42.0% H@10:88.8% ** BEST **
  E 40/300 Loss:3.957 lr:5.00e-04 0s
  >> Val MRR:0.6251 H@1:46.4% H@10:91.0% ** BEST **
  >> Val MRR:0.6620 H@1:50.2% H@10:92.4% ** BEST **
  E 50/300 Loss:3.862 lr:5.00e-04 0s
  >> Val MRR:0.6973 H@1:55.2% H@10:94.6% ** BEST **
  >> Val MRR:0.7192 H@1:58.2% H@10:95.0% ** BEST **
  E 60/300 Loss:3.799 lr:5.00e-04 0s
  >> Val MRR:0.7335 H@1:60.4% H@10:95.6% ** BEST **
  >> Val MRR:0.7511 H@1:62.6% H@10:95.8% ** BEST **
  E 70/300 Loss:3.763 lr:5.00e-04 0s
  >> Val MRR:0.7671 H@1:65.0% H@10:96.0% ** BEST **
  >> Val MRR:0.7731 H@1:66.0% H@10:96.0% ** BEST **
  E 80/300 Loss:3.728 lr:5.00e-04 0s
  >> Val MRR:0.7804 H@1:66.8% H@10:96.4% ** BEST **
  >> Val MRR:0.7844 H@1:67.2% H@10:96.2% ** BEST **
  E 90/300 Loss:3.711 lr:5.00e-04 0s
  >> Val MRR:0.7923 H@1:68.4% H@10:96.4% ** BEST **
  >> Val MRR:0.7951 H@1:68.4% H@10:96.4% ** BEST **
  E100/300 Loss:3.688 lr:5.00e-04 0s
  >> Val MRR:0.8030 H@1:69.4% H@10:96.4% ** BEST **
  >> Val MRR:0.8083 H@1:70.4% H@10:97.0% ** BEST **
  E110/300 Loss:3.676 lr:5.00e-04 0s
  >> Val MRR:0.8142 H@1:71.6% H@10:96.8% ** BEST **
  >> Val MRR:0.8196 H@1:72.4% H@10:97.0% ** BEST **
  E120/300 Loss:3.663 lr:5.00e-04 0s
  >> Val MRR:0.8242 H@1:73.2% H@10:96.8% ** BEST **
  >> Val MRR:0.8281 H@1:73.6% H@10:97.0% ** BEST **
  E130/300 Loss:3.643 lr:5.00e-04 0s
  >> Val MRR:0.8259 (best:0.8281 p:1/30)
  >> Val MRR:0.8321 H@1:74.2% H@10:97.0% ** BEST **
  E140/300 Loss:3.638 lr:5.00e-04 0s
  >> Val MRR:0.8269 (best:0.8321 p:1/30)
  >> Val MRR:0.8325 H@1:74.4% H@10:97.4% ** BEST **
  E150/300 Loss:3.623 lr:5.00e-04 0s
  >> Val MRR:0.8373 H@1:75.2% H@10:97.4% ** BEST **
  >> Val MRR:0.8437 H@1:76.0% H@10:97.6% ** BEST **
  E160/300 Loss:3.624 lr:5.00e-04 0s
  >> Val MRR:0.8441 H@1:76.2% H@10:97.6% ** BEST **
  >> Val MRR:0.8452 H@1:76.2% H@10:97.4% ** BEST **
  E170/300 Loss:3.617 lr:5.00e-04 0s
  >> Val MRR:0.8496 H@1:77.2% H@10:97.4% ** BEST **
  >> Val MRR:0.8456 (best:0.8496 p:1/30)
  E180/300 Loss:3.605 lr:1.50e-04 0s
  >> Val MRR:0.8484 (best:0.8496 p:2/30)
  >> Val MRR:0.8553 H@1:77.6% H@10:97.6% ** BEST **
  E190/300 Loss:3.602 lr:1.50e-04 0s
  >> Val MRR:0.8544 (best:0.8553 p:1/30)
  >> Val MRR:0.8557 H@1:77.8% H@10:97.6% ** BEST **
  E200/300 Loss:3.602 lr:1.50e-04 0s
  >> Val MRR:0.8549 (best:0.8557 p:1/30)
  >> Val MRR:0.8578 H@1:77.8% H@10:97.8% ** BEST **
  E210/300 Loss:3.594 lr:1.50e-04 0s
  >> Val MRR:0.8588 H@1:78.0% H@10:97.6% ** BEST **
  >> Val MRR:0.8569 (best:0.8588 p:1/30)
  E220/300 Loss:3.596 lr:1.50e-04 0s
  >> Val MRR:0.8590 H@1:78.2% H@10:97.6% ** BEST **
  >> Val MRR:0.8589 (best:0.8590 p:1/30)
  E230/300 Loss:3.600 lr:1.50e-04 0s
  >> Val MRR:0.8652 H@1:79.6% H@10:97.6% ** BEST **
  >> Val MRR:0.8609 (best:0.8652 p:1/30)
  E240/300 Loss:3.595 lr:4.50e-05 0s
  >> Val MRR:0.8644 (best:0.8652 p:2/30)
  >> Val MRR:0.8646 (best:0.8652 p:3/30)
  E250/300 Loss:3.588 lr:4.50e-05 0s
  E260/300 Loss:3.592 lr:4.50e-05 0s
  E270/300 Loss:3.587 lr:4.50e-05 0s
  >> Val MRR:0.8655 H@1:79.2% H@10:97.8% ** BEST **
  >> Val MRR:0.8650 (best:0.8655 p:1/30)
  E280/300 Loss:3.587 lr:4.50e-05 0s
  >> Val MRR:0.8646 (best:0.8655 p:2/30)
  >> Val MRR:0.8641 (best:0.8655 p:3/30)
  E290/300 Loss:3.586 lr:4.50e-05 0s
  E300/300 Loss:3.592 lr:4.50e-05 0s
  Training done: 21s, best_val_MRR=0.8655
  Full test evaluation (1074 triples)...

  FINAL TEST: MRR=0.8517 H@1=76.6% H@3=93.3% H@10=98.2%
  Saved: /home/shanxh/NM-NBFNet/Kinship_d200_L2_ls0.3_ComplEx_seed777.json

=== CUDA3 smallkg_6seed: Kinship ComplEx seed 888 d200 L2 batch1024 chunk0 ===
Device: cuda, AMP: True
GPU: NVIDIA GeForce RTX 2080 Ti, 11.3 GB
======================================================================
CompGCN+DistMult | Kinship | seed=888
d_h=200 L=2 lr=0.0005 ls=0.3 epochs=300
======================================================================
  KG: 104 ent, 50 rel, 17088 edges
  Train/Val/Test: 8544/1068/1074
  Params: 212,400
  Training: epochs=300, lr=0.0005, batch=1024, ls=0.3
  Steps/epoch: 8
  E  1/300 Loss:7.022 lr:5.00e-04 0s
  >> Val MRR:0.0639 H@1:1.4% H@10:13.8% ** BEST **
  E 10/300 Loss:5.382 lr:5.00e-04 0s
  >> Val MRR:0.0852 H@1:2.2% H@10:16.8% ** BEST **
  >> Val MRR:0.1855 H@1:8.0% H@10:41.4% ** BEST **
  E 20/300 Loss:4.470 lr:5.00e-04 0s
  >> Val MRR:0.3480 H@1:20.8% H@10:63.8% ** BEST **
  >> Val MRR:0.4856 H@1:34.6% H@10:79.2% ** BEST **
  E 30/300 Loss:4.110 lr:5.00e-04 0s
  >> Val MRR:0.5621 H@1:42.2% H@10:83.4% ** BEST **
  >> Val MRR:0.6354 H@1:51.4% H@10:87.0% ** BEST **
  E 40/300 Loss:3.948 lr:5.00e-04 0s
  >> Val MRR:0.6678 H@1:54.0% H@10:91.0% ** BEST **
  >> Val MRR:0.6869 H@1:55.2% H@10:92.0% ** BEST **
  E 50/300 Loss:3.861 lr:5.00e-04 0s
  >> Val MRR:0.7154 H@1:58.6% H@10:93.6% ** BEST **
  >> Val MRR:0.7395 H@1:62.0% H@10:94.0% ** BEST **
  E 60/300 Loss:3.794 lr:5.00e-04 0s
  >> Val MRR:0.7657 H@1:66.0% H@10:94.6% ** BEST **
  >> Val MRR:0.7686 H@1:66.4% H@10:95.2% ** BEST **
  E 70/300 Loss:3.762 lr:5.00e-04 0s
  >> Val MRR:0.7815 H@1:68.6% H@10:95.2% ** BEST **
  >> Val MRR:0.7906 H@1:69.6% H@10:95.8% ** BEST **
  E 80/300 Loss:3.729 lr:5.00e-04 0s
  >> Val MRR:0.7976 H@1:70.2% H@10:96.2% ** BEST **
  >> Val MRR:0.8006 H@1:70.6% H@10:96.4% ** BEST **
  E 90/300 Loss:3.700 lr:5.00e-04 0s
  >> Val MRR:0.8039 H@1:71.2% H@10:96.4% ** BEST **
  >> Val MRR:0.8078 H@1:71.6% H@10:96.6% ** BEST **
  E100/300 Loss:3.694 lr:5.00e-04 0s
  >> Val MRR:0.8028 (best:0.8078 p:1/30)
  >> Val MRR:0.8099 H@1:71.4% H@10:96.8% ** BEST **
  E110/300 Loss:3.662 lr:5.00e-04 0s
  >> Val MRR:0.8137 H@1:72.4% H@10:97.2% ** BEST **
  >> Val MRR:0.8153 H@1:72.6% H@10:97.4% ** BEST **
  E120/300 Loss:3.655 lr:5.00e-04 0s
  >> Val MRR:0.8138 (best:0.8153 p:1/30)
  >> Val MRR:0.8197 H@1:72.6% H@10:97.4% ** BEST **
  E130/300 Loss:3.650 lr:5.00e-04 0s
  >> Val MRR:0.8220 H@1:73.0% H@10:97.4% ** BEST **
  >> Val MRR:0.8225 H@1:73.0% H@10:97.4% ** BEST **
  E140/300 Loss:3.642 lr:5.00e-04 0s
  >> Val MRR:0.8278 H@1:73.8% H@10:97.4% ** BEST **
  >> Val MRR:0.8283 H@1:74.0% H@10:97.6% ** BEST **
  E150/300 Loss:3.623 lr:5.00e-04 0s
  >> Val MRR:0.8432 H@1:76.4% H@10:97.6% ** BEST **
  >> Val MRR:0.8506 H@1:77.4% H@10:98.0% ** BEST **
  E160/300 Loss:3.614 lr:5.00e-04 0s
  >> Val MRR:0.8526 H@1:77.6% H@10:97.6% ** BEST **
  >> Val MRR:0.8465 (best:0.8526 p:1/30)
  E170/300 Loss:3.606 lr:5.00e-04 0s
  >> Val MRR:0.8521 (best:0.8526 p:2/30)
  >> Val MRR:0.8540 H@1:77.4% H@10:97.8% ** BEST **
  E180/300 Loss:3.601 lr:1.50e-04 0s
  >> Val MRR:0.8550 H@1:77.6% H@10:97.6% ** BEST **
  >> Val MRR:0.8574 H@1:78.0% H@10:97.6% ** BEST **
  E190/300 Loss:3.598 lr:1.50e-04 0s
  >> Val MRR:0.8602 H@1:78.4% H@10:97.6% ** BEST **
  >> Val MRR:0.8580 (best:0.8602 p:1/30)
  E200/300 Loss:3.593 lr:1.50e-04 0s
  >> Val MRR:0.8589 (best:0.8602 p:2/30)
  >> Val MRR:0.8586 (best:0.8602 p:3/30)
  E210/300 Loss:3.594 lr:1.50e-04 0s
  E220/300 Loss:3.590 lr:1.50e-04 0s
  E230/300 Loss:3.585 lr:1.50e-04 0s
  >> Val MRR:0.8620 H@1:78.6% H@10:97.8% ** BEST **
  E240/300 Loss:3.585 lr:4.50e-05 0s
  >> Val MRR:0.8608 (best:0.8620 p:1/30)
  >> Val MRR:0.8576 (best:0.8620 p:2/30)
  E250/300 Loss:3.583 lr:4.50e-05 0s
  >> Val MRR:0.8587 (best:0.8620 p:3/30)
  E260/300 Loss:3.585 lr:4.50e-05 0s
  E270/300 Loss:3.573 lr:4.50e-05 0s
  >> Val MRR:0.8630 H@1:78.4% H@10:97.8% ** BEST **
  >> Val MRR:0.8612 (best:0.8630 p:1/30)
  E280/300 Loss:3.587 lr:4.50e-05 0s
  >> Val MRR:0.8588 (best:0.8630 p:2/30)
  >> Val MRR:0.8618 (best:0.8630 p:3/30)
  E290/300 Loss:3.583 lr:4.50e-05 0s
  E300/300 Loss:3.577 lr:4.50e-05 0s
  Training done: 23s, best_val_MRR=0.8630
  Full test evaluation (1074 triples)...

  FINAL TEST: MRR=0.8478 H@1=76.1% H@3=92.8% H@10=98.4%
  Saved: /home/shanxh/NM-NBFNet/Kinship_d200_L2_ls0.3_ComplEx_seed888.json

=== CUDA3 smallkg_6seed: Kinship ComplEx seed 999 d200 L2 batch1024 chunk0 ===
Device: cuda, AMP: True
GPU: NVIDIA GeForce RTX 2080 Ti, 11.3 GB
======================================================================
CompGCN+DistMult | Kinship | seed=999
d_h=200 L=2 lr=0.0005 ls=0.3 epochs=300
======================================================================
  KG: 104 ent, 50 rel, 17088 edges
  Train/Val/Test: 8544/1068/1074
  Params: 212,400
  Training: epochs=300, lr=0.0005, batch=1024, ls=0.3
  Steps/epoch: 8
  E  1/300 Loss:7.062 lr:5.00e-04 0s
  >> Val MRR:0.0601 H@1:1.4% H@10:11.6% ** BEST **
  E 10/300 Loss:5.316 lr:5.00e-04 0s
  >> Val MRR:0.1115 H@1:4.4% H@10:24.6% ** BEST **
  >> Val MRR:0.2128 H@1:10.6% H@10:44.0% ** BEST **
  E 20/300 Loss:4.464 lr:5.00e-04 0s
  >> Val MRR:0.3534 H@1:21.8% H@10:66.2% ** BEST **
  >> Val MRR:0.4608 H@1:30.4% H@10:79.0% ** BEST **
  E 30/300 Loss:4.105 lr:5.00e-04 0s
  >> Val MRR:0.5395 H@1:38.2% H@10:86.4% ** BEST **
  >> Val MRR:0.5931 H@1:43.8% H@10:90.4% ** BEST **
  E 40/300 Loss:3.931 lr:5.00e-04 0s
  >> Val MRR:0.6410 H@1:50.0% H@10:92.2% ** BEST **
  >> Val MRR:0.6685 H@1:53.4% H@10:93.4% ** BEST **
  E 50/300 Loss:3.844 lr:5.00e-04 0s
  >> Val MRR:0.6875 H@1:55.2% H@10:93.8% ** BEST **
  >> Val MRR:0.7166 H@1:60.0% H@10:94.2% ** BEST **
  E 60/300 Loss:3.802 lr:5.00e-04 0s
  >> Val MRR:0.7273 H@1:61.4% H@10:96.2% ** BEST **
  >> Val MRR:0.7393 H@1:62.6% H@10:96.4% ** BEST **
  E 70/300 Loss:3.752 lr:5.00e-04 0s
  >> Val MRR:0.7405 H@1:62.4% H@10:96.6% ** BEST **
  >> Val MRR:0.7504 H@1:62.8% H@10:97.0% ** BEST **
  E 80/300 Loss:3.733 lr:5.00e-04 0s
  >> Val MRR:0.7611 H@1:64.4% H@10:97.0% ** BEST **
  >> Val MRR:0.7650 H@1:64.8% H@10:97.6% ** BEST **
  E 90/300 Loss:3.701 lr:5.00e-04 0s
  >> Val MRR:0.7737 H@1:66.2% H@10:97.6% ** BEST **
  >> Val MRR:0.7756 H@1:66.0% H@10:97.6% ** BEST **
  E100/300 Loss:3.685 lr:5.00e-04 0s
  >> Val MRR:0.7836 H@1:67.0% H@10:97.6% ** BEST **
  >> Val MRR:0.7979 H@1:69.4% H@10:97.6% ** BEST **
  E110/300 Loss:3.668 lr:5.00e-04 0s
  >> Val MRR:0.8033 H@1:69.8% H@10:97.6% ** BEST **
  >> Val MRR:0.8105 H@1:70.8% H@10:98.0% ** BEST **
  E120/300 Loss:3.651 lr:5.00e-04 0s
  >> Val MRR:0.8160 H@1:71.8% H@10:98.0% ** BEST **
  >> Val MRR:0.8188 H@1:72.4% H@10:97.8% ** BEST **
  E130/300 Loss:3.642 lr:5.00e-04 0s
  >> Val MRR:0.8201 H@1:72.6% H@10:97.8% ** BEST **
  >> Val MRR:0.8205 H@1:72.4% H@10:98.0% ** BEST **
  E140/300 Loss:3.639 lr:5.00e-04 0s
  >> Val MRR:0.8332 H@1:74.8% H@10:98.0% ** BEST **
  >> Val MRR:0.8345 H@1:74.8% H@10:98.0% ** BEST **
  E150/300 Loss:3.621 lr:5.00e-04 0s
  >> Val MRR:0.8326 (best:0.8345 p:1/30)
  >> Val MRR:0.8395 H@1:75.4% H@10:98.0% ** BEST **
  E160/300 Loss:3.623 lr:5.00e-04 0s
  >> Val MRR:0.8435 H@1:76.0% H@10:97.8% ** BEST **
  >> Val MRR:0.8406 (best:0.8435 p:1/30)
  E170/300 Loss:3.608 lr:5.00e-04 0s
  >> Val MRR:0.8426 (best:0.8435 p:2/30)
  >> Val MRR:0.8471 H@1:76.8% H@10:97.8% ** BEST **
  E180/300 Loss:3.602 lr:1.50e-04 0s
  >> Val MRR:0.8477 H@1:77.0% H@10:98.0% ** BEST **
  >> Val MRR:0.8502 H@1:77.6% H@10:98.0% ** BEST **
  E190/300 Loss:3.600 lr:1.50e-04 0s
  >> Val MRR:0.8508 H@1:77.6% H@10:97.8% ** BEST **
  >> Val MRR:0.8494 (best:0.8508 p:1/30)
  E200/300 Loss:3.596 lr:1.50e-04 0s
  >> Val MRR:0.8502 (best:0.8508 p:2/30)
  >> Val MRR:0.8520 H@1:77.4% H@10:97.8% ** BEST **
  E210/300 Loss:3.593 lr:1.50e-04 0s
  >> Val MRR:0.8527 H@1:77.6% H@10:97.8% ** BEST **
  >> Val MRR:0.8553 H@1:78.0% H@10:97.8% ** BEST **
  E220/300 Loss:3.594 lr:1.50e-04 0s
  >> Val MRR:0.8545 (best:0.8553 p:1/30)
  >> Val MRR:0.8523 (best:0.8553 p:2/30)
  E230/300 Loss:3.595 lr:1.50e-04 0s
  >> Val MRR:0.8510 (best:0.8553 p:3/30)
  E240/300 Loss:3.584 lr:4.50e-05 0s
  E250/300 Loss:3.585 lr:4.50e-05 0s
  E260/300 Loss:3.583 lr:4.50e-05 0s
  >> Val MRR:0.8511 (best:0.8553 p:10/30)
  E270/300 Loss:3.582 lr:4.50e-05 0s
  >> Val MRR:0.8567 H@1:77.8% H@10:97.8% ** BEST **
  E280/300 Loss:3.581 lr:4.50e-05 0s
  >> Val MRR:0.8549 (best:0.8567 p:1/30)
  >> Val MRR:0.8559 (best:0.8567 p:2/30)
  E290/300 Loss:3.580 lr:4.50e-05 0s
  >> Val MRR:0.8584 H@1:78.0% H@10:97.8% ** BEST **
  >> Val MRR:0.8585 H@1:78.0% H@10:97.6% ** BEST **
  E300/300 Loss:3.578 lr:4.50e-05 0s
  >> Val MRR:0.8586 H@1:78.2% H@10:97.8% ** BEST **
  Training done: 21s, best_val_MRR=0.8586
  Full test evaluation (1074 triples)...

  FINAL TEST: MRR=0.8584 H@1=77.8% H@3=93.2% H@10=98.5%
  Saved: /home/shanxh/NM-NBFNet/Kinship_d200_L2_ls0.3_ComplEx_seed999.json
=== CUDA3 DONE Mon Jun  8 09:25:00 AM CST 2026 ===
