nohup: ignoring input
=== [1/25] UMLS/ComplEx@d100/seed42 ===
Device: cuda, AMP: True
GPU: NVIDIA GeForce RTX 2080 Ti, 11.3 GB
======================================================================
CompGCN+DistMult | UMLS | seed=42
d_h=100 L=2 lr=0.0005 ls=0.3 epochs=300
======================================================================
  KG: 135 ent, 92 rel, 10432 edges
  Train/Val/Test: 5216/652/661
  Params: 81,900
  Training: epochs=300, lr=0.0005, batch=4096, ls=0.3
  Steps/epoch: 1
  E  1/300 Loss:6.195 lr:5.00e-04 0s
  >> Val MRR:0.0449 H@1:0.8% H@10:8.6% ** BEST **
  E 10/300 Loss:5.953 lr:5.00e-04 0s
  >> Val MRR:0.0487 H@1:0.8% H@10:9.4% ** BEST **
  >> Val MRR:0.0529 H@1:1.2% H@10:9.4% ** BEST **
  E 20/300 Loss:5.733 lr:5.00e-04 0s
  >> Val MRR:0.0552 H@1:1.8% H@10:8.8% ** BEST **
  >> Val MRR:0.0560 H@1:1.6% H@10:9.8% ** BEST **
  E 30/300 Loss:5.573 lr:5.00e-04 0s
  >> Val MRR:0.0598 H@1:2.2% H@10:10.4% ** BEST **
  >> Val MRR:0.0630 H@1:2.0% H@10:10.4% ** BEST **
  E 40/300 Loss:5.427 lr:5.00e-04 0s
  >> Val MRR:0.0707 H@1:2.4% H@10:13.4% ** BEST **
  >> Val MRR:0.0804 H@1:3.0% H@10:15.0% ** BEST **
  E 50/300 Loss:5.258 lr:5.00e-04 0s
  >> Val MRR:0.0943 H@1:4.2% H@10:17.4% ** BEST **
  >> Val MRR:0.1109 H@1:5.0% H@10:20.2% ** BEST **
  E 60/300 Loss:5.107 lr:5.00e-04 0s
  >> Val MRR:0.1264 H@1:5.4% H@10:21.8% ** BEST **
  >> Val MRR:0.1419 H@1:6.4% H@10:27.0% ** BEST **
  E 70/300 Loss:5.000 lr:5.00e-04 0s
  >> Val MRR:0.1621 H@1:7.2% H@10:32.2% ** BEST **
  >> Val MRR:0.1820 H@1:8.0% H@10:38.4% ** BEST **
  E 80/300 Loss:4.863 lr:5.00e-04 0s
  >> Val MRR:0.2176 H@1:10.4% H@10:43.8% ** BEST **
  >> Val MRR:0.2617 H@1:14.4% H@10:50.2% ** BEST **
  E 90/300 Loss:4.742 lr:5.00e-04 0s
  >> Val MRR:0.2971 H@1:17.6% H@10:55.8% ** BEST **
  >> Val MRR:0.3255 H@1:19.0% H@10:60.4% ** BEST **
  E100/300 Loss:4.630 lr:5.00e-04 0s
  >> Val MRR:0.3613 H@1:21.4% H@10:65.6% ** BEST **
  >> Val MRR:0.3987 H@1:25.0% H@10:70.0% ** BEST **
  E110/300 Loss:4.596 lr:5.00e-04 0s
  >> Val MRR:0.4337 H@1:28.2% H@10:72.8% ** BEST **
  >> Val MRR:0.4764 H@1:32.2% H@10:74.2% ** BEST **
  E120/300 Loss:4.521 lr:5.00e-04 0s
  >> Val MRR:0.5080 H@1:35.8% H@10:76.2% ** BEST **
  >> Val MRR:0.5450 H@1:40.0% H@10:79.2% ** BEST **
  E130/300 Loss:4.454 lr:5.00e-04 0s
  >> Val MRR:0.5767 H@1:43.8% H@10:81.0% ** BEST **
  >> Val MRR:0.6031 H@1:47.2% H@10:82.6% ** BEST **
  E140/300 Loss:4.406 lr:5.00e-04 0s
  >> Val MRR:0.6238 H@1:49.4% H@10:84.6% ** BEST **
  >> Val MRR:0.6420 H@1:51.4% H@10:85.0% ** BEST **
  E150/300 Loss:4.373 lr:5.00e-04 0s
  >> Val MRR:0.6564 H@1:52.8% H@10:86.0% ** BEST **
  >> Val MRR:0.6770 H@1:55.8% H@10:87.4% ** BEST **
  E160/300 Loss:4.313 lr:5.00e-04 0s
  >> Val MRR:0.6940 H@1:57.8% H@10:88.2% ** BEST **
  >> Val MRR:0.7059 H@1:59.4% H@10:89.0% ** BEST **
  E170/300 Loss:4.282 lr:5.00e-04 0s
  >> Val MRR:0.7145 H@1:60.6% H@10:88.8% ** BEST **
  >> Val MRR:0.7302 H@1:62.6% H@10:89.4% ** BEST **
  E180/300 Loss:4.254 lr:1.50e-04 0s
  >> Val MRR:0.7363 H@1:63.2% H@10:90.0% ** BEST **
  >> Val MRR:0.7421 H@1:64.0% H@10:90.2% ** BEST **
  E190/300 Loss:4.273 lr:1.50e-04 0s
  >> Val MRR:0.7468 H@1:64.8% H@10:90.2% ** BEST **
  >> Val MRR:0.7471 H@1:64.6% H@10:90.2% ** BEST **
  E200/300 Loss:4.239 lr:1.50e-04 0s
  >> Val MRR:0.7500 H@1:65.0% H@10:90.2% ** BEST **
  >> Val MRR:0.7529 H@1:65.4% H@10:90.4% ** BEST **
  E210/300 Loss:4.233 lr:1.50e-04 0s
  >> Val MRR:0.7526 (best:0.7529 p:1/30)
  >> Val MRR:0.7575 H@1:66.0% H@10:90.8% ** BEST **
  E220/300 Loss:4.219 lr:1.50e-04 0s
  >> Val MRR:0.7598 H@1:66.2% H@10:90.8% ** BEST **
  >> Val MRR:0.7584 (best:0.7598 p:1/30)
  E230/300 Loss:4.247 lr:1.50e-04 0s
  >> Val MRR:0.7600 H@1:65.8% H@10:91.2% ** BEST **
  >> Val MRR:0.7640 H@1:66.4% H@10:91.2% ** BEST **
  E240/300 Loss:4.203 lr:4.50e-05 0s
  >> Val MRR:0.7666 H@1:66.6% H@10:91.4% ** BEST **
  >> Val MRR:0.7676 H@1:66.6% H@10:91.6% ** BEST **
  E250/300 Loss:4.218 lr:4.50e-05 0s
  >> Val MRR:0.7675 (best:0.7676 p:1/30)
  >> Val MRR:0.7689 H@1:66.8% H@10:91.8% ** BEST **
  E260/300 Loss:4.185 lr:4.50e-05 0s
  >> Val MRR:0.7687 (best:0.7689 p:1/30)
  >> Val MRR:0.7678 (best:0.7689 p:2/30)
  E270/300 Loss:4.192 lr:4.50e-05 0s
  >> Val MRR:0.7680 (best:0.7689 p:3/30)
  >> Val MRR:0.7716 H@1:67.4% H@10:92.0% ** BEST **
  E280/300 Loss:4.230 lr:4.50e-05 0s
  >> Val MRR:0.7724 H@1:67.4% H@10:91.8% ** BEST **
  >> Val MRR:0.7718 (best:0.7724 p:1/30)
  E290/300 Loss:4.208 lr:4.50e-05 0s
  >> Val MRR:0.7729 H@1:67.2% H@10:91.8% ** BEST **
  >> Val MRR:0.7740 H@1:67.4% H@10:92.0% ** BEST **
  E300/300 Loss:4.195 lr:4.50e-05 0s
  >> Val MRR:0.7752 H@1:67.6% H@10:92.0% ** BEST **
  Training done: 11s, best_val_MRR=0.7752
  Full test evaluation (661 triples)...

  FINAL TEST: MRR=0.7490 H@1=63.5% H@3=84.3% H@10=92.3%
  Saved: /home/shanxh/decoder/UMLS_d100_L2_ls0.3_ComplEx_seed42.json
=== UMLS/ComplEx@d100/seed42 rc=0 in 14s ===
=== [2/25] UMLS/ComplEx@d100/seed123 ===
Device: cuda, AMP: True
GPU: NVIDIA GeForce RTX 2080 Ti, 11.3 GB
======================================================================
CompGCN+DistMult | UMLS | seed=123
d_h=100 L=2 lr=0.0005 ls=0.3 epochs=300
======================================================================
  KG: 135 ent, 92 rel, 10432 edges
  Train/Val/Test: 5216/652/661
  Params: 81,900
  Training: epochs=300, lr=0.0005, batch=4096, ls=0.3
  Steps/epoch: 1
  E  1/300 Loss:6.331 lr:5.00e-04 0s
  >> Val MRR:0.0462 H@1:0.8% H@10:8.0% ** BEST **
  E 10/300 Loss:6.078 lr:5.00e-04 0s
  >> Val MRR:0.0399 (best:0.0462 p:1/30)
  >> Val MRR:0.0397 (best:0.0462 p:2/30)
  E 20/300 Loss:5.882 lr:5.00e-04 0s
  >> Val MRR:0.0392 (best:0.0462 p:3/30)
  E 30/300 Loss:5.732 lr:5.00e-04 0s
  E 40/300 Loss:5.544 lr:5.00e-04 0s
  >> Val MRR:0.0520 H@1:1.0% H@10:11.0% ** BEST **
  E 50/300 Loss:5.374 lr:5.00e-04 0s
  >> Val MRR:0.0581 H@1:0.6% H@10:12.8% ** BEST **
  >> Val MRR:0.0752 H@1:2.2% H@10:15.2% ** BEST **
  E 60/300 Loss:5.309 lr:5.00e-04 0s
  >> Val MRR:0.0891 H@1:3.2% H@10:19.0% ** BEST **
  >> Val MRR:0.1063 H@1:4.2% H@10:22.0% ** BEST **
  E 70/300 Loss:5.090 lr:5.00e-04 0s
  >> Val MRR:0.1245 H@1:5.0% H@10:25.2% ** BEST **
  >> Val MRR:0.1460 H@1:6.0% H@10:29.2% ** BEST **
  E 80/300 Loss:5.011 lr:5.00e-04 0s
  >> Val MRR:0.1796 H@1:9.2% H@10:33.2% ** BEST **
  >> Val MRR:0.2078 H@1:11.4% H@10:40.6% ** BEST **
  E 90/300 Loss:4.844 lr:5.00e-04 0s
  >> Val MRR:0.2373 H@1:13.2% H@10:44.0% ** BEST **
  >> Val MRR:0.2687 H@1:15.2% H@10:49.2% ** BEST **
  E100/300 Loss:4.758 lr:5.00e-04 0s
  >> Val MRR:0.3076 H@1:18.8% H@10:53.2% ** BEST **
  >> Val MRR:0.3416 H@1:21.6% H@10:57.4% ** BEST **
  E110/300 Loss:4.701 lr:5.00e-04 0s
  >> Val MRR:0.3740 H@1:24.4% H@10:61.6% ** BEST **
  >> Val MRR:0.4028 H@1:26.4% H@10:64.2% ** BEST **
  E120/300 Loss:4.590 lr:5.00e-04 0s
  >> Val MRR:0.4388 H@1:30.2% H@10:68.6% ** BEST **
  >> Val MRR:0.4709 H@1:33.4% H@10:71.6% ** BEST **
  E130/300 Loss:4.529 lr:5.00e-04 0s
  >> Val MRR:0.5034 H@1:36.6% H@10:74.4% ** BEST **
  >> Val MRR:0.5371 H@1:41.0% H@10:76.4% ** BEST **
  E140/300 Loss:4.455 lr:5.00e-04 0s
  >> Val MRR:0.5670 H@1:44.6% H@10:78.0% ** BEST **
  >> Val MRR:0.5906 H@1:46.8% H@10:81.8% ** BEST **
  E150/300 Loss:4.421 lr:5.00e-04 0s
  >> Val MRR:0.6134 H@1:49.4% H@10:82.8% ** BEST **
  >> Val MRR:0.6283 H@1:50.6% H@10:84.6% ** BEST **
  E160/300 Loss:4.391 lr:5.00e-04 0s
  >> Val MRR:0.6447 H@1:52.4% H@10:85.2% ** BEST **
  >> Val MRR:0.6653 H@1:55.2% H@10:86.2% ** BEST **
  E170/300 Loss:4.335 lr:5.00e-04 0s
  >> Val MRR:0.6760 H@1:55.8% H@10:86.6% ** BEST **
  >> Val MRR:0.6968 H@1:58.4% H@10:87.4% ** BEST **
  E180/300 Loss:4.282 lr:1.50e-04 0s
  >> Val MRR:0.7079 H@1:59.4% H@10:88.0% ** BEST **
  >> Val MRR:0.7101 H@1:59.8% H@10:88.2% ** BEST **
  E190/300 Loss:4.304 lr:1.50e-04 0s
  >> Val MRR:0.7133 H@1:60.2% H@10:88.4% ** BEST **
  >> Val MRR:0.7171 H@1:60.6% H@10:88.6% ** BEST **
  E200/300 Loss:4.275 lr:1.50e-04 0s
  >> Val MRR:0.7225 H@1:61.4% H@10:89.0% ** BEST **
  >> Val MRR:0.7270 H@1:62.0% H@10:89.2% ** BEST **
  E210/300 Loss:4.262 lr:1.50e-04 0s
  >> Val MRR:0.7321 H@1:62.8% H@10:89.4% ** BEST **
  >> Val MRR:0.7360 H@1:63.2% H@10:89.6% ** BEST **
  E220/300 Loss:4.264 lr:1.50e-04 0s
  >> Val MRR:0.7424 H@1:64.2% H@10:89.6% ** BEST **
  >> Val MRR:0.7454 H@1:64.6% H@10:90.0% ** BEST **
  E230/300 Loss:4.235 lr:1.50e-04 0s
  >> Val MRR:0.7460 H@1:64.6% H@10:90.6% ** BEST **
  >> Val MRR:0.7469 H@1:64.6% H@10:91.0% ** BEST **
  E240/300 Loss:4.218 lr:4.50e-05 0s
  >> Val MRR:0.7509 H@1:65.2% H@10:91.2% ** BEST **
  >> Val MRR:0.7502 (best:0.7509 p:1/30)
  E250/300 Loss:4.236 lr:4.50e-05 0s
  >> Val MRR:0.7518 H@1:65.2% H@10:91.4% ** BEST **
  >> Val MRR:0.7532 H@1:65.4% H@10:91.4% ** BEST **
  E260/300 Loss:4.230 lr:4.50e-05 0s
  >> Val MRR:0.7556 H@1:65.8% H@10:91.6% ** BEST **
  >> Val MRR:0.7555 (best:0.7556 p:1/30)
  E270/300 Loss:4.220 lr:4.50e-05 0s
  >> Val MRR:0.7545 (best:0.7556 p:2/30)
  >> Val MRR:0.7561 H@1:65.8% H@10:91.4% ** BEST **
  E280/300 Loss:4.254 lr:4.50e-05 0s
  >> Val MRR:0.7580 H@1:66.0% H@10:91.2% ** BEST **
  >> Val MRR:0.7577 (best:0.7580 p:1/30)
  E290/300 Loss:4.233 lr:4.50e-05 0s
  >> Val MRR:0.7590 H@1:66.2% H@10:91.6% ** BEST **
  >> Val MRR:0.7601 H@1:66.4% H@10:91.2% ** BEST **
  E300/300 Loss:4.218 lr:4.50e-05 0s
  >> Val MRR:0.7589 (best:0.7601 p:1/30)
  Training done: 11s, best_val_MRR=0.7601
  Full test evaluation (661 triples)...

  FINAL TEST: MRR=0.7541 H@1=65.5% H@3=84.0% H@10=91.1%
  Saved: /home/shanxh/decoder/UMLS_d100_L2_ls0.3_ComplEx_seed123.json
=== UMLS/ComplEx@d100/seed123 rc=0 in 14s ===
=== [3/25] UMLS/ComplEx@d100/seed456 ===
Device: cuda, AMP: True
GPU: NVIDIA GeForce RTX 2080 Ti, 11.3 GB
======================================================================
CompGCN+DistMult | UMLS | seed=456
d_h=100 L=2 lr=0.0005 ls=0.3 epochs=300
======================================================================
  KG: 135 ent, 92 rel, 10432 edges
  Train/Val/Test: 5216/652/661
  Params: 81,900
  Training: epochs=300, lr=0.0005, batch=4096, ls=0.3
  Steps/epoch: 1
  E  1/300 Loss:6.244 lr:5.00e-04 0s
  >> Val MRR:0.0383 H@1:1.0% H@10:5.2% ** BEST **
  E 10/300 Loss:5.997 lr:5.00e-04 0s
  >> Val MRR:0.0371 (best:0.0383 p:1/30)
  >> Val MRR:0.0376 (best:0.0383 p:2/30)
  E 20/300 Loss:5.803 lr:5.00e-04 0s
  >> Val MRR:0.0389 H@1:0.4% H@10:8.8% ** BEST **
  >> Val MRR:0.0398 H@1:0.4% H@10:8.2% ** BEST **
  E 30/300 Loss:5.583 lr:5.00e-04 0s
  >> Val MRR:0.0417 H@1:0.4% H@10:9.4% ** BEST **
  >> Val MRR:0.0450 H@1:0.6% H@10:9.8% ** BEST **
  E 40/300 Loss:5.436 lr:5.00e-04 0s
  >> Val MRR:0.0515 H@1:0.8% H@10:11.4% ** BEST **
  >> Val MRR:0.0614 H@1:1.4% H@10:13.4% ** BEST **
  E 50/300 Loss:5.306 lr:5.00e-04 0s
  >> Val MRR:0.0725 H@1:1.8% H@10:15.6% ** BEST **
  >> Val MRR:0.0847 H@1:2.2% H@10:19.4% ** BEST **
  E 60/300 Loss:5.200 lr:5.00e-04 0s
  >> Val MRR:0.1038 H@1:3.0% H@10:22.6% ** BEST **
  >> Val MRR:0.1226 H@1:4.2% H@10:26.2% ** BEST **
  E 70/300 Loss:5.012 lr:5.00e-04 0s
  >> Val MRR:0.1468 H@1:5.6% H@10:30.0% ** BEST **
  >> Val MRR:0.1737 H@1:8.0% H@10:34.8% ** BEST **
  E 80/300 Loss:4.909 lr:5.00e-04 0s
  >> Val MRR:0.2058 H@1:10.6% H@10:39.4% ** BEST **
  >> Val MRR:0.2452 H@1:14.2% H@10:46.2% ** BEST **
  E 90/300 Loss:4.822 lr:5.00e-04 0s
  >> Val MRR:0.2824 H@1:17.8% H@10:51.4% ** BEST **
  >> Val MRR:0.3169 H@1:20.2% H@10:55.4% ** BEST **
  E100/300 Loss:4.717 lr:5.00e-04 0s
  >> Val MRR:0.3531 H@1:23.2% H@10:58.4% ** BEST **
  >> Val MRR:0.3816 H@1:25.4% H@10:61.8% ** BEST **
  E110/300 Loss:4.623 lr:5.00e-04 0s
  >> Val MRR:0.4180 H@1:28.8% H@10:66.6% ** BEST **
  >> Val MRR:0.4530 H@1:32.4% H@10:68.6% ** BEST **
  E120/300 Loss:4.540 lr:5.00e-04 0s
  >> Val MRR:0.4893 H@1:36.4% H@10:70.8% ** BEST **
  >> Val MRR:0.5215 H@1:40.0% H@10:72.6% ** BEST **
  E130/300 Loss:4.485 lr:5.00e-04 0s
  >> Val MRR:0.5481 H@1:43.2% H@10:74.8% ** BEST **
  >> Val MRR:0.5698 H@1:45.2% H@10:77.0% ** BEST **
  E140/300 Loss:4.439 lr:5.00e-04 0s
  >> Val MRR:0.5870 H@1:47.0% H@10:80.2% ** BEST **
  >> Val MRR:0.6001 H@1:48.2% H@10:81.2% ** BEST **
  E150/300 Loss:4.376 lr:5.00e-04 0s
  >> Val MRR:0.6157 H@1:49.6% H@10:82.4% ** BEST **
  >> Val MRR:0.6368 H@1:52.4% H@10:84.0% ** BEST **
  E160/300 Loss:4.333 lr:5.00e-04 0s
  >> Val MRR:0.6511 H@1:53.6% H@10:84.8% ** BEST **
  >> Val MRR:0.6631 H@1:54.6% H@10:85.8% ** BEST **
  E170/300 Loss:4.303 lr:5.00e-04 0s
  >> Val MRR:0.6799 H@1:56.6% H@10:87.0% ** BEST **
  >> Val MRR:0.6983 H@1:59.2% H@10:87.8% ** BEST **
  E180/300 Loss:4.298 lr:1.50e-04 0s
  >> Val MRR:0.7056 H@1:60.0% H@10:87.8% ** BEST **
  >> Val MRR:0.7061 H@1:59.8% H@10:87.8% ** BEST **
  E190/300 Loss:4.290 lr:1.50e-04 0s
  >> Val MRR:0.7103 H@1:60.2% H@10:88.4% ** BEST **
  >> Val MRR:0.7134 H@1:60.6% H@10:88.4% ** BEST **
  E200/300 Loss:4.288 lr:1.50e-04 0s
  >> Val MRR:0.7158 H@1:60.8% H@10:88.6% ** BEST **
  >> Val MRR:0.7226 H@1:62.0% H@10:88.8% ** BEST **
  E210/300 Loss:4.252 lr:1.50e-04 0s
  >> Val MRR:0.7274 H@1:62.6% H@10:88.8% ** BEST **
  >> Val MRR:0.7288 H@1:62.6% H@10:89.2% ** BEST **
  E220/300 Loss:4.265 lr:1.50e-04 0s
  >> Val MRR:0.7322 H@1:63.0% H@10:89.2% ** BEST **
  >> Val MRR:0.7349 H@1:63.4% H@10:89.6% ** BEST **
  E230/300 Loss:4.227 lr:1.50e-04 0s
  >> Val MRR:0.7394 H@1:64.0% H@10:89.8% ** BEST **
  >> Val MRR:0.7447 H@1:64.8% H@10:90.8% ** BEST **
  E240/300 Loss:4.237 lr:4.50e-05 0s
  >> Val MRR:0.7464 H@1:65.0% H@10:91.0% ** BEST **
  >> Val MRR:0.7467 H@1:65.0% H@10:91.0% ** BEST **
  E250/300 Loss:4.209 lr:4.50e-05 0s
  >> Val MRR:0.7487 H@1:65.4% H@10:91.0% ** BEST **
  >> Val MRR:0.7490 H@1:65.4% H@10:91.0% ** BEST **
  E260/300 Loss:4.226 lr:4.50e-05 0s
  >> Val MRR:0.7499 H@1:65.4% H@10:91.0% ** BEST **
  >> Val MRR:0.7547 H@1:66.2% H@10:91.0% ** BEST **
  E270/300 Loss:4.238 lr:4.50e-05 0s
  >> Val MRR:0.7555 H@1:66.4% H@10:91.0% ** BEST **
  >> Val MRR:0.7565 H@1:66.4% H@10:91.2% ** BEST **
  E280/300 Loss:4.235 lr:4.50e-05 0s
  >> Val MRR:0.7580 H@1:66.6% H@10:91.4% ** BEST **
  >> Val MRR:0.7580 H@1:66.6% H@10:91.4% ** BEST **
  E290/300 Loss:4.217 lr:4.50e-05 0s
  >> Val MRR:0.7591 H@1:66.8% H@10:91.4% ** BEST **
  >> Val MRR:0.7602 H@1:67.0% H@10:91.4% ** BEST **
  E300/300 Loss:4.198 lr:4.50e-05 0s
  >> Val MRR:0.7592 (best:0.7602 p:1/30)
  Training done: 11s, best_val_MRR=0.7602
  Full test evaluation (661 triples)...

  FINAL TEST: MRR=0.7541 H@1=64.9% H@3=84.1% H@10=91.2%
  Saved: /home/shanxh/decoder/UMLS_d100_L2_ls0.3_ComplEx_seed456.json
=== UMLS/ComplEx@d100/seed456 rc=0 in 14s ===
=== [4/25] UMLS/ComplEx@d400/seed42 ===
Device: cuda, AMP: True
GPU: NVIDIA GeForce RTX 2080 Ti, 11.3 GB
======================================================================
CompGCN+DistMult | UMLS | seed=42
d_h=400 L=2 lr=0.0005 ls=0.3 epochs=300
======================================================================
  KG: 135 ent, 92 rel, 10432 edges
  Train/Val/Test: 5216/652/661
  Params: 807,600
  Training: epochs=300, lr=0.0005, batch=4096, ls=0.3
  Steps/epoch: 1
  E  1/300 Loss:7.488 lr:5.00e-04 0s
  >> Val MRR:0.0551 H@1:1.4% H@10:12.2% ** BEST **
  E 10/300 Loss:6.615 lr:5.00e-04 0s
  >> Val MRR:0.0616 H@1:1.6% H@10:14.2% ** BEST **
  >> Val MRR:0.0755 H@1:2.8% H@10:15.6% ** BEST **
  E 20/300 Loss:5.890 lr:5.00e-04 0s
  >> Val MRR:0.0924 H@1:3.8% H@10:18.0% ** BEST **
  >> Val MRR:0.1139 H@1:4.8% H@10:23.4% ** BEST **
  E 30/300 Loss:5.423 lr:5.00e-04 0s
  >> Val MRR:0.1396 H@1:6.0% H@10:28.2% ** BEST **
  >> Val MRR:0.1770 H@1:8.4% H@10:37.0% ** BEST **
  E 40/300 Loss:5.089 lr:5.00e-04 0s
  >> Val MRR:0.2333 H@1:13.2% H@10:42.6% ** BEST **
  >> Val MRR:0.2969 H@1:19.0% H@10:50.4% ** BEST **
  E 50/300 Loss:4.813 lr:5.00e-04 0s
  >> Val MRR:0.3478 H@1:22.8% H@10:59.0% ** BEST **
  >> Val MRR:0.4061 H@1:27.4% H@10:64.6% ** BEST **
  E 60/300 Loss:4.633 lr:5.00e-04 0s
  >> Val MRR:0.4577 H@1:31.2% H@10:71.4% ** BEST **
  >> Val MRR:0.5027 H@1:36.6% H@10:75.8% ** BEST **
  E 70/300 Loss:4.570 lr:5.00e-04 0s
  >> Val MRR:0.5418 H@1:41.0% H@10:78.0% ** BEST **
  >> Val MRR:0.5786 H@1:45.2% H@10:79.2% ** BEST **
  E 80/300 Loss:4.422 lr:5.00e-04 0s
  >> Val MRR:0.6092 H@1:49.2% H@10:80.8% ** BEST **
  >> Val MRR:0.6247 H@1:51.8% H@10:82.4% ** BEST **
  E 90/300 Loss:4.348 lr:5.00e-04 0s
  >> Val MRR:0.6314 H@1:52.0% H@10:83.8% ** BEST **
  >> Val MRR:0.6510 H@1:53.6% H@10:84.6% ** BEST **
  E100/300 Loss:4.317 lr:5.00e-04 0s
  >> Val MRR:0.6678 H@1:56.0% H@10:85.4% ** BEST **
  >> Val MRR:0.6812 H@1:57.2% H@10:86.2% ** BEST **
  E110/300 Loss:4.250 lr:5.00e-04 0s
  >> Val MRR:0.7064 H@1:60.6% H@10:87.2% ** BEST **
  >> Val MRR:0.7192 H@1:62.4% H@10:88.4% ** BEST **
  E120/300 Loss:4.169 lr:5.00e-04 0s
  >> Val MRR:0.7286 H@1:63.6% H@10:88.2% ** BEST **
  >> Val MRR:0.7417 H@1:65.0% H@10:88.4% ** BEST **
  E130/300 Loss:4.154 lr:5.00e-04 0s
  >> Val MRR:0.7560 H@1:66.6% H@10:88.8% ** BEST **
  >> Val MRR:0.7674 H@1:68.6% H@10:89.2% ** BEST **
  E140/300 Loss:4.109 lr:5.00e-04 0s
  >> Val MRR:0.7797 H@1:70.2% H@10:89.8% ** BEST **
  >> Val MRR:0.7835 H@1:70.0% H@10:89.8% ** BEST **
  E150/300 Loss:4.076 lr:5.00e-04 0s
  >> Val MRR:0.7973 H@1:71.6% H@10:90.0% ** BEST **
  >> Val MRR:0.8046 H@1:72.8% H@10:90.6% ** BEST **
  E160/300 Loss:4.060 lr:5.00e-04 0s
  >> Val MRR:0.8213 H@1:75.0% H@10:91.0% ** BEST **
  >> Val MRR:0.8241 H@1:75.4% H@10:91.6% ** BEST **
  E170/300 Loss:4.031 lr:5.00e-04 0s
  >> Val MRR:0.8389 H@1:78.0% H@10:91.8% ** BEST **
  >> Val MRR:0.8393 H@1:78.0% H@10:91.8% ** BEST **
  E180/300 Loss:3.993 lr:1.50e-04 0s
  >> Val MRR:0.8453 H@1:78.8% H@10:92.2% ** BEST **
  >> Val MRR:0.8482 H@1:79.2% H@10:92.4% ** BEST **
  E190/300 Loss:3.986 lr:1.50e-04 0s
  >> Val MRR:0.8507 H@1:79.6% H@10:92.6% ** BEST **
  >> Val MRR:0.8550 H@1:80.4% H@10:92.6% ** BEST **
  E200/300 Loss:3.982 lr:1.50e-04 0s
  >> Val MRR:0.8546 (best:0.8550 p:1/30)
  >> Val MRR:0.8604 H@1:81.2% H@10:92.8% ** BEST **
  E210/300 Loss:3.975 lr:1.50e-04 0s
  >> Val MRR:0.8587 (best:0.8604 p:1/30)
  >> Val MRR:0.8584 (best:0.8604 p:2/30)
  E220/300 Loss:3.947 lr:1.50e-04 0s
  >> Val MRR:0.8589 (best:0.8604 p:3/30)
  E230/300 Loss:3.966 lr:1.50e-04 0s
  >> Val MRR:0.8615 H@1:81.0% H@10:93.0% ** BEST **
  >> Val MRR:0.8584 (best:0.8615 p:1/30)
  E240/300 Loss:3.954 lr:4.50e-05 0s
  >> Val MRR:0.8593 (best:0.8615 p:2/30)
  >> Val MRR:0.8583 (best:0.8615 p:3/30)
  E250/300 Loss:3.941 lr:4.50e-05 0s
  E260/300 Loss:3.959 lr:4.50e-05 0s
  E270/300 Loss:3.950 lr:4.50e-05 0s
  E280/300 Loss:3.939 lr:4.50e-05 0s
  >> Val MRR:0.8583 (best:0.8615 p:10/30)
  E290/300 Loss:3.929 lr:4.50e-05 0s
  >> Val MRR:0.8616 H@1:80.6% H@10:93.0% ** BEST **
  E300/300 Loss:3.938 lr:4.50e-05 0s
  >> Val MRR:0.8621 H@1:80.6% H@10:93.0% ** BEST **
  Training done: 12s, best_val_MRR=0.8621
  Full test evaluation (661 triples)...

  FINAL TEST: MRR=0.8412 H@1=77.5% H@3=89.0% H@10=95.5%
  Saved: /home/shanxh/decoder/UMLS_d400_L2_ls0.3_ComplEx_seed42.json
=== UMLS/ComplEx@d400/seed42 rc=0 in 14s ===
=== [5/25] UMLS/ComplEx@d400/seed123 ===
Device: cuda, AMP: True
GPU: NVIDIA GeForce RTX 2080 Ti, 11.3 GB
======================================================================
CompGCN+DistMult | UMLS | seed=123
d_h=400 L=2 lr=0.0005 ls=0.3 epochs=300
======================================================================
  KG: 135 ent, 92 rel, 10432 edges
  Train/Val/Test: 5216/652/661
  Params: 807,600
  Training: epochs=300, lr=0.0005, batch=4096, ls=0.3
  Steps/epoch: 1
  E  1/300 Loss:7.608 lr:5.00e-04 0s
  >> Val MRR:0.0534 H@1:1.2% H@10:10.6% ** BEST **
  E 10/300 Loss:6.673 lr:5.00e-04 0s
  >> Val MRR:0.0571 H@1:1.4% H@10:10.6% ** BEST **
  >> Val MRR:0.0607 H@1:1.2% H@10:12.8% ** BEST **
  E 20/300 Loss:5.958 lr:5.00e-04 0s
  >> Val MRR:0.0755 H@1:2.6% H@10:14.8% ** BEST **
  >> Val MRR:0.0929 H@1:4.4% H@10:16.8% ** BEST **
  E 30/300 Loss:5.454 lr:5.00e-04 0s
  >> Val MRR:0.1109 H@1:5.6% H@10:19.6% ** BEST **
  >> Val MRR:0.1397 H@1:7.2% H@10:25.0% ** BEST **
  E 40/300 Loss:5.052 lr:5.00e-04 0s
  >> Val MRR:0.1780 H@1:9.4% H@10:33.8% ** BEST **
  >> Val MRR:0.2409 H@1:14.4% H@10:42.4% ** BEST **
  E 50/300 Loss:4.854 lr:5.00e-04 0s
  >> Val MRR:0.3076 H@1:18.6% H@10:55.4% ** BEST **
  >> Val MRR:0.3749 H@1:24.6% H@10:62.6% ** BEST **
  E 60/300 Loss:4.663 lr:5.00e-04 0s
  >> Val MRR:0.4347 H@1:30.4% H@10:68.6% ** BEST **
  >> Val MRR:0.4892 H@1:35.4% H@10:73.4% ** BEST **
  E 70/300 Loss:4.544 lr:5.00e-04 0s
  >> Val MRR:0.5338 H@1:40.6% H@10:77.0% ** BEST **
  >> Val MRR:0.5704 H@1:45.8% H@10:79.4% ** BEST **
  E 80/300 Loss:4.469 lr:5.00e-04 0s
  >> Val MRR:0.6033 H@1:50.2% H@10:81.0% ** BEST **
  >> Val MRR:0.6320 H@1:53.4% H@10:82.4% ** BEST **
  E 90/300 Loss:4.360 lr:5.00e-04 0s
  >> Val MRR:0.6587 H@1:57.0% H@10:83.4% ** BEST **
  >> Val MRR:0.6732 H@1:58.2% H@10:84.0% ** BEST **
  E100/300 Loss:4.295 lr:5.00e-04 0s
  >> Val MRR:0.6914 H@1:59.8% H@10:85.8% ** BEST **
  >> Val MRR:0.7039 H@1:61.4% H@10:85.8% ** BEST **
  E110/300 Loss:4.248 lr:5.00e-04 0s
  >> Val MRR:0.7180 H@1:62.6% H@10:86.8% ** BEST **
  >> Val MRR:0.7270 H@1:63.8% H@10:87.6% ** BEST **
  E120/300 Loss:4.194 lr:5.00e-04 0s
  >> Val MRR:0.7415 H@1:66.0% H@10:87.6% ** BEST **
  >> Val MRR:0.7521 H@1:67.0% H@10:87.8% ** BEST **
  E130/300 Loss:4.140 lr:5.00e-04 0s
  >> Val MRR:0.7634 H@1:68.2% H@10:89.2% ** BEST **
  >> Val MRR:0.7708 H@1:68.4% H@10:90.0% ** BEST **
  E140/300 Loss:4.131 lr:5.00e-04 0s
  >> Val MRR:0.7880 H@1:70.8% H@10:89.8% ** BEST **
  >> Val MRR:0.7945 H@1:72.0% H@10:90.6% ** BEST **
  E150/300 Loss:4.090 lr:5.00e-04 0s
  >> Val MRR:0.8035 H@1:73.6% H@10:91.2% ** BEST **
  >> Val MRR:0.8119 H@1:75.0% H@10:92.0% ** BEST **
  E160/300 Loss:4.049 lr:5.00e-04 0s
  >> Val MRR:0.8185 H@1:75.8% H@10:91.8% ** BEST **
  >> Val MRR:0.8226 H@1:75.6% H@10:92.4% ** BEST **
  E170/300 Loss:4.013 lr:5.00e-04 0s
  >> Val MRR:0.8318 H@1:76.8% H@10:93.0% ** BEST **
  >> Val MRR:0.8355 H@1:77.2% H@10:93.2% ** BEST **
  E180/300 Loss:3.987 lr:1.50e-04 0s
  >> Val MRR:0.8406 H@1:78.0% H@10:93.0% ** BEST **
  >> Val MRR:0.8410 H@1:78.2% H@10:93.2% ** BEST **
  E190/300 Loss:3.977 lr:1.50e-04 0s
  >> Val MRR:0.8413 H@1:78.2% H@10:93.2% ** BEST **
  >> Val MRR:0.8436 H@1:78.4% H@10:93.4% ** BEST **
  E200/300 Loss:3.976 lr:1.50e-04 0s
  >> Val MRR:0.8460 H@1:78.6% H@10:93.4% ** BEST **
  >> Val MRR:0.8498 H@1:79.0% H@10:93.6% ** BEST **
  E210/300 Loss:3.984 lr:1.50e-04 0s
  >> Val MRR:0.8516 H@1:79.4% H@10:93.6% ** BEST **
  >> Val MRR:0.8541 H@1:79.6% H@10:93.6% ** BEST **
  E220/300 Loss:3.965 lr:1.50e-04 0s
  >> Val MRR:0.8562 H@1:80.0% H@10:93.6% ** BEST **
  >> Val MRR:0.8595 H@1:80.4% H@10:94.0% ** BEST **
  E230/300 Loss:3.991 lr:1.50e-04 0s
  >> Val MRR:0.8600 H@1:80.4% H@10:93.8% ** BEST **
  >> Val MRR:0.8621 H@1:80.6% H@10:94.2% ** BEST **
  E240/300 Loss:3.962 lr:4.50e-05 0s
  >> Val MRR:0.8626 H@1:80.6% H@10:94.4% ** BEST **
  >> Val MRR:0.8625 (best:0.8626 p:1/30)
  E250/300 Loss:3.942 lr:4.50e-05 0s
  >> Val MRR:0.8625 (best:0.8626 p:2/30)
  >> Val MRR:0.8619 (best:0.8626 p:3/30)
  E260/300 Loss:3.953 lr:4.50e-05 0s
  E270/300 Loss:3.953 lr:4.50e-05 0s
  >> Val MRR:0.8639 H@1:80.8% H@10:94.4% ** BEST **
  >> Val MRR:0.8682 H@1:81.8% H@10:94.4% ** BEST **
  E280/300 Loss:3.947 lr:4.50e-05 0s
  >> Val MRR:0.8673 (best:0.8682 p:1/30)
  >> Val MRR:0.8673 (best:0.8682 p:2/30)
  E290/300 Loss:3.961 lr:4.50e-05 0s
  >> Val MRR:0.8706 H@1:82.0% H@10:94.6% ** BEST **
  >> Val MRR:0.8685 (best:0.8706 p:1/30)
  E300/300 Loss:3.942 lr:4.50e-05 0s
  >> Val MRR:0.8660 (best:0.8706 p:2/30)
  Training done: 12s, best_val_MRR=0.8706
  Full test evaluation (661 triples)...

  FINAL TEST: MRR=0.8541 H@1=78.8% H@3=90.3% H@10=96.1%
  Saved: /home/shanxh/decoder/UMLS_d400_L2_ls0.3_ComplEx_seed123.json
=== UMLS/ComplEx@d400/seed123 rc=0 in 14s ===
=== [6/25] UMLS/ComplEx@d400/seed456 ===
Device: cuda, AMP: True
GPU: NVIDIA GeForce RTX 2080 Ti, 11.3 GB
======================================================================
CompGCN+DistMult | UMLS | seed=456
d_h=400 L=2 lr=0.0005 ls=0.3 epochs=300
======================================================================
  KG: 135 ent, 92 rel, 10432 edges
  Train/Val/Test: 5216/652/661
  Params: 807,600
  Training: epochs=300, lr=0.0005, batch=4096, ls=0.3
  Steps/epoch: 1
  E  1/300 Loss:7.535 lr:5.00e-04 0s
  >> Val MRR:0.0461 H@1:0.8% H@10:9.2% ** BEST **
  E 10/300 Loss:6.588 lr:5.00e-04 0s
  >> Val MRR:0.0468 H@1:1.0% H@10:9.2% ** BEST **
  >> Val MRR:0.0484 H@1:0.8% H@10:10.4% ** BEST **
  E 20/300 Loss:5.939 lr:5.00e-04 0s
  >> Val MRR:0.0558 H@1:1.0% H@10:12.8% ** BEST **
  >> Val MRR:0.0754 H@1:2.2% H@10:16.6% ** BEST **
  E 30/300 Loss:5.393 lr:5.00e-04 0s
  >> Val MRR:0.1017 H@1:4.0% H@10:23.0% ** BEST **
  >> Val MRR:0.1370 H@1:6.0% H@10:30.0% ** BEST **
  E 40/300 Loss:5.076 lr:5.00e-04 0s
  >> Val MRR:0.1958 H@1:9.8% H@10:38.8% ** BEST **
  >> Val MRR:0.2643 H@1:15.2% H@10:49.0% ** BEST **
  E 50/300 Loss:4.848 lr:5.00e-04 0s
  >> Val MRR:0.3536 H@1:23.4% H@10:60.0% ** BEST **
  >> Val MRR:0.4228 H@1:30.2% H@10:65.6% ** BEST **
  E 60/300 Loss:4.684 lr:5.00e-04 0s
  >> Val MRR:0.4718 H@1:35.0% H@10:69.4% ** BEST **
  >> Val MRR:0.5100 H@1:38.6% H@10:73.2% ** BEST **
  E 70/300 Loss:4.546 lr:5.00e-04 0s
  >> Val MRR:0.5542 H@1:44.2% H@10:74.4% ** BEST **
  >> Val MRR:0.5730 H@1:46.4% H@10:76.8% ** BEST **
  E 80/300 Loss:4.413 lr:5.00e-04 0s
  >> Val MRR:0.5883 H@1:48.2% H@10:78.8% ** BEST **
  >> Val MRR:0.5942 H@1:48.2% H@10:80.2% ** BEST **
  E 90/300 Loss:4.346 lr:5.00e-04 0s
  >> Val MRR:0.6160 H@1:51.2% H@10:81.8% ** BEST **
  >> Val MRR:0.6235 H@1:51.2% H@10:82.0% ** BEST **
  E100/300 Loss:4.293 lr:5.00e-04 0s
  >> Val MRR:0.6471 H@1:54.6% H@10:84.0% ** BEST **
  >> Val MRR:0.6596 H@1:55.8% H@10:84.6% ** BEST **
  E110/300 Loss:4.269 lr:5.00e-04 0s
  >> Val MRR:0.6750 H@1:57.2% H@10:85.4% ** BEST **
  >> Val MRR:0.6831 H@1:58.2% H@10:85.8% ** BEST **
  E120/300 Loss:4.191 lr:5.00e-04 0s
  >> Val MRR:0.6994 H@1:60.4% H@10:87.4% ** BEST **
  >> Val MRR:0.7077 H@1:60.6% H@10:88.4% ** BEST **
  E130/300 Loss:4.161 lr:5.00e-04 0s
  >> Val MRR:0.7313 H@1:64.0% H@10:88.6% ** BEST **
  >> Val MRR:0.7440 H@1:65.4% H@10:89.0% ** BEST **
  E140/300 Loss:4.104 lr:5.00e-04 0s
  >> Val MRR:0.7509 H@1:66.2% H@10:88.8% ** BEST **
  >> Val MRR:0.7565 H@1:66.6% H@10:89.8% ** BEST **
  E150/300 Loss:4.077 lr:5.00e-04 0s
  >> Val MRR:0.7638 H@1:67.4% H@10:90.4% ** BEST **
  >> Val MRR:0.7816 H@1:70.0% H@10:91.0% ** BEST **
  E160/300 Loss:4.040 lr:5.00e-04 0s
  >> Val MRR:0.7984 H@1:72.2% H@10:92.0% ** BEST **
  >> Val MRR:0.8061 H@1:73.2% H@10:92.2% ** BEST **
  E170/300 Loss:4.020 lr:5.00e-04 0s
  >> Val MRR:0.8148 H@1:74.4% H@10:92.2% ** BEST **
  >> Val MRR:0.8125 (best:0.8148 p:1/30)
  E180/300 Loss:3.999 lr:1.50e-04 0s
  >> Val MRR:0.8138 (best:0.8148 p:2/30)
  >> Val MRR:0.8167 H@1:74.0% H@10:92.6% ** BEST **
  E190/300 Loss:3.993 lr:1.50e-04 0s
  >> Val MRR:0.8160 (best:0.8167 p:1/30)
  >> Val MRR:0.8164 (best:0.8167 p:2/30)
  E200/300 Loss:3.995 lr:1.50e-04 0s
  >> Val MRR:0.8205 H@1:74.2% H@10:92.6% ** BEST **
  >> Val MRR:0.8195 (best:0.8205 p:1/30)
  E210/300 Loss:3.971 lr:1.50e-04 0s
  >> Val MRR:0.8250 H@1:74.8% H@10:92.8% ** BEST **
  >> Val MRR:0.8260 H@1:75.0% H@10:93.2% ** BEST **
  E220/300 Loss:3.973 lr:1.50e-04 0s
  >> Val MRR:0.8317 H@1:76.0% H@10:93.2% ** BEST **
  >> Val MRR:0.8367 H@1:76.8% H@10:93.2% ** BEST **
  E230/300 Loss:3.976 lr:1.50e-04 0s
  >> Val MRR:0.8327 (best:0.8367 p:1/30)
  >> Val MRR:0.8355 (best:0.8367 p:2/30)
  E240/300 Loss:3.947 lr:4.50e-05 0s
  >> Val MRR:0.8379 H@1:77.0% H@10:93.8% ** BEST **
  >> Val MRR:0.8406 H@1:77.4% H@10:93.8% ** BEST **
  E250/300 Loss:3.950 lr:4.50e-05 0s
  >> Val MRR:0.8398 (best:0.8406 p:1/30)
  >> Val MRR:0.8406 H@1:77.2% H@10:93.8% ** BEST **
  E260/300 Loss:3.969 lr:4.50e-05 0s
  >> Val MRR:0.8385 (best:0.8406 p:1/30)
  >> Val MRR:0.8410 H@1:77.4% H@10:93.8% ** BEST **
  E270/300 Loss:3.943 lr:4.50e-05 0s
  >> Val MRR:0.8397 (best:0.8410 p:1/30)
  >> Val MRR:0.8437 H@1:77.8% H@10:93.8% ** BEST **
  E280/300 Loss:3.932 lr:4.50e-05 0s
  >> Val MRR:0.8463 H@1:78.2% H@10:93.8% ** BEST **
  >> Val MRR:0.8445 (best:0.8463 p:1/30)
  E290/300 Loss:3.950 lr:4.50e-05 0s
  >> Val MRR:0.8444 (best:0.8463 p:2/30)
  >> Val MRR:0.8448 (best:0.8463 p:3/30)
  E300/300 Loss:3.948 lr:4.50e-05 0s
  Training done: 12s, best_val_MRR=0.8463
  Full test evaluation (661 triples)...

  FINAL TEST: MRR=0.8337 H@1=75.6% H@3=89.7% H@10=94.7%
  Saved: /home/shanxh/decoder/UMLS_d400_L2_ls0.3_ComplEx_seed456.json
=== UMLS/ComplEx@d400/seed456 rc=0 in 14s ===
=== [7/25] UMLS/DistMult@d400/seed42 ===
Device: cuda, AMP: True
GPU: NVIDIA GeForce RTX 2080 Ti, 11.3 GB
======================================================================
CompGCN+DistMult | UMLS | seed=42
d_h=400 L=2 lr=0.0005 ls=0.3 epochs=300
======================================================================
  KG: 135 ent, 92 rel, 10432 edges
  Train/Val/Test: 5216/652/661
  Params: 807,600
  Training: epochs=300, lr=0.0005, batch=4096, ls=0.3
  Steps/epoch: 1
  E  1/300 Loss:5.768 lr:5.00e-04 0s
  >> Val MRR:0.0462 H@1:0.8% H@10:9.0% ** BEST **
  E 10/300 Loss:5.221 lr:5.00e-04 0s
  >> Val MRR:0.0534 H@1:1.4% H@10:9.0% ** BEST **
  >> Val MRR:0.0623 H@1:2.4% H@10:9.6% ** BEST **
  E 20/300 Loss:4.803 lr:5.00e-04 0s
  >> Val MRR:0.0715 H@1:2.4% H@10:13.6% ** BEST **
  >> Val MRR:0.1041 H@1:4.0% H@10:22.0% ** BEST **
  E 30/300 Loss:4.475 lr:5.00e-04 0s
  >> Val MRR:0.1741 H@1:9.2% H@10:33.0% ** BEST **
  >> Val MRR:0.2696 H@1:16.2% H@10:49.8% ** BEST **
  E 40/300 Loss:4.302 lr:5.00e-04 0s
  >> Val MRR:0.4014 H@1:29.0% H@10:64.2% ** BEST **
  >> Val MRR:0.4959 H@1:39.0% H@10:71.6% ** BEST **
  E 50/300 Loss:4.186 lr:5.00e-04 0s
  >> Val MRR:0.5760 H@1:46.0% H@10:80.6% ** BEST **
  >> Val MRR:0.6396 H@1:53.2% H@10:84.0% ** BEST **
  E 60/300 Loss:4.130 lr:5.00e-04 0s
  >> Val MRR:0.6763 H@1:57.2% H@10:85.8% ** BEST **
  >> Val MRR:0.6976 H@1:60.0% H@10:86.6% ** BEST **
  E 70/300 Loss:4.067 lr:5.00e-04 0s
  >> Val MRR:0.7134 H@1:62.4% H@10:87.6% ** BEST **
  >> Val MRR:0.7261 H@1:63.4% H@10:88.6% ** BEST **
  E 80/300 Loss:4.038 lr:5.00e-04 0s
  >> Val MRR:0.7436 H@1:65.6% H@10:89.2% ** BEST **
  >> Val MRR:0.7567 H@1:67.0% H@10:90.4% ** BEST **
  E 90/300 Loss:3.980 lr:5.00e-04 0s
  >> Val MRR:0.7669 H@1:69.2% H@10:90.6% ** BEST **
  >> Val MRR:0.7692 H@1:69.0% H@10:91.2% ** BEST **
  E100/300 Loss:3.945 lr:5.00e-04 0s
  >> Val MRR:0.7756 H@1:70.2% H@10:91.4% ** BEST **
  >> Val MRR:0.7752 (best:0.7756 p:1/30)
  E110/300 Loss:3.930 lr:5.00e-04 0s
  >> Val MRR:0.7904 H@1:71.4% H@10:92.6% ** BEST **
  >> Val MRR:0.8022 H@1:73.2% H@10:93.4% ** BEST **
  E120/300 Loss:3.909 lr:5.00e-04 0s
  >> Val MRR:0.8079 H@1:73.6% H@10:94.6% ** BEST **
  >> Val MRR:0.8225 H@1:76.0% H@10:94.8% ** BEST **
  E130/300 Loss:3.887 lr:5.00e-04 0s
  >> Val MRR:0.8259 H@1:76.4% H@10:94.2% ** BEST **
  >> Val MRR:0.8224 (best:0.8259 p:1/30)
  E140/300 Loss:3.874 lr:5.00e-04 0s
  >> Val MRR:0.8212 (best:0.8259 p:2/30)
  >> Val MRR:0.8213 (best:0.8259 p:3/30)
  E150/300 Loss:3.868 lr:5.00e-04 0s
  >> Val MRR:0.8332 H@1:77.2% H@10:95.6% ** BEST **
  >> Val MRR:0.8513 H@1:80.0% H@10:95.4% ** BEST **
  E160/300 Loss:3.860 lr:5.00e-04 0s
  >> Val MRR:0.8484 (best:0.8513 p:1/30)
  >> Val MRR:0.8467 (best:0.8513 p:2/30)
  E170/300 Loss:3.849 lr:5.00e-04 0s
  >> Val MRR:0.8451 (best:0.8513 p:3/30)
  >> Val MRR:0.8566 H@1:80.2% H@10:96.2% ** BEST **
  E180/300 Loss:3.838 lr:1.50e-04 0s
  >> Val MRR:0.8546 (best:0.8566 p:1/30)
  >> Val MRR:0.8572 H@1:80.2% H@10:96.0% ** BEST **
  E190/300 Loss:3.835 lr:1.50e-04 0s
  >> Val MRR:0.8598 H@1:80.4% H@10:96.4% ** BEST **
  >> Val MRR:0.8624 H@1:81.0% H@10:96.6% ** BEST **
  E200/300 Loss:3.845 lr:1.50e-04 0s
  >> Val MRR:0.8626 H@1:81.0% H@10:96.6% ** BEST **
  >> Val MRR:0.8637 H@1:81.4% H@10:96.6% ** BEST **
  E210/300 Loss:3.837 lr:1.50e-04 0s
  >> Val MRR:0.8603 (best:0.8637 p:1/30)
  >> Val MRR:0.8647 H@1:81.8% H@10:96.6% ** BEST **
  E220/300 Loss:3.819 lr:1.50e-04 0s
  >> Val MRR:0.8578 (best:0.8647 p:1/30)
  >> Val MRR:0.8565 (best:0.8647 p:2/30)
  E230/300 Loss:3.814 lr:1.50e-04 0s
  >> Val MRR:0.8566 (best:0.8647 p:3/30)
  E240/300 Loss:3.819 lr:4.50e-05 0s
  E250/300 Loss:3.827 lr:4.50e-05 0s
  E260/300 Loss:3.822 lr:4.50e-05 0s
  >> Val MRR:0.8622 (best:0.8647 p:10/30)
  E270/300 Loss:3.824 lr:4.50e-05 0s
  E280/300 Loss:3.818 lr:4.50e-05 0s
  E290/300 Loss:3.813 lr:4.50e-05 0s
  E300/300 Loss:3.822 lr:4.50e-05 0s
  Training done: 11s, best_val_MRR=0.8647
  Full test evaluation (661 triples)...

  FINAL TEST: MRR=0.8432 H@1=77.8% H@3=88.5% H@10=97.3%
  Saved: /home/shanxh/decoder/UMLS_d400_L2_ls0.3_seed42.json
=== UMLS/DistMult@d400/seed42 rc=0 in 14s ===
=== [8/25] UMLS/DistMult@d400/seed123 ===
Device: cuda, AMP: True
GPU: NVIDIA GeForce RTX 2080 Ti, 11.3 GB
======================================================================
CompGCN+DistMult | UMLS | seed=123
d_h=400 L=2 lr=0.0005 ls=0.3 epochs=300
======================================================================
  KG: 135 ent, 92 rel, 10432 edges
  Train/Val/Test: 5216/652/661
  Params: 807,600
  Training: epochs=300, lr=0.0005, batch=4096, ls=0.3
  Steps/epoch: 1
  E  1/300 Loss:5.784 lr:5.00e-04 0s
  >> Val MRR:0.0480 H@1:1.4% H@10:8.4% ** BEST **
  E 10/300 Loss:5.207 lr:5.00e-04 0s
  >> Val MRR:0.0395 (best:0.0480 p:1/30)
  >> Val MRR:0.0415 (best:0.0480 p:2/30)
  E 20/300 Loss:4.758 lr:5.00e-04 0s
  >> Val MRR:0.0533 H@1:1.2% H@10:11.6% ** BEST **
  >> Val MRR:0.0799 H@1:2.4% H@10:17.6% ** BEST **
  E 30/300 Loss:4.488 lr:5.00e-04 0s
  >> Val MRR:0.1270 H@1:4.6% H@10:26.8% ** BEST **
  >> Val MRR:0.2203 H@1:12.2% H@10:41.6% ** BEST **
  E 40/300 Loss:4.302 lr:5.00e-04 0s
  >> Val MRR:0.3243 H@1:21.0% H@10:56.0% ** BEST **
  >> Val MRR:0.4346 H@1:32.0% H@10:67.4% ** BEST **
  E 50/300 Loss:4.212 lr:5.00e-04 0s
  >> Val MRR:0.5278 H@1:40.8% H@10:76.8% ** BEST **
  >> Val MRR:0.6030 H@1:49.2% H@10:81.6% ** BEST **
  E 60/300 Loss:4.125 lr:5.00e-04 0s
  >> Val MRR:0.6444 H@1:54.2% H@10:84.6% ** BEST **
  >> Val MRR:0.6786 H@1:58.8% H@10:86.0% ** BEST **
  E 70/300 Loss:4.083 lr:5.00e-04 0s
  >> Val MRR:0.6996 H@1:61.0% H@10:88.0% ** BEST **
  >> Val MRR:0.7286 H@1:64.0% H@10:89.4% ** BEST **
  E 80/300 Loss:4.037 lr:5.00e-04 0s
  >> Val MRR:0.7458 H@1:66.4% H@10:89.6% ** BEST **
  >> Val MRR:0.7536 H@1:67.2% H@10:89.6% ** BEST **
  E 90/300 Loss:4.004 lr:5.00e-04 0s
  >> Val MRR:0.7698 H@1:69.2% H@10:89.8% ** BEST **
  >> Val MRR:0.7791 H@1:70.6% H@10:91.8% ** BEST **
  E100/300 Loss:3.967 lr:5.00e-04 0s
  >> Val MRR:0.7887 H@1:71.6% H@10:92.0% ** BEST **
  >> Val MRR:0.7938 H@1:72.6% H@10:92.0% ** BEST **
  E110/300 Loss:3.939 lr:5.00e-04 0s
  >> Val MRR:0.8022 H@1:73.4% H@10:91.8% ** BEST **
  >> Val MRR:0.8174 H@1:75.8% H@10:92.2% ** BEST **
  E120/300 Loss:3.921 lr:5.00e-04 0s
  >> Val MRR:0.8159 (best:0.8174 p:1/30)
  >> Val MRR:0.8246 H@1:76.8% H@10:93.2% ** BEST **
  E130/300 Loss:3.898 lr:5.00e-04 0s
  >> Val MRR:0.8144 (best:0.8246 p:1/30)
  >> Val MRR:0.8178 (best:0.8246 p:2/30)
  E140/300 Loss:3.881 lr:5.00e-04 0s
  >> Val MRR:0.8274 H@1:77.2% H@10:93.4% ** BEST **
  >> Val MRR:0.8374 H@1:78.0% H@10:93.8% ** BEST **
  E150/300 Loss:3.869 lr:5.00e-04 0s
  >> Val MRR:0.8359 (best:0.8374 p:1/30)
  >> Val MRR:0.8355 (best:0.8374 p:2/30)
  E160/300 Loss:3.872 lr:5.00e-04 0s
  >> Val MRR:0.8333 (best:0.8374 p:3/30)
  >> Val MRR:0.8385 H@1:78.2% H@10:94.8% ** BEST **
  E170/300 Loss:3.849 lr:5.00e-04 0s
  >> Val MRR:0.8451 H@1:79.0% H@10:95.4% ** BEST **
  >> Val MRR:0.8480 H@1:79.2% H@10:95.8% ** BEST **
  E180/300 Loss:3.838 lr:1.50e-04 0s
  >> Val MRR:0.8494 H@1:79.0% H@10:96.0% ** BEST **
  >> Val MRR:0.8535 H@1:79.6% H@10:96.0% ** BEST **
  E190/300 Loss:3.839 lr:1.50e-04 0s
  >> Val MRR:0.8522 (best:0.8535 p:1/30)
  >> Val MRR:0.8542 H@1:79.8% H@10:96.0% ** BEST **
  E200/300 Loss:3.837 lr:1.50e-04 0s
  >> Val MRR:0.8646 H@1:81.2% H@10:96.2% ** BEST **
  >> Val MRR:0.8652 H@1:81.4% H@10:96.2% ** BEST **
  E210/300 Loss:3.838 lr:1.50e-04 0s
  >> Val MRR:0.8631 (best:0.8652 p:1/30)
  >> Val MRR:0.8603 (best:0.8652 p:2/30)
  E220/300 Loss:3.830 lr:1.50e-04 0s
  >> Val MRR:0.8590 (best:0.8652 p:3/30)
  E230/300 Loss:3.831 lr:1.50e-04 0s
  E240/300 Loss:3.820 lr:4.50e-05 0s
  E250/300 Loss:3.826 lr:4.50e-05 0s
  >> Val MRR:0.8608 (best:0.8652 p:10/30)
  E260/300 Loss:3.818 lr:4.50e-05 0s
  E270/300 Loss:3.821 lr:4.50e-05 0s
  E280/300 Loss:3.819 lr:4.50e-05 0s
  E290/300 Loss:3.822 lr:4.50e-05 0s
  E300/300 Loss:3.821 lr:4.50e-05 0s
  Training done: 12s, best_val_MRR=0.8652
  Full test evaluation (661 triples)...

  FINAL TEST: MRR=0.8371 H@1=77.5% H@3=87.6% H@10=95.9%
  Saved: /home/shanxh/decoder/UMLS_d400_L2_ls0.3_seed123.json
=== UMLS/DistMult@d400/seed123 rc=0 in 14s ===
=== [9/25] UMLS/DistMult@d400/seed456 ===
Device: cuda, AMP: True
GPU: NVIDIA GeForce RTX 2080 Ti, 11.3 GB
======================================================================
CompGCN+DistMult | UMLS | seed=456
d_h=400 L=2 lr=0.0005 ls=0.3 epochs=300
======================================================================
  KG: 135 ent, 92 rel, 10432 edges
  Train/Val/Test: 5216/652/661
  Params: 807,600
  Training: epochs=300, lr=0.0005, batch=4096, ls=0.3
  Steps/epoch: 1
  E  1/300 Loss:5.757 lr:5.00e-04 0s
  >> Val MRR:0.0460 H@1:0.6% H@10:9.0% ** BEST **
  E 10/300 Loss:5.198 lr:5.00e-04 0s
  >> Val MRR:0.0540 H@1:1.0% H@10:10.6% ** BEST **
  >> Val MRR:0.0701 H@1:2.6% H@10:12.8% ** BEST **
  E 20/300 Loss:4.771 lr:5.00e-04 0s
  >> Val MRR:0.0931 H@1:3.8% H@10:17.8% ** BEST **
  >> Val MRR:0.1337 H@1:6.2% H@10:25.2% ** BEST **
  E 30/300 Loss:4.451 lr:5.00e-04 0s
  >> Val MRR:0.1999 H@1:11.6% H@10:35.8% ** BEST **
  >> Val MRR:0.3008 H@1:19.4% H@10:51.4% ** BEST **
  E 40/300 Loss:4.275 lr:5.00e-04 0s
  >> Val MRR:0.4094 H@1:28.2% H@10:65.4% ** BEST **
  >> Val MRR:0.5061 H@1:37.4% H@10:74.6% ** BEST **
  E 50/300 Loss:4.189 lr:5.00e-04 0s
  >> Val MRR:0.5934 H@1:47.4% H@10:83.0% ** BEST **
  >> Val MRR:0.6542 H@1:55.6% H@10:87.0% ** BEST **
  E 60/300 Loss:4.110 lr:5.00e-04 0s
  >> Val MRR:0.6956 H@1:60.2% H@10:88.0% ** BEST **
  >> Val MRR:0.7196 H@1:63.6% H@10:88.4% ** BEST **
  E 70/300 Loss:4.052 lr:5.00e-04 0s
  >> Val MRR:0.7343 H@1:66.4% H@10:89.4% ** BEST **
  >> Val MRR:0.7434 H@1:66.8% H@10:89.2% ** BEST **
  E 80/300 Loss:4.011 lr:5.00e-04 0s
  >> Val MRR:0.7572 H@1:69.0% H@10:90.2% ** BEST **
  >> Val MRR:0.7632 H@1:69.0% H@10:91.2% ** BEST **
  E 90/300 Loss:3.970 lr:5.00e-04 0s
  >> Val MRR:0.7696 H@1:69.8% H@10:90.8% ** BEST **
  >> Val MRR:0.7744 H@1:70.4% H@10:90.6% ** BEST **
  E100/300 Loss:3.948 lr:5.00e-04 0s
  >> Val MRR:0.7926 H@1:73.6% H@10:90.8% ** BEST **
  >> Val MRR:0.8046 H@1:75.0% H@10:92.4% ** BEST **
  E110/300 Loss:3.920 lr:5.00e-04 0s
  >> Val MRR:0.8155 H@1:76.2% H@10:92.4% ** BEST **
  >> Val MRR:0.8228 H@1:76.8% H@10:93.0% ** BEST **
  E120/300 Loss:3.910 lr:5.00e-04 0s
  >> Val MRR:0.8240 H@1:77.0% H@10:93.4% ** BEST **
  >> Val MRR:0.8222 (best:0.8240 p:1/30)
  E130/300 Loss:3.908 lr:5.00e-04 0s
  >> Val MRR:0.8267 H@1:77.0% H@10:94.2% ** BEST **
  >> Val MRR:0.8366 H@1:78.2% H@10:94.2% ** BEST **
  E140/300 Loss:3.883 lr:5.00e-04 0s
  >> Val MRR:0.8371 H@1:78.0% H@10:94.2% ** BEST **
  >> Val MRR:0.8418 H@1:78.4% H@10:94.0% ** BEST **
  E150/300 Loss:3.862 lr:5.00e-04 0s
  >> Val MRR:0.8449 H@1:79.0% H@10:94.0% ** BEST **
  >> Val MRR:0.8507 H@1:80.2% H@10:94.4% ** BEST **
  E160/300 Loss:3.850 lr:5.00e-04 0s
  >> Val MRR:0.8518 H@1:80.6% H@10:94.6% ** BEST **
  >> Val MRR:0.8485 (best:0.8518 p:1/30)
  E170/300 Loss:3.839 lr:5.00e-04 0s
  >> Val MRR:0.8511 (best:0.8518 p:2/30)
  >> Val MRR:0.8485 (best:0.8518 p:3/30)
  E180/300 Loss:3.839 lr:1.50e-04 0s
  E190/300 Loss:3.834 lr:1.50e-04 0s
  >> Val MRR:0.8522 H@1:80.2% H@10:95.0% ** BEST **
  E200/300 Loss:3.833 lr:1.50e-04 0s
  >> Val MRR:0.8567 H@1:80.6% H@10:95.0% ** BEST **
  >> Val MRR:0.8568 H@1:80.6% H@10:95.2% ** BEST **
  E210/300 Loss:3.823 lr:1.50e-04 0s
  >> Val MRR:0.8597 H@1:81.2% H@10:95.2% ** BEST **
  >> Val MRR:0.8629 H@1:81.8% H@10:95.2% ** BEST **
  E220/300 Loss:3.831 lr:1.50e-04 0s
  >> Val MRR:0.8625 (best:0.8629 p:1/30)
  >> Val MRR:0.8631 H@1:81.6% H@10:95.6% ** BEST **
  E230/300 Loss:3.827 lr:1.50e-04 0s
  >> Val MRR:0.8636 H@1:81.6% H@10:95.6% ** BEST **
  >> Val MRR:0.8631 (best:0.8636 p:1/30)
  E240/300 Loss:3.817 lr:4.50e-05 0s
  >> Val MRR:0.8634 (best:0.8636 p:2/30)
  >> Val MRR:0.8635 (best:0.8636 p:3/30)
  E250/300 Loss:3.817 lr:4.50e-05 0s
  >> Val MRR:0.8639 H@1:81.6% H@10:95.8% ** BEST **
  >> Val MRR:0.8637 (best:0.8639 p:1/30)
  E260/300 Loss:3.835 lr:4.50e-05 0s
  >> Val MRR:0.8626 (best:0.8639 p:2/30)
  >> Val MRR:0.8623 (best:0.8639 p:3/30)
  E270/300 Loss:3.817 lr:4.50e-05 0s
  E280/300 Loss:3.808 lr:4.50e-05 0s
  E290/300 Loss:3.819 lr:4.50e-05 0s
  E300/300 Loss:3.820 lr:4.50e-05 0s
  >> Val MRR:0.8595 (best:0.8639 p:10/30)
  Training done: 12s, best_val_MRR=0.8639
  Full test evaluation (661 triples)...

  FINAL TEST: MRR=0.8389 H@1=77.8% H@3=86.4% H@10=97.0%
  Saved: /home/shanxh/decoder/UMLS_d400_L2_ls0.3_seed456.json
=== UMLS/DistMult@d400/seed456 rc=0 in 14s ===
=== [10/25] UMLS/DistMult@d100/seed42 ===
Device: cuda, AMP: True
GPU: NVIDIA GeForce RTX 2080 Ti, 11.3 GB
======================================================================
CompGCN+DistMult | UMLS | seed=42
d_h=100 L=2 lr=0.0005 ls=0.3 epochs=300
======================================================================
  KG: 135 ent, 92 rel, 10432 edges
  Train/Val/Test: 5216/652/661
  Params: 81,900
  Training: epochs=300, lr=0.0005, batch=4096, ls=0.3
  Steps/epoch: 1
  E  1/300 Loss:5.414 lr:5.00e-04 1s
  >> Val MRR:0.0500 H@1:1.4% H@10:9.8% ** BEST **
  E 10/300 Loss:5.284 lr:5.00e-04 0s
  >> Val MRR:0.0585 H@1:1.8% H@10:10.4% ** BEST **
  >> Val MRR:0.0580 (best:0.0585 p:1/30)
  E 20/300 Loss:5.163 lr:5.00e-04 0s
  >> Val MRR:0.0565 (best:0.0585 p:2/30)
  >> Val MRR:0.0561 (best:0.0585 p:3/30)
  E 30/300 Loss:5.076 lr:5.00e-04 0s
  >> Val MRR:0.0601 H@1:2.0% H@10:9.8% ** BEST **
  >> Val MRR:0.0635 H@1:2.2% H@10:12.4% ** BEST **
  E 40/300 Loss:4.981 lr:5.00e-04 0s
  >> Val MRR:0.0686 H@1:1.8% H@10:14.4% ** BEST **
  >> Val MRR:0.0858 H@1:2.8% H@10:17.6% ** BEST **
  E 50/300 Loss:4.873 lr:5.00e-04 0s
  >> Val MRR:0.1091 H@1:4.0% H@10:22.6% ** BEST **
  >> Val MRR:0.1433 H@1:6.2% H@10:28.6% ** BEST **
  E 60/300 Loss:4.785 lr:5.00e-04 0s
  >> Val MRR:0.1757 H@1:8.4% H@10:33.8% ** BEST **
  >> Val MRR:0.2134 H@1:11.2% H@10:39.2% ** BEST **
  E 70/300 Loss:4.694 lr:5.00e-04 0s
  >> Val MRR:0.2530 H@1:14.4% H@10:45.4% ** BEST **
  >> Val MRR:0.2989 H@1:19.2% H@10:51.4% ** BEST **
  E 80/300 Loss:4.592 lr:5.00e-04 0s
  >> Val MRR:0.3386 H@1:21.8% H@10:56.4% ** BEST **
  >> Val MRR:0.3765 H@1:25.2% H@10:62.2% ** BEST **
  E 90/300 Loss:4.522 lr:5.00e-04 0s
  >> Val MRR:0.4187 H@1:28.6% H@10:67.2% ** BEST **
  >> Val MRR:0.4657 H@1:34.0% H@10:71.0% ** BEST **
  E100/300 Loss:4.460 lr:5.00e-04 0s
  >> Val MRR:0.4965 H@1:37.0% H@10:74.0% ** BEST **
  >> Val MRR:0.5313 H@1:41.2% H@10:76.2% ** BEST **
  E110/300 Loss:4.418 lr:5.00e-04 0s
  >> Val MRR:0.5562 H@1:44.0% H@10:78.0% ** BEST **
  >> Val MRR:0.5903 H@1:48.2% H@10:81.4% ** BEST **
  E120/300 Loss:4.346 lr:5.00e-04 0s
  >> Val MRR:0.6189 H@1:51.6% H@10:82.8% ** BEST **
  >> Val MRR:0.6372 H@1:53.0% H@10:84.8% ** BEST **
  E130/300 Loss:4.314 lr:5.00e-04 0s
  >> Val MRR:0.6543 H@1:54.4% H@10:85.4% ** BEST **
  >> Val MRR:0.6768 H@1:57.0% H@10:86.0% ** BEST **
  E140/300 Loss:4.312 lr:5.00e-04 0s
  >> Val MRR:0.6936 H@1:59.4% H@10:86.2% ** BEST **
  >> Val MRR:0.7056 H@1:61.2% H@10:87.0% ** BEST **
  E150/300 Loss:4.245 lr:5.00e-04 0s
  >> Val MRR:0.7249 H@1:63.6% H@10:88.0% ** BEST **
  >> Val MRR:0.7349 H@1:64.6% H@10:88.4% ** BEST **
  E160/300 Loss:4.220 lr:5.00e-04 0s
  >> Val MRR:0.7519 H@1:66.6% H@10:89.2% ** BEST **
  >> Val MRR:0.7599 H@1:67.6% H@10:89.8% ** BEST **
  E170/300 Loss:4.204 lr:5.00e-04 0s
  >> Val MRR:0.7688 H@1:68.4% H@10:90.8% ** BEST **
  >> Val MRR:0.7810 H@1:70.0% H@10:91.0% ** BEST **
  E180/300 Loss:4.190 lr:1.50e-04 0s
  >> Val MRR:0.7917 H@1:71.4% H@10:91.4% ** BEST **
  >> Val MRR:0.7940 H@1:71.8% H@10:91.6% ** BEST **
  E190/300 Loss:4.179 lr:1.50e-04 0s
  >> Val MRR:0.7956 H@1:72.0% H@10:91.6% ** BEST **
  >> Val MRR:0.8023 H@1:73.0% H@10:91.4% ** BEST **
  E200/300 Loss:4.167 lr:1.50e-04 0s
  >> Val MRR:0.8044 H@1:73.4% H@10:91.6% ** BEST **
  >> Val MRR:0.8011 (best:0.8044 p:1/30)
  E210/300 Loss:4.150 lr:1.50e-04 0s
  >> Val MRR:0.8033 (best:0.8044 p:2/30)
  >> Val MRR:0.8045 H@1:72.8% H@10:92.8% ** BEST **
  E220/300 Loss:4.154 lr:1.50e-04 0s
  >> Val MRR:0.8083 H@1:73.4% H@10:92.8% ** BEST **
  >> Val MRR:0.8135 H@1:74.4% H@10:92.8% ** BEST **
  E230/300 Loss:4.142 lr:1.50e-04 0s
  >> Val MRR:0.8161 H@1:74.6% H@10:92.8% ** BEST **
  >> Val MRR:0.8184 H@1:74.8% H@10:93.2% ** BEST **
  E240/300 Loss:4.130 lr:4.50e-05 0s
  >> Val MRR:0.8215 H@1:75.4% H@10:93.2% ** BEST **
  >> Val MRR:0.8218 H@1:75.4% H@10:93.2% ** BEST **
  E250/300 Loss:4.141 lr:4.50e-05 0s
  >> Val MRR:0.8261 H@1:76.2% H@10:93.0% ** BEST **
  >> Val MRR:0.8230 (best:0.8261 p:1/30)
  E260/300 Loss:4.145 lr:4.50e-05 0s
  >> Val MRR:0.8233 (best:0.8261 p:2/30)
  >> Val MRR:0.8242 (best:0.8261 p:3/30)
  E270/300 Loss:4.137 lr:4.50e-05 0s
  E280/300 Loss:4.146 lr:4.50e-05 0s
  E290/300 Loss:4.129 lr:4.50e-05 0s
  E300/300 Loss:4.125 lr:4.50e-05 0s
  >> Val MRR:0.8231 (best:0.8261 p:10/30)
  Training done: 12s, best_val_MRR=0.8261
  Full test evaluation (661 triples)...

  FINAL TEST: MRR=0.8190 H@1=73.5% H@3=88.5% H@10=95.2%
  Saved: /home/shanxh/decoder/UMLS_d100_L2_ls0.3_seed42.json
=== UMLS/DistMult@d100/seed42 rc=0 in 14s ===
=== [11/25] UMLS/DistMult@d100/seed123 ===
Device: cuda, AMP: True
GPU: NVIDIA GeForce RTX 2080 Ti, 11.3 GB
======================================================================
CompGCN+DistMult | UMLS | seed=123
d_h=100 L=2 lr=0.0005 ls=0.3 epochs=300
======================================================================
  KG: 135 ent, 92 rel, 10432 edges
  Train/Val/Test: 5216/652/661
  Params: 81,900
  Training: epochs=300, lr=0.0005, batch=4096, ls=0.3
  Steps/epoch: 1
  E  1/300 Loss:5.462 lr:5.00e-04 1s
  >> Val MRR:0.0505 H@1:1.6% H@10:9.8% ** BEST **
  E 10/300 Loss:5.336 lr:5.00e-04 0s
  >> Val MRR:0.0469 (best:0.0505 p:1/30)
  >> Val MRR:0.0433 (best:0.0505 p:2/30)
  E 20/300 Loss:5.213 lr:5.00e-04 0s
  >> Val MRR:0.0433 (best:0.0505 p:3/30)
  E 30/300 Loss:5.123 lr:5.00e-04 0s
  >> Val MRR:0.0541 H@1:1.0% H@10:11.8% ** BEST **
  E 40/300 Loss:5.027 lr:5.00e-04 0s
  >> Val MRR:0.0621 H@1:1.2% H@10:14.6% ** BEST **
  >> Val MRR:0.0747 H@1:2.0% H@10:17.0% ** BEST **
  E 50/300 Loss:4.928 lr:5.00e-04 0s
  >> Val MRR:0.0893 H@1:2.6% H@10:20.0% ** BEST **
  >> Val MRR:0.1081 H@1:3.4% H@10:23.8% ** BEST **
  E 60/300 Loss:4.847 lr:5.00e-04 0s
  >> Val MRR:0.1309 H@1:4.2% H@10:29.0% ** BEST **
  >> Val MRR:0.1682 H@1:7.2% H@10:34.0% ** BEST **
  E 70/300 Loss:4.772 lr:5.00e-04 0s
  >> Val MRR:0.2011 H@1:10.0% H@10:38.6% ** BEST **
  >> Val MRR:0.2351 H@1:12.4% H@10:42.8% ** BEST **
  E 80/300 Loss:4.697 lr:5.00e-04 0s
  >> Val MRR:0.2736 H@1:16.2% H@10:47.0% ** BEST **
  >> Val MRR:0.2969 H@1:17.2% H@10:53.4% ** BEST **
  E 90/300 Loss:4.626 lr:5.00e-04 0s
  >> Val MRR:0.3431 H@1:22.2% H@10:57.4% ** BEST **
  >> Val MRR:0.3790 H@1:26.2% H@10:61.6% ** BEST **
  E100/300 Loss:4.556 lr:5.00e-04 0s
  >> Val MRR:0.4043 H@1:28.8% H@10:63.8% ** BEST **
  >> Val MRR:0.4331 H@1:31.6% H@10:67.0% ** BEST **
  E110/300 Loss:4.492 lr:5.00e-04 0s
  >> Val MRR:0.4607 H@1:34.0% H@10:69.8% ** BEST **
  >> Val MRR:0.4870 H@1:36.6% H@10:72.6% ** BEST **
  E120/300 Loss:4.436 lr:5.00e-04 0s
  >> Val MRR:0.5146 H@1:39.4% H@10:76.8% ** BEST **
  >> Val MRR:0.5313 H@1:40.4% H@10:78.4% ** BEST **
  E130/300 Loss:4.377 lr:5.00e-04 0s
  >> Val MRR:0.5520 H@1:42.0% H@10:79.8% ** BEST **
  >> Val MRR:0.5794 H@1:45.0% H@10:81.8% ** BEST **
  E140/300 Loss:4.331 lr:5.00e-04 0s
  >> Val MRR:0.6076 H@1:48.4% H@10:83.0% ** BEST **
  >> Val MRR:0.6236 H@1:50.4% H@10:84.4% ** BEST **
  E150/300 Loss:4.319 lr:5.00e-04 0s
  >> Val MRR:0.6371 H@1:52.0% H@10:85.0% ** BEST **
  >> Val MRR:0.6530 H@1:53.8% H@10:86.6% ** BEST **
  E160/300 Loss:4.289 lr:5.00e-04 0s
  >> Val MRR:0.6703 H@1:55.4% H@10:87.2% ** BEST **
  >> Val MRR:0.6961 H@1:59.0% H@10:87.6% ** BEST **
  E170/300 Loss:4.243 lr:5.00e-04 0s
  >> Val MRR:0.7146 H@1:61.8% H@10:87.8% ** BEST **
  >> Val MRR:0.7296 H@1:63.8% H@10:88.4% ** BEST **
  E180/300 Loss:4.219 lr:1.50e-04 0s
  >> Val MRR:0.7397 H@1:65.2% H@10:88.8% ** BEST **
  >> Val MRR:0.7450 H@1:66.0% H@10:89.0% ** BEST **
  E190/300 Loss:4.216 lr:1.50e-04 0s
  >> Val MRR:0.7508 H@1:66.8% H@10:89.2% ** BEST **
  >> Val MRR:0.7515 H@1:66.8% H@10:89.4% ** BEST **
  E200/300 Loss:4.202 lr:1.50e-04 0s
  >> Val MRR:0.7510 (best:0.7515 p:1/30)
  >> Val MRR:0.7499 (best:0.7515 p:2/30)
  E210/300 Loss:4.170 lr:1.50e-04 0s
  >> Val MRR:0.7534 H@1:66.6% H@10:89.8% ** BEST **
  >> Val MRR:0.7524 (best:0.7534 p:1/30)
  E220/300 Loss:4.193 lr:1.50e-04 0s
  >> Val MRR:0.7554 H@1:66.8% H@10:90.4% ** BEST **
  >> Val MRR:0.7587 H@1:67.2% H@10:90.8% ** BEST **
  E230/300 Loss:4.171 lr:1.50e-04 0s
  >> Val MRR:0.7621 H@1:67.6% H@10:90.8% ** BEST **
  >> Val MRR:0.7689 H@1:68.8% H@10:91.0% ** BEST **
  E240/300 Loss:4.152 lr:4.50e-05 0s
  >> Val MRR:0.7738 H@1:69.6% H@10:91.0% ** BEST **
  >> Val MRR:0.7745 H@1:69.6% H@10:90.8% ** BEST **
  E250/300 Loss:4.155 lr:4.50e-05 0s
  >> Val MRR:0.7767 H@1:70.0% H@10:91.2% ** BEST **
  >> Val MRR:0.7779 H@1:70.2% H@10:91.4% ** BEST **
  E260/300 Loss:4.178 lr:4.50e-05 0s
  >> Val MRR:0.7771 (best:0.7779 p:1/30)
  >> Val MRR:0.7766 (best:0.7779 p:2/30)
  E270/300 Loss:4.148 lr:4.50e-05 0s
  >> Val MRR:0.7788 H@1:70.2% H@10:91.0% ** BEST **
  >> Val MRR:0.7803 H@1:70.4% H@10:91.0% ** BEST **
  E280/300 Loss:4.150 lr:4.50e-05 0s
  >> Val MRR:0.7799 (best:0.7803 p:1/30)
  >> Val MRR:0.7812 H@1:70.6% H@10:91.0% ** BEST **
  E290/300 Loss:4.154 lr:4.50e-05 0s
  >> Val MRR:0.7816 H@1:70.6% H@10:91.0% ** BEST **
  >> Val MRR:0.7820 H@1:70.8% H@10:91.2% ** BEST **
  E300/300 Loss:4.177 lr:4.50e-05 0s
  >> Val MRR:0.7815 (best:0.7820 p:1/30)
  Training done: 11s, best_val_MRR=0.7820
  Full test evaluation (661 triples)...

  FINAL TEST: MRR=0.7758 H@1=68.4% H@3=84.3% H@10=93.6%
  Saved: /home/shanxh/decoder/UMLS_d100_L2_ls0.3_seed123.json
=== UMLS/DistMult@d100/seed123 rc=0 in 14s ===
=== [12/25] UMLS/DistMult@d100/seed456 ===
Device: cuda, AMP: True
GPU: NVIDIA GeForce RTX 2080 Ti, 11.3 GB
======================================================================
CompGCN+DistMult | UMLS | seed=456
d_h=100 L=2 lr=0.0005 ls=0.3 epochs=300
======================================================================
  KG: 135 ent, 92 rel, 10432 edges
  Train/Val/Test: 5216/652/661
  Params: 81,900
  Training: epochs=300, lr=0.0005, batch=4096, ls=0.3
  Steps/epoch: 1
  E  1/300 Loss:5.471 lr:5.00e-04 1s
  >> Val MRR:0.0568 H@1:1.6% H@10:11.4% ** BEST **
  E 10/300 Loss:5.312 lr:5.00e-04 0s
  >> Val MRR:0.0477 (best:0.0568 p:1/30)
  >> Val MRR:0.0458 (best:0.0568 p:2/30)
  E 20/300 Loss:5.189 lr:5.00e-04 0s
  >> Val MRR:0.0430 (best:0.0568 p:3/30)
  E 30/300 Loss:5.088 lr:5.00e-04 0s
  E 40/300 Loss:4.968 lr:5.00e-04 0s
  >> Val MRR:0.0621 H@1:1.2% H@10:12.8% ** BEST **
  >> Val MRR:0.0807 H@1:2.0% H@10:18.0% ** BEST **
  E 50/300 Loss:4.896 lr:5.00e-04 0s
  >> Val MRR:0.1082 H@1:3.8% H@10:23.6% ** BEST **
  >> Val MRR:0.1350 H@1:5.2% H@10:29.4% ** BEST **
  E 60/300 Loss:4.800 lr:5.00e-04 0s
  >> Val MRR:0.1673 H@1:7.4% H@10:35.8% ** BEST **
  >> Val MRR:0.2060 H@1:10.2% H@10:43.6% ** BEST **
  E 70/300 Loss:4.727 lr:5.00e-04 0s
  >> Val MRR:0.2472 H@1:12.8% H@10:48.6% ** BEST **
  >> Val MRR:0.2860 H@1:16.2% H@10:53.2% ** BEST **
  E 80/300 Loss:4.633 lr:5.00e-04 0s
  >> Val MRR:0.3291 H@1:20.2% H@10:58.4% ** BEST **
  >> Val MRR:0.3691 H@1:24.2% H@10:61.6% ** BEST **
  E 90/300 Loss:4.549 lr:5.00e-04 0s
  >> Val MRR:0.4064 H@1:28.2% H@10:64.2% ** BEST **
  >> Val MRR:0.4416 H@1:31.6% H@10:66.4% ** BEST **
  E100/300 Loss:4.494 lr:5.00e-04 0s
  >> Val MRR:0.4691 H@1:33.8% H@10:70.6% ** BEST **
  >> Val MRR:0.4980 H@1:37.0% H@10:73.0% ** BEST **
  E110/300 Loss:4.437 lr:5.00e-04 0s
  >> Val MRR:0.5244 H@1:39.8% H@10:75.4% ** BEST **
  >> Val MRR:0.5499 H@1:42.2% H@10:77.4% ** BEST **
  E120/300 Loss:4.380 lr:5.00e-04 0s
  >> Val MRR:0.5673 H@1:43.8% H@10:79.4% ** BEST **
  >> Val MRR:0.5911 H@1:46.4% H@10:81.4% ** BEST **
  E130/300 Loss:4.342 lr:5.00e-04 0s
  >> Val MRR:0.6133 H@1:48.8% H@10:82.2% ** BEST **
  >> Val MRR:0.6305 H@1:50.6% H@10:83.8% ** BEST **
  E140/300 Loss:4.307 lr:5.00e-04 0s
  >> Val MRR:0.6500 H@1:53.0% H@10:84.8% ** BEST **
  >> Val MRR:0.6739 H@1:56.2% H@10:85.8% ** BEST **
  E150/300 Loss:4.267 lr:5.00e-04 0s
  >> Val MRR:0.6913 H@1:58.4% H@10:86.2% ** BEST **
  >> Val MRR:0.7039 H@1:59.8% H@10:86.4% ** BEST **
  E160/300 Loss:4.228 lr:5.00e-04 0s
  >> Val MRR:0.7210 H@1:62.4% H@10:87.6% ** BEST **
  >> Val MRR:0.7338 H@1:64.0% H@10:88.0% ** BEST **
  E170/300 Loss:4.203 lr:5.00e-04 0s
  >> Val MRR:0.7486 H@1:66.0% H@10:88.4% ** BEST **
  >> Val MRR:0.7612 H@1:67.8% H@10:89.2% ** BEST **
  E180/300 Loss:4.197 lr:1.50e-04 0s
  >> Val MRR:0.7712 H@1:69.4% H@10:89.8% ** BEST **
  >> Val MRR:0.7728 H@1:69.4% H@10:90.0% ** BEST **
  E190/300 Loss:4.155 lr:1.50e-04 0s
  >> Val MRR:0.7788 H@1:70.4% H@10:90.4% ** BEST **
  >> Val MRR:0.7795 H@1:70.4% H@10:90.6% ** BEST **
  E200/300 Loss:4.171 lr:1.50e-04 0s
  >> Val MRR:0.7808 H@1:70.4% H@10:90.4% ** BEST **
  >> Val MRR:0.7832 H@1:70.6% H@10:90.8% ** BEST **
  E210/300 Loss:4.172 lr:1.50e-04 0s
  >> Val MRR:0.7837 H@1:70.6% H@10:90.8% ** BEST **
  >> Val MRR:0.7849 H@1:70.8% H@10:91.0% ** BEST **
  E220/300 Loss:4.153 lr:1.50e-04 0s
  >> Val MRR:0.7844 (best:0.7849 p:1/30)
  >> Val MRR:0.7878 H@1:71.0% H@10:91.2% ** BEST **
  E230/300 Loss:4.159 lr:1.50e-04 0s
  >> Val MRR:0.7890 H@1:71.2% H@10:91.2% ** BEST **
  >> Val MRR:0.7911 H@1:71.4% H@10:91.4% ** BEST **
  E240/300 Loss:4.126 lr:4.50e-05 0s
  >> Val MRR:0.7929 H@1:71.6% H@10:91.4% ** BEST **
  >> Val MRR:0.7947 H@1:71.8% H@10:91.4% ** BEST **
  E250/300 Loss:4.134 lr:4.50e-05 0s
  >> Val MRR:0.7968 H@1:72.2% H@10:91.4% ** BEST **
  >> Val MRR:0.7966 (best:0.7968 p:1/30)
  E260/300 Loss:4.135 lr:4.50e-05 0s
  >> Val MRR:0.7982 H@1:72.2% H@10:91.2% ** BEST **
  >> Val MRR:0.7980 (best:0.7982 p:1/30)
  E270/300 Loss:4.149 lr:4.50e-05 0s
  >> Val MRR:0.7998 H@1:72.4% H@10:91.6% ** BEST **
  >> Val MRR:0.8011 H@1:72.6% H@10:91.8% ** BEST **
  E280/300 Loss:4.130 lr:4.50e-05 0s
  >> Val MRR:0.8012 H@1:72.6% H@10:91.8% ** BEST **
  >> Val MRR:0.8029 H@1:72.8% H@10:91.8% ** BEST **
  E290/300 Loss:4.151 lr:4.50e-05 0s
  >> Val MRR:0.8032 H@1:72.8% H@10:91.8% ** BEST **
  >> Val MRR:0.8016 (best:0.8032 p:1/30)
  E300/300 Loss:4.119 lr:4.50e-05 0s
  >> Val MRR:0.8024 (best:0.8032 p:2/30)
  Training done: 12s, best_val_MRR=0.8032
  Full test evaluation (661 triples)...

  FINAL TEST: MRR=0.7992 H@1=70.5% H@3=87.0% H@10=93.8%
  Saved: /home/shanxh/decoder/UMLS_d100_L2_ls0.3_seed456.json
=== UMLS/DistMult@d100/seed456 rc=0 in 14s ===
=== [13/25] Kinship/ComplEx@d100/seed42 ===
Device: cuda, AMP: True
GPU: NVIDIA GeForce RTX 2080 Ti, 11.3 GB
======================================================================
CompGCN+DistMult | Kinship | seed=42
d_h=100 L=2 lr=0.0005 ls=0.3 epochs=300
======================================================================
  KG: 104 ent, 50 rel, 17088 edges
  Train/Val/Test: 8544/1068/1074
  Params: 66,200
  Training: epochs=300, lr=0.0005, batch=4096, ls=0.3
  Steps/epoch: 2
  E  1/300 Loss:6.536 lr:5.00e-04 1s
  >> Val MRR:0.0527 H@1:1.4% H@10:9.4% ** BEST **
  E 10/300 Loss:6.071 lr:5.00e-04 0s
  >> Val MRR:0.0489 (best:0.0527 p:1/30)
  >> Val MRR:0.0447 (best:0.0527 p:2/30)
  E 20/300 Loss:5.715 lr:5.00e-04 0s
  >> Val MRR:0.0535 H@1:0.6% H@10:13.6% ** BEST **
  >> Val MRR:0.0651 H@1:1.4% H@10:13.4% ** BEST **
  E 30/300 Loss:5.422 lr:5.00e-04 0s
  >> Val MRR:0.0699 H@1:1.4% H@10:15.6% ** BEST **
  >> Val MRR:0.0824 H@1:2.0% H@10:18.8% ** BEST **
  E 40/300 Loss:5.165 lr:5.00e-04 0s
  >> Val MRR:0.0995 H@1:3.4% H@10:21.8% ** BEST **
  >> Val MRR:0.1148 H@1:4.0% H@10:26.8% ** BEST **
  E 50/300 Loss:4.948 lr:5.00e-04 0s
  >> Val MRR:0.1380 H@1:5.2% H@10:31.2% ** BEST **
  >> Val MRR:0.1676 H@1:7.0% H@10:37.2% ** BEST **
  E 60/300 Loss:4.754 lr:5.00e-04 0s
  >> Val MRR:0.2086 H@1:10.4% H@10:43.8% ** BEST **
  >> Val MRR:0.2402 H@1:13.0% H@10:47.2% ** BEST **
  E 70/300 Loss:4.614 lr:5.00e-04 0s
  >> Val MRR:0.2656 H@1:14.4% H@10:53.0% ** BEST **
  >> Val MRR:0.2903 H@1:16.4% H@10:57.2% ** BEST **
  E 80/300 Loss:4.464 lr:5.00e-04 0s
  >> Val MRR:0.3287 H@1:20.0% H@10:62.2% ** BEST **
  >> Val MRR:0.3591 H@1:22.6% H@10:67.2% ** BEST **
  E 90/300 Loss:4.336 lr:5.00e-04 0s
  >> Val MRR:0.3900 H@1:25.0% H@10:71.8% ** BEST **
  >> Val MRR:0.4181 H@1:27.2% H@10:75.4% ** BEST **
  E100/300 Loss:4.248 lr:5.00e-04 0s
  >> Val MRR:0.4452 H@1:29.2% H@10:78.6% ** BEST **
  >> Val MRR:0.4752 H@1:32.2% H@10:80.8% ** BEST **
  E110/300 Loss:4.200 lr:5.00e-04 0s
  >> Val MRR:0.5027 H@1:34.6% H@10:82.8% ** BEST **
  >> Val MRR:0.5221 H@1:36.6% H@10:84.0% ** BEST **
  E120/300 Loss:4.127 lr:5.00e-04 0s
  >> Val MRR:0.5465 H@1:40.4% H@10:86.0% ** BEST **
  >> Val MRR:0.5565 H@1:41.2% H@10:86.2% ** BEST **
  E130/300 Loss:4.090 lr:5.00e-04 0s
  >> Val MRR:0.5765 H@1:43.4% H@10:87.4% ** BEST **
  >> Val MRR:0.5811 H@1:43.0% H@10:87.6% ** BEST **
  E140/300 Loss:4.056 lr:5.00e-04 0s
  >> Val MRR:0.5881 H@1:43.6% H@10:88.2% ** BEST **
  >> Val MRR:0.5982 H@1:44.6% H@10:88.4% ** BEST **
  E150/300 Loss:4.019 lr:5.00e-04 0s
  >> Val MRR:0.6080 H@1:45.8% H@10:89.0% ** BEST **
  >> Val MRR:0.6230 H@1:48.0% H@10:90.0% ** BEST **
  E160/300 Loss:3.994 lr:5.00e-04 0s
  >> Val MRR:0.6348 H@1:49.8% H@10:90.0% ** BEST **
  >> Val MRR:0.6415 H@1:50.0% H@10:90.0% ** BEST **
  E170/300 Loss:3.976 lr:5.00e-04 0s
  >> Val MRR:0.6478 H@1:50.8% H@10:90.8% ** BEST **
  >> Val MRR:0.6574 H@1:51.8% H@10:91.2% ** BEST **
  E180/300 Loss:3.960 lr:1.50e-04 0s
  >> Val MRR:0.6655 H@1:53.0% H@10:91.2% ** BEST **
  >> Val MRR:0.6676 H@1:53.2% H@10:91.2% ** BEST **
  E190/300 Loss:3.940 lr:1.50e-04 0s
  >> Val MRR:0.6689 H@1:53.4% H@10:91.4% ** BEST **
  >> Val MRR:0.6679 (best:0.6689 p:1/30)
  E200/300 Loss:3.944 lr:1.50e-04 0s
  >> Val MRR:0.6714 H@1:53.6% H@10:91.6% ** BEST **
  >> Val MRR:0.6732 H@1:53.8% H@10:92.0% ** BEST **
  E210/300 Loss:3.927 lr:1.50e-04 0s
  >> Val MRR:0.6786 H@1:54.8% H@10:92.2% ** BEST **
  >> Val MRR:0.6798 H@1:55.0% H@10:92.2% ** BEST **
  E220/300 Loss:3.920 lr:1.50e-04 0s
  >> Val MRR:0.6818 H@1:55.2% H@10:92.4% ** BEST **
  >> Val MRR:0.6815 (best:0.6818 p:1/30)
  E230/300 Loss:3.933 lr:1.50e-04 0s
  >> Val MRR:0.6826 H@1:55.2% H@10:92.4% ** BEST **
  >> Val MRR:0.6838 H@1:55.2% H@10:92.4% ** BEST **
  E240/300 Loss:3.914 lr:4.50e-05 0s
  >> Val MRR:0.6820 (best:0.6838 p:1/30)
  >> Val MRR:0.6838 H@1:55.0% H@10:92.4% ** BEST **
  E250/300 Loss:3.900 lr:4.50e-05 0s
  >> Val MRR:0.6825 (best:0.6838 p:1/30)
  >> Val MRR:0.6829 (best:0.6838 p:2/30)
  E260/300 Loss:3.910 lr:4.50e-05 0s
  >> Val MRR:0.6839 H@1:55.0% H@10:92.4% ** BEST **
  >> Val MRR:0.6839 H@1:55.0% H@10:92.4% ** BEST **
  E270/300 Loss:3.905 lr:4.50e-05 0s
  >> Val MRR:0.6825 (best:0.6839 p:1/30)
  >> Val MRR:0.6841 H@1:54.8% H@10:92.4% ** BEST **
  E280/300 Loss:3.908 lr:4.50e-05 0s
  >> Val MRR:0.6861 H@1:55.2% H@10:92.4% ** BEST **
  >> Val MRR:0.6878 H@1:55.6% H@10:92.4% ** BEST **
  E290/300 Loss:3.918 lr:4.50e-05 0s
  >> Val MRR:0.6835 (best:0.6878 p:1/30)
  >> Val MRR:0.6855 (best:0.6878 p:2/30)
  E300/300 Loss:3.914 lr:4.50e-05 0s
  >> Val MRR:0.6864 (best:0.6878 p:3/30)
  Training done: 12s, best_val_MRR=0.6878
  Full test evaluation (1074 triples)...

  FINAL TEST: MRR=0.6631 H@1=51.2% H@3=77.5% H@10=93.9%
  Saved: /home/shanxh/decoder/Kinship_d100_L2_ls0.3_ComplEx_seed42.json
=== Kinship/ComplEx@d100/seed42 rc=0 in 14s ===
=== [14/25] Kinship/ComplEx@d100/seed123 ===
Device: cuda, AMP: True
GPU: NVIDIA GeForce RTX 2080 Ti, 11.3 GB
======================================================================
CompGCN+DistMult | Kinship | seed=123
d_h=100 L=2 lr=0.0005 ls=0.3 epochs=300
======================================================================
  KG: 104 ent, 50 rel, 17088 edges
  Train/Val/Test: 8544/1068/1074
  Params: 66,200
  Training: epochs=300, lr=0.0005, batch=4096, ls=0.3
  Steps/epoch: 2
  E  1/300 Loss:6.533 lr:5.00e-04 1s
  >> Val MRR:0.0517 H@1:0.8% H@10:10.8% ** BEST **
  E 10/300 Loss:6.067 lr:5.00e-04 0s
  >> Val MRR:0.0523 H@1:0.8% H@10:10.6% ** BEST **
  >> Val MRR:0.0620 H@1:1.8% H@10:12.0% ** BEST **
  E 20/300 Loss:5.713 lr:5.00e-04 0s
  >> Val MRR:0.0628 H@1:1.4% H@10:15.6% ** BEST **
  >> Val MRR:0.0683 H@1:1.4% H@10:16.8% ** BEST **
  E 30/300 Loss:5.415 lr:5.00e-04 0s
  >> Val MRR:0.0777 H@1:1.8% H@10:17.6% ** BEST **
  >> Val MRR:0.0920 H@1:2.6% H@10:20.0% ** BEST **
  E 40/300 Loss:5.146 lr:5.00e-04 0s
  >> Val MRR:0.1112 H@1:3.6% H@10:25.0% ** BEST **
  >> Val MRR:0.1412 H@1:5.6% H@10:31.0% ** BEST **
  E 50/300 Loss:4.919 lr:5.00e-04 0s
  >> Val MRR:0.1816 H@1:9.8% H@10:37.0% ** BEST **
  >> Val MRR:0.2151 H@1:11.8% H@10:43.8% ** BEST **
  E 60/300 Loss:4.726 lr:5.00e-04 0s
  >> Val MRR:0.2570 H@1:14.8% H@10:49.8% ** BEST **
  >> Val MRR:0.3019 H@1:18.4% H@10:54.4% ** BEST **
  E 70/300 Loss:4.558 lr:5.00e-04 0s
  >> Val MRR:0.3316 H@1:20.4% H@10:59.6% ** BEST **
  >> Val MRR:0.3562 H@1:21.4% H@10:63.2% ** BEST **
  E 80/300 Loss:4.452 lr:5.00e-04 0s
  >> Val MRR:0.3868 H@1:24.4% H@10:68.8% ** BEST **
  >> Val MRR:0.4137 H@1:27.0% H@10:71.6% ** BEST **
  E 90/300 Loss:4.320 lr:5.00e-04 0s
  >> Val MRR:0.4381 H@1:29.0% H@10:74.8% ** BEST **
  >> Val MRR:0.4512 H@1:29.4% H@10:77.0% ** BEST **
  E100/300 Loss:4.250 lr:5.00e-04 0s
  >> Val MRR:0.4738 H@1:31.8% H@10:79.2% ** BEST **
  >> Val MRR:0.4903 H@1:33.8% H@10:81.4% ** BEST **
  E110/300 Loss:4.175 lr:5.00e-04 0s
  >> Val MRR:0.5046 H@1:34.2% H@10:83.4% ** BEST **
  >> Val MRR:0.5221 H@1:36.2% H@10:84.8% ** BEST **
  E120/300 Loss:4.128 lr:5.00e-04 0s
  >> Val MRR:0.5376 H@1:38.0% H@10:87.6% ** BEST **
  >> Val MRR:0.5545 H@1:40.4% H@10:87.8% ** BEST **
  E130/300 Loss:4.093 lr:5.00e-04 0s
  >> Val MRR:0.5638 H@1:41.2% H@10:89.4% ** BEST **
  >> Val MRR:0.5758 H@1:42.4% H@10:90.4% ** BEST **
  E140/300 Loss:4.069 lr:5.00e-04 0s
  >> Val MRR:0.5831 H@1:43.0% H@10:90.6% ** BEST **
  >> Val MRR:0.5869 H@1:43.0% H@10:91.2% ** BEST **
  E150/300 Loss:4.033 lr:5.00e-04 0s
  >> Val MRR:0.5999 H@1:44.2% H@10:91.4% ** BEST **
  >> Val MRR:0.6105 H@1:45.8% H@10:91.6% ** BEST **
  E160/300 Loss:4.000 lr:5.00e-04 0s
  >> Val MRR:0.6171 H@1:46.8% H@10:92.0% ** BEST **
  >> Val MRR:0.6219 H@1:47.2% H@10:91.8% ** BEST **
  E170/300 Loss:3.991 lr:5.00e-04 0s
  >> Val MRR:0.6305 H@1:48.4% H@10:92.4% ** BEST **
  >> Val MRR:0.6390 H@1:49.6% H@10:92.8% ** BEST **
  E180/300 Loss:3.954 lr:1.50e-04 0s
  >> Val MRR:0.6432 H@1:50.4% H@10:93.2% ** BEST **
  >> Val MRR:0.6428 (best:0.6432 p:1/30)
  E190/300 Loss:3.955 lr:1.50e-04 0s
  >> Val MRR:0.6440 H@1:50.2% H@10:93.2% ** BEST **
  >> Val MRR:0.6464 H@1:50.6% H@10:93.2% ** BEST **
  E200/300 Loss:3.946 lr:1.50e-04 0s
  >> Val MRR:0.6455 (best:0.6464 p:1/30)
  >> Val MRR:0.6487 H@1:50.6% H@10:93.2% ** BEST **
  E210/300 Loss:3.939 lr:1.50e-04 0s
  >> Val MRR:0.6499 H@1:50.4% H@10:93.2% ** BEST **
  >> Val MRR:0.6545 H@1:51.2% H@10:93.4% ** BEST **
  E220/300 Loss:3.931 lr:1.50e-04 0s
  >> Val MRR:0.6567 H@1:51.6% H@10:93.4% ** BEST **
  >> Val MRR:0.6570 H@1:51.4% H@10:93.8% ** BEST **
  E230/300 Loss:3.932 lr:1.50e-04 0s
  >> Val MRR:0.6561 (best:0.6570 p:1/30)
  >> Val MRR:0.6592 H@1:51.8% H@10:93.6% ** BEST **
  E240/300 Loss:3.941 lr:4.50e-05 0s
  >> Val MRR:0.6599 H@1:51.6% H@10:93.6% ** BEST **
  >> Val MRR:0.6621 H@1:52.0% H@10:93.6% ** BEST **
  E250/300 Loss:3.925 lr:4.50e-05 0s
  >> Val MRR:0.6597 (best:0.6621 p:1/30)
  >> Val MRR:0.6606 (best:0.6621 p:2/30)
  E260/300 Loss:3.916 lr:4.50e-05 0s
  >> Val MRR:0.6592 (best:0.6621 p:3/30)
  E270/300 Loss:3.923 lr:4.50e-05 0s
  >> Val MRR:0.6634 H@1:52.0% H@10:93.6% ** BEST **
  >> Val MRR:0.6620 (best:0.6634 p:1/30)
  E280/300 Loss:3.923 lr:4.50e-05 0s
  >> Val MRR:0.6633 (best:0.6634 p:2/30)
  >> Val MRR:0.6670 H@1:52.4% H@10:93.6% ** BEST **
  E290/300 Loss:3.902 lr:4.50e-05 0s
  >> Val MRR:0.6636 (best:0.6670 p:1/30)
  >> Val MRR:0.6632 (best:0.6670 p:2/30)
  E300/300 Loss:3.903 lr:4.50e-05 0s
  >> Val MRR:0.6620 (best:0.6670 p:3/30)
  Training done: 11s, best_val_MRR=0.6670
  Full test evaluation (1074 triples)...

  FINAL TEST: MRR=0.6878 H@1=55.2% H@3=78.1% H@10=94.2%
  Saved: /home/shanxh/decoder/Kinship_d100_L2_ls0.3_ComplEx_seed123.json
=== Kinship/ComplEx@d100/seed123 rc=0 in 14s ===
=== [15/25] Kinship/ComplEx@d100/seed456 ===
Device: cuda, AMP: True
GPU: NVIDIA GeForce RTX 2080 Ti, 11.3 GB
======================================================================
CompGCN+DistMult | Kinship | seed=456
d_h=100 L=2 lr=0.0005 ls=0.3 epochs=300
======================================================================
  KG: 104 ent, 50 rel, 17088 edges
  Train/Val/Test: 8544/1068/1074
  Params: 66,200
  Training: epochs=300, lr=0.0005, batch=4096, ls=0.3
  Steps/epoch: 2
  E  1/300 Loss:6.512 lr:5.00e-04 1s
  >> Val MRR:0.0497 H@1:0.4% H@10:12.2% ** BEST **
  E 10/300 Loss:6.075 lr:5.00e-04 0s
  >> Val MRR:0.0554 H@1:1.2% H@10:10.6% ** BEST **
  >> Val MRR:0.0524 (best:0.0554 p:1/30)
  E 20/300 Loss:5.728 lr:5.00e-04 0s
  >> Val MRR:0.0480 (best:0.0554 p:2/30)
  >> Val MRR:0.0576 H@1:1.2% H@10:11.8% ** BEST **
  E 30/300 Loss:5.429 lr:5.00e-04 0s
  >> Val MRR:0.0692 H@1:2.0% H@10:14.0% ** BEST **
  >> Val MRR:0.0759 H@1:1.8% H@10:17.0% ** BEST **
  E 40/300 Loss:5.189 lr:5.00e-04 0s
  >> Val MRR:0.0960 H@1:2.6% H@10:23.0% ** BEST **
  >> Val MRR:0.1169 H@1:3.6% H@10:26.6% ** BEST **
  E 50/300 Loss:4.968 lr:5.00e-04 0s
  >> Val MRR:0.1436 H@1:5.8% H@10:29.8% ** BEST **
  >> Val MRR:0.1729 H@1:7.8% H@10:35.0% ** BEST **
  E 60/300 Loss:4.738 lr:5.00e-04 0s
  >> Val MRR:0.2108 H@1:11.4% H@10:40.0% ** BEST **
  >> Val MRR:0.2431 H@1:13.6% H@10:46.6% ** BEST **
  E 70/300 Loss:4.578 lr:5.00e-04 0s
  >> Val MRR:0.2784 H@1:15.8% H@10:52.8% ** BEST **
  >> Val MRR:0.3182 H@1:19.8% H@10:58.8% ** BEST **
  E 80/300 Loss:4.438 lr:5.00e-04 0s
  >> Val MRR:0.3456 H@1:21.0% H@10:65.4% ** BEST **
  >> Val MRR:0.3866 H@1:24.6% H@10:70.0% ** BEST **
  E 90/300 Loss:4.318 lr:5.00e-04 0s
  >> Val MRR:0.4128 H@1:26.0% H@10:73.8% ** BEST **
  >> Val MRR:0.4452 H@1:29.4% H@10:77.2% ** BEST **
  E100/300 Loss:4.237 lr:5.00e-04 0s
  >> Val MRR:0.4729 H@1:32.0% H@10:79.6% ** BEST **
  >> Val MRR:0.4902 H@1:33.6% H@10:83.4% ** BEST **
  E110/300 Loss:4.186 lr:5.00e-04 0s
  >> Val MRR:0.5043 H@1:35.0% H@10:85.0% ** BEST **
  >> Val MRR:0.5204 H@1:36.2% H@10:86.4% ** BEST **
  E120/300 Loss:4.122 lr:5.00e-04 0s
  >> Val MRR:0.5414 H@1:38.6% H@10:87.6% ** BEST **
  >> Val MRR:0.5596 H@1:40.2% H@10:88.4% ** BEST **
  E130/300 Loss:4.069 lr:5.00e-04 0s
  >> Val MRR:0.5681 H@1:40.8% H@10:89.8% ** BEST **
  >> Val MRR:0.5815 H@1:41.8% H@10:89.6% ** BEST **
  E140/300 Loss:4.045 lr:5.00e-04 0s
  >> Val MRR:0.5964 H@1:43.6% H@10:90.6% ** BEST **
  >> Val MRR:0.6101 H@1:45.6% H@10:91.4% ** BEST **
  E150/300 Loss:4.016 lr:5.00e-04 0s
  >> Val MRR:0.6167 H@1:46.4% H@10:91.8% ** BEST **
  >> Val MRR:0.6277 H@1:47.8% H@10:91.8% ** BEST **
  E160/300 Loss:3.976 lr:5.00e-04 0s
  >> Val MRR:0.6405 H@1:49.6% H@10:91.8% ** BEST **
  >> Val MRR:0.6433 H@1:49.6% H@10:92.2% ** BEST **
  E170/300 Loss:3.973 lr:5.00e-04 0s
  >> Val MRR:0.6500 H@1:50.2% H@10:92.2% ** BEST **
  >> Val MRR:0.6515 H@1:50.8% H@10:92.0% ** BEST **
  E180/300 Loss:3.942 lr:1.50e-04 0s
  >> Val MRR:0.6570 H@1:51.2% H@10:92.6% ** BEST **
  >> Val MRR:0.6592 H@1:51.6% H@10:93.0% ** BEST **
  E190/300 Loss:3.935 lr:1.50e-04 0s
  >> Val MRR:0.6605 H@1:51.6% H@10:93.2% ** BEST **
  >> Val MRR:0.6632 H@1:52.0% H@10:93.6% ** BEST **
  E200/300 Loss:3.927 lr:1.50e-04 0s
  >> Val MRR:0.6676 H@1:52.8% H@10:93.6% ** BEST **
  >> Val MRR:0.6680 H@1:52.8% H@10:93.6% ** BEST **
  E210/300 Loss:3.921 lr:1.50e-04 0s
  >> Val MRR:0.6701 H@1:53.2% H@10:93.6% ** BEST **
  >> Val MRR:0.6710 H@1:53.2% H@10:93.6% ** BEST **
  E220/300 Loss:3.913 lr:1.50e-04 0s
  >> Val MRR:0.6709 (best:0.6710 p:1/30)
  >> Val MRR:0.6734 H@1:53.6% H@10:93.8% ** BEST **
  E230/300 Loss:3.919 lr:1.50e-04 0s
  >> Val MRR:0.6743 H@1:53.6% H@10:93.6% ** BEST **
  >> Val MRR:0.6749 H@1:53.8% H@10:93.8% ** BEST **
  E240/300 Loss:3.904 lr:4.50e-05 0s
  >> Val MRR:0.6759 H@1:53.6% H@10:93.8% ** BEST **
  >> Val MRR:0.6756 (best:0.6759 p:1/30)
  E250/300 Loss:3.914 lr:4.50e-05 0s
  >> Val MRR:0.6751 (best:0.6759 p:2/30)
  >> Val MRR:0.6767 H@1:53.8% H@10:93.8% ** BEST **
  E260/300 Loss:3.900 lr:4.50e-05 0s
  >> Val MRR:0.6787 H@1:53.8% H@10:94.0% ** BEST **
  >> Val MRR:0.6775 (best:0.6787 p:1/30)
  E270/300 Loss:3.909 lr:4.50e-05 0s
  >> Val MRR:0.6774 (best:0.6787 p:2/30)
  >> Val MRR:0.6793 H@1:54.2% H@10:94.0% ** BEST **
  E280/300 Loss:3.902 lr:4.50e-05 0s
  >> Val MRR:0.6807 H@1:54.2% H@10:94.0% ** BEST **
  >> Val MRR:0.6809 H@1:54.2% H@10:94.0% ** BEST **
  E290/300 Loss:3.905 lr:4.50e-05 0s
  >> Val MRR:0.6806 (best:0.6809 p:1/30)
  >> Val MRR:0.6820 H@1:54.4% H@10:94.0% ** BEST **
  E300/300 Loss:3.898 lr:4.50e-05 0s
  >> Val MRR:0.6812 (best:0.6820 p:1/30)
  Training done: 12s, best_val_MRR=0.6820
  Full test evaluation (1074 triples)...

  FINAL TEST: MRR=0.6885 H@1=56.2% H@3=75.6% H@10=94.6%
  Saved: /home/shanxh/decoder/Kinship_d100_L2_ls0.3_ComplEx_seed456.json
=== Kinship/ComplEx@d100/seed456 rc=0 in 14s ===
=== [16/25] Kinship/ComplEx@d400/seed42 ===
Device: cuda, AMP: True
GPU: NVIDIA GeForce RTX 2080 Ti, 11.3 GB
======================================================================
CompGCN+DistMult | Kinship | seed=42
d_h=400 L=2 lr=0.0005 ls=0.3 epochs=300
======================================================================
  KG: 104 ent, 50 rel, 17088 edges
  Train/Val/Test: 8544/1068/1074
  Params: 744,800
  Training: epochs=300, lr=0.0005, batch=4096, ls=0.3
  Steps/epoch: 2
  E  1/300 Loss:7.559 lr:5.00e-04 0s
  >> Val MRR:0.0619 H@1:1.6% H@10:12.2% ** BEST **
  E 10/300 Loss:6.127 lr:5.00e-04 0s
  >> Val MRR:0.0654 H@1:1.8% H@10:13.8% ** BEST **
  >> Val MRR:0.0788 H@1:2.0% H@10:19.4% ** BEST **
  E 20/300 Loss:5.217 lr:5.00e-04 0s
  >> Val MRR:0.1338 H@1:5.0% H@10:29.2% ** BEST **
  >> Val MRR:0.2439 H@1:12.4% H@10:49.0% ** BEST **
  E 30/300 Loss:4.673 lr:5.00e-04 0s
  >> Val MRR:0.3415 H@1:20.8% H@10:61.2% ** BEST **
  >> Val MRR:0.4019 H@1:26.6% H@10:67.4% ** BEST **
  E 40/300 Loss:4.393 lr:5.00e-04 0s
  >> Val MRR:0.4470 H@1:31.2% H@10:73.2% ** BEST **
  >> Val MRR:0.4689 H@1:32.8% H@10:76.4% ** BEST **
  E 50/300 Loss:4.201 lr:5.00e-04 0s
  >> Val MRR:0.5040 H@1:35.6% H@10:80.6% ** BEST **
  >> Val MRR:0.5385 H@1:39.2% H@10:83.0% ** BEST **
  E 60/300 Loss:4.078 lr:5.00e-04 0s
  >> Val MRR:0.5678 H@1:41.6% H@10:86.2% ** BEST **
  >> Val MRR:0.5969 H@1:45.0% H@10:87.0% ** BEST **
  E 70/300 Loss:3.987 lr:5.00e-04 0s
  >> Val MRR:0.6080 H@1:46.2% H@10:88.8% ** BEST **
  >> Val MRR:0.6219 H@1:47.2% H@10:89.0% ** BEST **
  E 80/300 Loss:3.918 lr:5.00e-04 0s
  >> Val MRR:0.6426 H@1:49.4% H@10:90.4% ** BEST **
  >> Val MRR:0.6546 H@1:50.6% H@10:90.8% ** BEST **
  E 90/300 Loss:3.865 lr:5.00e-04 0s
  >> Val MRR:0.6714 H@1:53.0% H@10:90.8% ** BEST **
  >> Val MRR:0.6731 H@1:53.0% H@10:91.2% ** BEST **
  E100/300 Loss:3.830 lr:5.00e-04 0s
  >> Val MRR:0.6890 H@1:55.0% H@10:91.8% ** BEST **
  >> Val MRR:0.7043 H@1:57.0% H@10:92.4% ** BEST **
  E110/300 Loss:3.770 lr:5.00e-04 0s
  >> Val MRR:0.7085 H@1:57.2% H@10:92.8% ** BEST **
  >> Val MRR:0.7152 H@1:58.4% H@10:93.8% ** BEST **
  E120/300 Loss:3.746 lr:5.00e-04 0s
  >> Val MRR:0.7215 H@1:59.0% H@10:94.4% ** BEST **
  >> Val MRR:0.7210 (best:0.7215 p:1/30)
  E130/300 Loss:3.712 lr:5.00e-04 0s
  >> Val MRR:0.7342 H@1:60.4% H@10:94.0% ** BEST **
  >> Val MRR:0.7531 H@1:63.0% H@10:94.4% ** BEST **
  E140/300 Loss:3.685 lr:5.00e-04 0s
  >> Val MRR:0.7582 H@1:63.8% H@10:94.6% ** BEST **
  >> Val MRR:0.7678 H@1:65.8% H@10:94.8% ** BEST **
  E150/300 Loss:3.668 lr:5.00e-04 0s
  >> Val MRR:0.7744 H@1:66.4% H@10:94.8% ** BEST **
  >> Val MRR:0.7800 H@1:67.2% H@10:94.8% ** BEST **
  E160/300 Loss:3.649 lr:5.00e-04 0s
  >> Val MRR:0.7870 H@1:68.4% H@10:95.0% ** BEST **
  >> Val MRR:0.7886 H@1:68.2% H@10:95.0% ** BEST **
  E170/300 Loss:3.629 lr:5.00e-04 0s
  >> Val MRR:0.7920 H@1:68.6% H@10:95.0% ** BEST **
  >> Val MRR:0.7946 H@1:68.8% H@10:95.0% ** BEST **
  E180/300 Loss:3.619 lr:1.50e-04 0s
  >> Val MRR:0.7937 (best:0.7946 p:1/30)
  >> Val MRR:0.7937 (best:0.7946 p:2/30)
  E190/300 Loss:3.623 lr:1.50e-04 0s
  >> Val MRR:0.7972 H@1:69.0% H@10:95.0% ** BEST **
  >> Val MRR:0.7961 (best:0.7972 p:1/30)
  E200/300 Loss:3.620 lr:1.50e-04 0s
  >> Val MRR:0.7985 H@1:69.2% H@10:95.0% ** BEST **
  >> Val MRR:0.7957 (best:0.7985 p:1/30)
  E210/300 Loss:3.615 lr:1.50e-04 0s
  >> Val MRR:0.7981 (best:0.7985 p:2/30)
  >> Val MRR:0.8023 H@1:69.8% H@10:95.2% ** BEST **
  E220/300 Loss:3.603 lr:1.50e-04 0s
  >> Val MRR:0.8057 H@1:70.4% H@10:95.4% ** BEST **
  >> Val MRR:0.8071 H@1:70.6% H@10:95.6% ** BEST **
  E230/300 Loss:3.598 lr:1.50e-04 0s
  >> Val MRR:0.8051 (best:0.8071 p:1/30)
  >> Val MRR:0.8048 (best:0.8071 p:2/30)
  E240/300 Loss:3.596 lr:4.50e-05 0s
  >> Val MRR:0.8079 H@1:70.6% H@10:95.6% ** BEST **
  >> Val MRR:0.8083 H@1:70.8% H@10:95.6% ** BEST **
  E250/300 Loss:3.597 lr:4.50e-05 0s
  >> Val MRR:0.8082 (best:0.8083 p:1/30)
  >> Val MRR:0.8073 (best:0.8083 p:2/30)
  E260/300 Loss:3.591 lr:4.50e-05 0s
  >> Val MRR:0.8094 H@1:71.0% H@10:95.6% ** BEST **
  >> Val MRR:0.8104 H@1:71.2% H@10:95.6% ** BEST **
  E270/300 Loss:3.593 lr:4.50e-05 0s
  >> Val MRR:0.8107 H@1:71.2% H@10:95.8% ** BEST **
  >> Val MRR:0.8151 H@1:72.0% H@10:95.8% ** BEST **
  E280/300 Loss:3.596 lr:4.50e-05 0s
  >> Val MRR:0.8169 H@1:72.4% H@10:95.8% ** BEST **
  >> Val MRR:0.8170 H@1:72.4% H@10:95.8% ** BEST **
  E290/300 Loss:3.600 lr:4.50e-05 0s
  >> Val MRR:0.8178 H@1:72.6% H@10:95.8% ** BEST **
  >> Val MRR:0.8156 (best:0.8178 p:1/30)
  E300/300 Loss:3.588 lr:4.50e-05 0s
  >> Val MRR:0.8158 (best:0.8178 p:2/30)
  Training done: 13s, best_val_MRR=0.8178
  Full test evaluation (1074 triples)...

  FINAL TEST: MRR=0.8213 H@1=72.6% H@3=90.9% H@10=97.2%
  Saved: /home/shanxh/decoder/Kinship_d400_L2_ls0.3_ComplEx_seed42.json
=== Kinship/ComplEx@d400/seed42 rc=0 in 15s ===
=== [17/25] Kinship/ComplEx@d400/seed123 ===
Device: cuda, AMP: True
GPU: NVIDIA GeForce RTX 2080 Ti, 11.3 GB
======================================================================
CompGCN+DistMult | Kinship | seed=123
d_h=400 L=2 lr=0.0005 ls=0.3 epochs=300
======================================================================
  KG: 104 ent, 50 rel, 17088 edges
  Train/Val/Test: 8544/1068/1074
  Params: 744,800
  Training: epochs=300, lr=0.0005, batch=4096, ls=0.3
  Steps/epoch: 2
  E  1/300 Loss:7.561 lr:5.00e-04 0s
  >> Val MRR:0.0493 H@1:1.0% H@10:8.6% ** BEST **
  E 10/300 Loss:6.186 lr:5.00e-04 0s
  >> Val MRR:0.0557 H@1:1.4% H@10:10.6% ** BEST **
  >> Val MRR:0.0733 H@1:2.6% H@10:13.0% ** BEST **
  E 20/300 Loss:5.312 lr:5.00e-04 0s
  >> Val MRR:0.1079 H@1:4.0% H@10:20.8% ** BEST **
  >> Val MRR:0.1887 H@1:8.8% H@10:38.0% ** BEST **
  E 30/300 Loss:4.766 lr:5.00e-04 0s
  >> Val MRR:0.2847 H@1:16.8% H@10:52.8% ** BEST **
  >> Val MRR:0.3402 H@1:20.8% H@10:62.8% ** BEST **
  E 40/300 Loss:4.442 lr:5.00e-04 0s
  >> Val MRR:0.3970 H@1:25.4% H@10:68.8% ** BEST **
  >> Val MRR:0.4452 H@1:29.8% H@10:73.6% ** BEST **
  E 50/300 Loss:4.241 lr:5.00e-04 0s
  >> Val MRR:0.4978 H@1:36.2% H@10:78.4% ** BEST **
  >> Val MRR:0.5361 H@1:40.2% H@10:81.2% ** BEST **
  E 60/300 Loss:4.090 lr:5.00e-04 0s
  >> Val MRR:0.5652 H@1:43.0% H@10:82.8% ** BEST **
  >> Val MRR:0.5988 H@1:47.0% H@10:85.6% ** BEST **
  E 70/300 Loss:4.011 lr:5.00e-04 0s
  >> Val MRR:0.6254 H@1:50.0% H@10:86.4% ** BEST **
  >> Val MRR:0.6444 H@1:51.8% H@10:88.6% ** BEST **
  E 80/300 Loss:3.922 lr:5.00e-04 0s
  >> Val MRR:0.6621 H@1:54.6% H@10:90.0% ** BEST **
  >> Val MRR:0.6787 H@1:56.2% H@10:90.4% ** BEST **
  E 90/300 Loss:3.861 lr:5.00e-04 0s
  >> Val MRR:0.6952 H@1:57.8% H@10:91.4% ** BEST **
  >> Val MRR:0.7098 H@1:59.4% H@10:91.6% ** BEST **
  E100/300 Loss:3.809 lr:5.00e-04 0s
  >> Val MRR:0.7201 H@1:60.6% H@10:92.0% ** BEST **
  >> Val MRR:0.7271 H@1:61.4% H@10:92.4% ** BEST **
  E110/300 Loss:3.767 lr:5.00e-04 0s
  >> Val MRR:0.7387 H@1:63.0% H@10:93.4% ** BEST **
  >> Val MRR:0.7455 H@1:63.6% H@10:93.4% ** BEST **
  E120/300 Loss:3.742 lr:5.00e-04 0s
  >> Val MRR:0.7526 H@1:64.6% H@10:94.0% ** BEST **
  >> Val MRR:0.7587 H@1:65.0% H@10:94.0% ** BEST **
  E130/300 Loss:3.715 lr:5.00e-04 0s
  >> Val MRR:0.7664 H@1:66.0% H@10:94.4% ** BEST **
  >> Val MRR:0.7687 H@1:66.2% H@10:94.8% ** BEST **
  E140/300 Loss:3.684 lr:5.00e-04 0s
  >> Val MRR:0.7703 H@1:66.2% H@10:94.8% ** BEST **
  >> Val MRR:0.7738 H@1:66.2% H@10:95.6% ** BEST **
  E150/300 Loss:3.660 lr:5.00e-04 0s
  >> Val MRR:0.7819 H@1:67.0% H@10:95.8% ** BEST **
  >> Val MRR:0.7879 H@1:68.0% H@10:95.8% ** BEST **
  E160/300 Loss:3.647 lr:5.00e-04 0s
  >> Val MRR:0.7926 H@1:69.0% H@10:95.8% ** BEST **
  >> Val MRR:0.8038 H@1:70.6% H@10:96.0% ** BEST **
  E170/300 Loss:3.638 lr:5.00e-04 0s
  >> Val MRR:0.8036 (best:0.8038 p:1/30)
  >> Val MRR:0.8037 (best:0.8038 p:2/30)
  E180/300 Loss:3.616 lr:1.50e-04 0s
  >> Val MRR:0.8002 (best:0.8038 p:3/30)
  E190/300 Loss:3.613 lr:1.50e-04 0s
  >> Val MRR:0.8091 H@1:71.4% H@10:96.4% ** BEST **
  >> Val MRR:0.8119 H@1:71.8% H@10:96.6% ** BEST **
  E200/300 Loss:3.615 lr:1.50e-04 0s
  >> Val MRR:0.8117 (best:0.8119 p:1/30)
  >> Val MRR:0.8131 H@1:71.8% H@10:96.6% ** BEST **
  E210/300 Loss:3.614 lr:1.50e-04 0s
  >> Val MRR:0.8147 H@1:72.0% H@10:96.6% ** BEST **
  >> Val MRR:0.8122 (best:0.8147 p:1/30)
  E220/300 Loss:3.596 lr:1.50e-04 0s
  >> Val MRR:0.8140 (best:0.8147 p:2/30)
  >> Val MRR:0.8133 (best:0.8147 p:3/30)
  E230/300 Loss:3.600 lr:1.50e-04 0s
  >> Val MRR:0.8175 H@1:72.4% H@10:96.6% ** BEST **
  E240/300 Loss:3.600 lr:4.50e-05 0s
  >> Val MRR:0.8186 H@1:72.6% H@10:96.6% ** BEST **
  >> Val MRR:0.8186 H@1:72.6% H@10:96.6% ** BEST **
  E250/300 Loss:3.590 lr:4.50e-05 0s
  >> Val MRR:0.8183 (best:0.8186 p:1/30)
  >> Val MRR:0.8189 H@1:72.6% H@10:96.6% ** BEST **
  E260/300 Loss:3.594 lr:4.50e-05 0s
  >> Val MRR:0.8202 H@1:72.8% H@10:96.6% ** BEST **
  >> Val MRR:0.8174 (best:0.8202 p:1/30)
  E270/300 Loss:3.592 lr:4.50e-05 0s
  >> Val MRR:0.8187 (best:0.8202 p:2/30)
  >> Val MRR:0.8169 (best:0.8202 p:3/30)
  E280/300 Loss:3.589 lr:4.50e-05 0s
  E290/300 Loss:3.578 lr:4.50e-05 0s
  E300/300 Loss:3.591 lr:4.50e-05 0s
  >> Val MRR:0.8203 H@1:72.6% H@10:96.6% ** BEST **
  Training done: 13s, best_val_MRR=0.8203
  Full test evaluation (1074 triples)...

  FINAL TEST: MRR=0.8238 H@1=73.3% H@3=90.2% H@10=97.4%
  Saved: /home/shanxh/decoder/Kinship_d400_L2_ls0.3_ComplEx_seed123.json
=== Kinship/ComplEx@d400/seed123 rc=0 in 15s ===
=== [18/25] Kinship/ComplEx@d400/seed456 ===
Device: cuda, AMP: True
GPU: NVIDIA GeForce RTX 2080 Ti, 11.3 GB
======================================================================
CompGCN+DistMult | Kinship | seed=456
d_h=400 L=2 lr=0.0005 ls=0.3 epochs=300
======================================================================
  KG: 104 ent, 50 rel, 17088 edges
  Train/Val/Test: 8544/1068/1074
  Params: 744,800
  Training: epochs=300, lr=0.0005, batch=4096, ls=0.3
  Steps/epoch: 2
  E  1/300 Loss:7.523 lr:5.00e-04 0s
  >> Val MRR:0.0579 H@1:0.8% H@10:10.4% ** BEST **
  E 10/300 Loss:6.139 lr:5.00e-04 0s
  >> Val MRR:0.0586 H@1:0.8% H@10:13.4% ** BEST **
  >> Val MRR:0.0771 H@1:2.2% H@10:16.2% ** BEST **
  E 20/300 Loss:5.206 lr:5.00e-04 0s
  >> Val MRR:0.1223 H@1:4.6% H@10:26.4% ** BEST **
  >> Val MRR:0.2141 H@1:10.8% H@10:44.6% ** BEST **
  E 30/300 Loss:4.666 lr:5.00e-04 0s
  >> Val MRR:0.3240 H@1:19.4% H@10:60.6% ** BEST **
  >> Val MRR:0.3870 H@1:24.2% H@10:67.8% ** BEST **
  E 40/300 Loss:4.394 lr:5.00e-04 0s
  >> Val MRR:0.4394 H@1:29.0% H@10:71.4% ** BEST **
  >> Val MRR:0.4936 H@1:35.0% H@10:76.0% ** BEST **
  E 50/300 Loss:4.200 lr:5.00e-04 0s
  >> Val MRR:0.5231 H@1:38.2% H@10:79.6% ** BEST **
  >> Val MRR:0.5523 H@1:41.2% H@10:81.8% ** BEST **
  E 60/300 Loss:4.079 lr:5.00e-04 0s
  >> Val MRR:0.5865 H@1:45.2% H@10:85.4% ** BEST **
  >> Val MRR:0.5999 H@1:46.6% H@10:87.4% ** BEST **
  E 70/300 Loss:3.971 lr:5.00e-04 0s
  >> Val MRR:0.6257 H@1:49.2% H@10:88.8% ** BEST **
  >> Val MRR:0.6547 H@1:52.2% H@10:90.2% ** BEST **
  E 80/300 Loss:3.896 lr:5.00e-04 0s
  >> Val MRR:0.6760 H@1:54.2% H@10:91.0% ** BEST **
  >> Val MRR:0.6874 H@1:55.4% H@10:92.0% ** BEST **
  E 90/300 Loss:3.856 lr:5.00e-04 0s
  >> Val MRR:0.7052 H@1:58.2% H@10:92.0% ** BEST **
  >> Val MRR:0.7178 H@1:59.4% H@10:93.2% ** BEST **
  E100/300 Loss:3.796 lr:5.00e-04 0s
  >> Val MRR:0.7306 H@1:61.2% H@10:93.2% ** BEST **
  >> Val MRR:0.7460 H@1:63.2% H@10:93.6% ** BEST **
  E110/300 Loss:3.767 lr:5.00e-04 0s
  >> Val MRR:0.7591 H@1:65.4% H@10:93.8% ** BEST **
  >> Val MRR:0.7584 (best:0.7591 p:1/30)
  E120/300 Loss:3.725 lr:5.00e-04 0s
  >> Val MRR:0.7753 H@1:67.2% H@10:94.6% ** BEST **
  >> Val MRR:0.7824 H@1:68.2% H@10:94.6% ** BEST **
  E130/300 Loss:3.716 lr:5.00e-04 0s
  >> Val MRR:0.7891 H@1:69.0% H@10:95.0% ** BEST **
  >> Val MRR:0.7978 H@1:70.0% H@10:95.4% ** BEST **
  E140/300 Loss:3.678 lr:5.00e-04 0s
  >> Val MRR:0.7978 (best:0.7978 p:1/30)
  >> Val MRR:0.7998 H@1:70.0% H@10:95.6% ** BEST **
  E150/300 Loss:3.657 lr:5.00e-04 0s
  >> Val MRR:0.8015 H@1:70.4% H@10:95.8% ** BEST **
  >> Val MRR:0.8032 H@1:70.4% H@10:95.6% ** BEST **
  E160/300 Loss:3.645 lr:5.00e-04 0s
  >> Val MRR:0.8044 H@1:70.6% H@10:96.0% ** BEST **
  >> Val MRR:0.8053 H@1:70.8% H@10:96.0% ** BEST **
  E170/300 Loss:3.632 lr:5.00e-04 0s
  >> Val MRR:0.8083 H@1:71.2% H@10:96.0% ** BEST **
  >> Val MRR:0.8096 H@1:71.0% H@10:96.0% ** BEST **
  E180/300 Loss:3.614 lr:1.50e-04 0s
  >> Val MRR:0.8173 H@1:72.2% H@10:96.0% ** BEST **
  >> Val MRR:0.8203 H@1:72.8% H@10:96.0% ** BEST **
  E190/300 Loss:3.611 lr:1.50e-04 0s
  >> Val MRR:0.8171 (best:0.8203 p:1/30)
  >> Val MRR:0.8182 (best:0.8203 p:2/30)
  E200/300 Loss:3.610 lr:1.50e-04 0s
  >> Val MRR:0.8212 H@1:73.0% H@10:96.2% ** BEST **
  >> Val MRR:0.8189 (best:0.8212 p:1/30)
  E210/300 Loss:3.607 lr:1.50e-04 0s
  >> Val MRR:0.8193 (best:0.8212 p:2/30)
  >> Val MRR:0.8192 (best:0.8212 p:3/30)
  E220/300 Loss:3.600 lr:1.50e-04 0s
  >> Val MRR:0.8214 H@1:73.2% H@10:96.2% ** BEST **
  >> Val MRR:0.8223 H@1:73.4% H@10:96.2% ** BEST **
  E230/300 Loss:3.596 lr:1.50e-04 0s
  >> Val MRR:0.8200 (best:0.8223 p:1/30)
  >> Val MRR:0.8185 (best:0.8223 p:2/30)
  E240/300 Loss:3.594 lr:4.50e-05 0s
  >> Val MRR:0.8199 (best:0.8223 p:3/30)
  >> Val MRR:0.8226 H@1:73.2% H@10:96.2% ** BEST **
  E250/300 Loss:3.598 lr:4.50e-05 0s
  >> Val MRR:0.8226 (best:0.8226 p:1/30)
  >> Val MRR:0.8232 H@1:73.4% H@10:96.2% ** BEST **
  E260/300 Loss:3.595 lr:4.50e-05 0s
  >> Val MRR:0.8252 H@1:73.8% H@10:96.2% ** BEST **
  >> Val MRR:0.8251 (best:0.8252 p:1/30)
  E270/300 Loss:3.590 lr:4.50e-05 0s
  >> Val MRR:0.8261 H@1:74.0% H@10:96.2% ** BEST **
  >> Val MRR:0.8254 (best:0.8261 p:1/30)
  E280/300 Loss:3.593 lr:4.50e-05 0s
  >> Val MRR:0.8264 H@1:74.0% H@10:96.2% ** BEST **
  >> Val MRR:0.8276 H@1:74.2% H@10:96.2% ** BEST **
  E290/300 Loss:3.590 lr:4.50e-05 0s
  >> Val MRR:0.8281 H@1:74.4% H@10:96.2% ** BEST **
  >> Val MRR:0.8305 H@1:74.8% H@10:96.2% ** BEST **
  E300/300 Loss:3.592 lr:4.50e-05 0s
  >> Val MRR:0.8284 (best:0.8305 p:1/30)
  Training done: 13s, best_val_MRR=0.8305
  Full test evaluation (1074 triples)...

  FINAL TEST: MRR=0.8243 H@1=73.7% H@3=89.7% H@10=97.1%
  Saved: /home/shanxh/decoder/Kinship_d400_L2_ls0.3_ComplEx_seed456.json
=== Kinship/ComplEx@d400/seed456 rc=0 in 15s ===
=== [19/25] Kinship/DistMult@d400/seed42 ===
Device: cuda, AMP: True
GPU: NVIDIA GeForce RTX 2080 Ti, 11.3 GB
======================================================================
CompGCN+DistMult | Kinship | seed=42
d_h=400 L=2 lr=0.0005 ls=0.3 epochs=300
======================================================================
  KG: 104 ent, 50 rel, 17088 edges
  Train/Val/Test: 8544/1068/1074
  Params: 744,800
  Training: epochs=300, lr=0.0005, batch=4096, ls=0.3
  Steps/epoch: 2
  E  1/300 Loss:5.536 lr:5.00e-04 0s
  >> Val MRR:0.0695 H@1:1.8% H@10:15.4% ** BEST **
  E 10/300 Loss:4.654 lr:5.00e-04 0s
  >> Val MRR:0.0833 H@1:2.2% H@10:18.2% ** BEST **
  >> Val MRR:0.1690 H@1:6.4% H@10:35.8% ** BEST **
  E 20/300 Loss:4.139 lr:5.00e-04 0s
  >> Val MRR:0.3324 H@1:19.4% H@10:64.0% ** BEST **
  >> Val MRR:0.4688 H@1:33.2% H@10:79.4% ** BEST **
  E 30/300 Loss:3.973 lr:5.00e-04 0s
  >> Val MRR:0.5142 H@1:37.2% H@10:83.4% ** BEST **
  >> Val MRR:0.5348 H@1:39.6% H@10:85.6% ** BEST **
  E 40/300 Loss:3.873 lr:5.00e-04 0s
  >> Val MRR:0.5549 H@1:41.4% H@10:86.0% ** BEST **
  >> Val MRR:0.5789 H@1:44.6% H@10:86.6% ** BEST **
  E 50/300 Loss:3.818 lr:5.00e-04 0s
  >> Val MRR:0.5849 H@1:45.6% H@10:86.0% ** BEST **
  >> Val MRR:0.5926 H@1:46.4% H@10:87.8% ** BEST **
  E 60/300 Loss:3.772 lr:5.00e-04 0s
  >> Val MRR:0.6029 H@1:47.4% H@10:88.8% ** BEST **
  >> Val MRR:0.6100 H@1:48.2% H@10:89.6% ** BEST **
  E 70/300 Loss:3.756 lr:5.00e-04 0s
  >> Val MRR:0.6146 H@1:48.4% H@10:90.2% ** BEST **
  >> Val MRR:0.6120 (best:0.6146 p:1/30)
  E 80/300 Loss:3.728 lr:5.00e-04 0s
  >> Val MRR:0.6174 H@1:49.0% H@10:90.4% ** BEST **
  >> Val MRR:0.6185 H@1:49.0% H@10:90.6% ** BEST **
  E 90/300 Loss:3.710 lr:5.00e-04 0s
  >> Val MRR:0.6230 H@1:49.6% H@10:90.0% ** BEST **
  >> Val MRR:0.6268 H@1:50.2% H@10:90.8% ** BEST **
  E100/300 Loss:3.701 lr:5.00e-04 0s
  >> Val MRR:0.6286 H@1:50.4% H@10:91.0% ** BEST **
  >> Val MRR:0.6302 H@1:51.0% H@10:91.2% ** BEST **
  E110/300 Loss:3.679 lr:5.00e-04 0s
  >> Val MRR:0.6312 H@1:50.6% H@10:91.4% ** BEST **
  >> Val MRR:0.6426 H@1:52.6% H@10:92.0% ** BEST **
  E120/300 Loss:3.677 lr:5.00e-04 0s
  >> Val MRR:0.6428 H@1:52.0% H@10:92.2% ** BEST **
  >> Val MRR:0.6398 (best:0.6428 p:1/30)
  E130/300 Loss:3.657 lr:5.00e-04 0s
  >> Val MRR:0.6339 (best:0.6428 p:2/30)
  >> Val MRR:0.6339 (best:0.6428 p:3/30)
  E140/300 Loss:3.654 lr:5.00e-04 0s
  E150/300 Loss:3.635 lr:5.00e-04 0s
  E160/300 Loss:3.636 lr:5.00e-04 0s
  >> Val MRR:0.6445 H@1:52.0% H@10:92.4% ** BEST **
  E170/300 Loss:3.625 lr:5.00e-04 0s
  >> Val MRR:0.6483 H@1:52.8% H@10:92.4% ** BEST **
  >> Val MRR:0.6428 (best:0.6483 p:1/30)
  E180/300 Loss:3.627 lr:1.50e-04 0s
  >> Val MRR:0.6458 (best:0.6483 p:2/30)
  >> Val MRR:0.6469 (best:0.6483 p:3/30)
  E190/300 Loss:3.625 lr:1.50e-04 0s
  E200/300 Loss:3.615 lr:1.50e-04 0s
  E210/300 Loss:3.618 lr:1.50e-04 0s
  E220/300 Loss:3.613 lr:1.50e-04 0s
  >> Val MRR:0.6500 H@1:52.8% H@10:92.2% ** BEST **
  >> Val MRR:0.6541 H@1:53.6% H@10:92.0% ** BEST **
  E230/300 Loss:3.612 lr:1.50e-04 0s
  >> Val MRR:0.6475 (best:0.6541 p:1/30)
  >> Val MRR:0.6479 (best:0.6541 p:2/30)
  E240/300 Loss:3.611 lr:4.50e-05 0s
  >> Val MRR:0.6516 (best:0.6541 p:3/30)
  E250/300 Loss:3.608 lr:4.50e-05 0s
  E260/300 Loss:3.608 lr:4.50e-05 0s
  E270/300 Loss:3.609 lr:4.50e-05 0s
  >> Val MRR:0.6508 (best:0.6541 p:10/30)
  E280/300 Loss:3.608 lr:4.50e-05 0s
  E290/300 Loss:3.610 lr:4.50e-05 0s
  E300/300 Loss:3.607 lr:4.50e-05 0s
  Training done: 13s, best_val_MRR=0.6541
  Full test evaluation (1074 triples)...

  FINAL TEST: MRR=0.6282 H@1=49.5% H@3=69.2% H@10=92.3%
  Saved: /home/shanxh/decoder/Kinship_d400_L2_ls0.3_seed42.json
=== Kinship/DistMult@d400/seed42 rc=0 in 15s ===
=== [20/25] Kinship/DistMult@d400/seed123 ===
Device: cuda, AMP: True
GPU: NVIDIA GeForce RTX 2080 Ti, 11.3 GB
======================================================================
CompGCN+DistMult | Kinship | seed=123
d_h=400 L=2 lr=0.0005 ls=0.3 epochs=300
======================================================================
  KG: 104 ent, 50 rel, 17088 edges
  Train/Val/Test: 8544/1068/1074
  Params: 744,800
  Training: epochs=300, lr=0.0005, batch=4096, ls=0.3
  Steps/epoch: 2
  E  1/300 Loss:5.569 lr:5.00e-04 0s
  >> Val MRR:0.0604 H@1:1.0% H@10:13.0% ** BEST **
  E 10/300 Loss:4.732 lr:5.00e-04 0s
  >> Val MRR:0.0725 H@1:2.0% H@10:13.8% ** BEST **
  >> Val MRR:0.1280 H@1:4.6% H@10:28.0% ** BEST **
  E 20/300 Loss:4.210 lr:5.00e-04 0s
  >> Val MRR:0.2938 H@1:16.4% H@10:60.2% ** BEST **
  >> Val MRR:0.4257 H@1:28.8% H@10:73.0% ** BEST **
  E 30/300 Loss:3.999 lr:5.00e-04 0s
  >> Val MRR:0.4779 H@1:34.8% H@10:78.6% ** BEST **
  >> Val MRR:0.5066 H@1:36.6% H@10:83.2% ** BEST **
  E 40/300 Loss:3.904 lr:5.00e-04 0s
  >> Val MRR:0.5323 H@1:39.0% H@10:84.4% ** BEST **
  >> Val MRR:0.5486 H@1:40.6% H@10:85.6% ** BEST **
  E 50/300 Loss:3.839 lr:5.00e-04 0s
  >> Val MRR:0.5657 H@1:42.8% H@10:87.6% ** BEST **
  >> Val MRR:0.5809 H@1:44.0% H@10:88.2% ** BEST **
  E 60/300 Loss:3.796 lr:5.00e-04 0s
  >> Val MRR:0.5862 H@1:44.6% H@10:88.0% ** BEST **
  >> Val MRR:0.5971 H@1:46.2% H@10:89.0% ** BEST **
  E 70/300 Loss:3.772 lr:5.00e-04 0s
  >> Val MRR:0.5975 H@1:46.0% H@10:89.6% ** BEST **
  >> Val MRR:0.6125 H@1:48.6% H@10:89.8% ** BEST **
  E 80/300 Loss:3.749 lr:5.00e-04 0s
  >> Val MRR:0.6224 H@1:49.8% H@10:89.6% ** BEST **
  >> Val MRR:0.6257 H@1:49.4% H@10:89.8% ** BEST **
  E 90/300 Loss:3.719 lr:5.00e-04 0s
  >> Val MRR:0.6292 H@1:49.4% H@10:90.8% ** BEST **
  >> Val MRR:0.6368 H@1:50.6% H@10:91.4% ** BEST **
  E100/300 Loss:3.710 lr:5.00e-04 0s
  >> Val MRR:0.6320 (best:0.6368 p:1/30)
  >> Val MRR:0.6383 H@1:50.8% H@10:91.2% ** BEST **
  E110/300 Loss:3.696 lr:5.00e-04 0s
  >> Val MRR:0.6414 H@1:51.6% H@10:91.4% ** BEST **
  >> Val MRR:0.6400 (best:0.6414 p:1/30)
  E120/300 Loss:3.682 lr:5.00e-04 0s
  >> Val MRR:0.6396 (best:0.6414 p:2/30)
  >> Val MRR:0.6441 H@1:51.6% H@10:91.2% ** BEST **
  E130/300 Loss:3.674 lr:5.00e-04 0s
  >> Val MRR:0.6422 (best:0.6441 p:1/30)
  >> Val MRR:0.6432 (best:0.6441 p:2/30)
  E140/300 Loss:3.658 lr:5.00e-04 0s
  >> Val MRR:0.6457 H@1:52.0% H@10:91.6% ** BEST **
  >> Val MRR:0.6467 H@1:52.6% H@10:92.0% ** BEST **
  E150/300 Loss:3.650 lr:5.00e-04 0s
  >> Val MRR:0.6516 H@1:53.0% H@10:92.0% ** BEST **
  >> Val MRR:0.6570 H@1:53.4% H@10:91.4% ** BEST **
  E160/300 Loss:3.641 lr:5.00e-04 0s
  >> Val MRR:0.6654 H@1:54.6% H@10:91.6% ** BEST **
  >> Val MRR:0.6549 (best:0.6654 p:1/30)
  E170/300 Loss:3.636 lr:5.00e-04 0s
  >> Val MRR:0.6597 (best:0.6654 p:2/30)
  >> Val MRR:0.6627 (best:0.6654 p:3/30)
  E180/300 Loss:3.629 lr:1.50e-04 0s
  E190/300 Loss:3.630 lr:1.50e-04 0s
  E200/300 Loss:3.622 lr:1.50e-04 0s
  E210/300 Loss:3.623 lr:1.50e-04 0s
  >> Val MRR:0.6560 (best:0.6654 p:10/30)
  E220/300 Loss:3.616 lr:1.50e-04 0s
  E230/300 Loss:3.619 lr:1.50e-04 0s
  E240/300 Loss:3.619 lr:4.50e-05 0s
  E250/300 Loss:3.618 lr:4.50e-05 0s
  E260/300 Loss:3.612 lr:4.50e-05 0s
  >> Val MRR:0.6576 (best:0.6654 p:20/30)
  E270/300 Loss:3.614 lr:4.50e-05 0s
  E280/300 Loss:3.613 lr:4.50e-05 0s
  E290/300 Loss:3.610 lr:4.50e-05 0s
  E300/300 Loss:3.609 lr:4.50e-05 0s
  Training done: 14s, best_val_MRR=0.6654
  Full test evaluation (1074 triples)...

  FINAL TEST: MRR=0.6356 H@1=50.4% H@3=70.9% H@10=92.7%
  Saved: /home/shanxh/decoder/Kinship_d400_L2_ls0.3_seed123.json
=== Kinship/DistMult@d400/seed123 rc=0 in 17s ===
=== [21/25] Kinship/DistMult@d400/seed456 ===
Device: cuda, AMP: True
GPU: NVIDIA GeForce RTX 2080 Ti, 11.3 GB
======================================================================
CompGCN+DistMult | Kinship | seed=456
d_h=400 L=2 lr=0.0005 ls=0.3 epochs=300
======================================================================
  KG: 104 ent, 50 rel, 17088 edges
  Train/Val/Test: 8544/1068/1074
  Params: 744,800
  Training: epochs=300, lr=0.0005, batch=4096, ls=0.3
  Steps/epoch: 2
  E  1/300 Loss:5.548 lr:5.00e-04 0s
  >> Val MRR:0.0526 H@1:0.6% H@10:11.2% ** BEST **
  E 10/300 Loss:4.699 lr:5.00e-04 0s
  >> Val MRR:0.0566 H@1:0.6% H@10:13.6% ** BEST **
  >> Val MRR:0.1058 H@1:2.6% H@10:25.4% ** BEST **
  E 20/300 Loss:4.184 lr:5.00e-04 0s
  >> Val MRR:0.2481 H@1:11.4% H@10:56.2% ** BEST **
  >> Val MRR:0.4080 H@1:25.0% H@10:77.2% ** BEST **
  E 30/300 Loss:3.981 lr:5.00e-04 0s
  >> Val MRR:0.4813 H@1:33.0% H@10:83.6% ** BEST **
  >> Val MRR:0.5247 H@1:38.2% H@10:85.6% ** BEST **
  E 40/300 Loss:3.888 lr:5.00e-04 0s
  >> Val MRR:0.5414 H@1:39.6% H@10:87.0% ** BEST **
  >> Val MRR:0.5554 H@1:42.0% H@10:87.8% ** BEST **
  E 50/300 Loss:3.820 lr:5.00e-04 0s
  >> Val MRR:0.5741 H@1:44.6% H@10:88.6% ** BEST **
  >> Val MRR:0.5833 H@1:45.2% H@10:89.2% ** BEST **
  E 60/300 Loss:3.794 lr:5.00e-04 0s
  >> Val MRR:0.5877 H@1:45.8% H@10:90.2% ** BEST **
  >> Val MRR:0.5969 H@1:47.6% H@10:90.4% ** BEST **
  E 70/300 Loss:3.760 lr:5.00e-04 0s
  >> Val MRR:0.6068 H@1:48.4% H@10:90.6% ** BEST **
  >> Val MRR:0.6144 H@1:48.4% H@10:90.0% ** BEST **
  E 80/300 Loss:3.739 lr:5.00e-04 0s
  >> Val MRR:0.6167 H@1:48.2% H@10:91.0% ** BEST **
  >> Val MRR:0.6287 H@1:50.6% H@10:91.0% ** BEST **
  E 90/300 Loss:3.724 lr:5.00e-04 0s
  >> Val MRR:0.6434 H@1:52.8% H@10:91.4% ** BEST **
  >> Val MRR:0.6431 (best:0.6434 p:1/30)
  E100/300 Loss:3.692 lr:5.00e-04 0s
  >> Val MRR:0.6473 H@1:52.6% H@10:92.0% ** BEST **
  >> Val MRR:0.6553 H@1:53.6% H@10:92.6% ** BEST **
  E110/300 Loss:3.687 lr:5.00e-04 0s
  >> Val MRR:0.6545 (best:0.6553 p:1/30)
  >> Val MRR:0.6582 H@1:53.8% H@10:92.0% ** BEST **
  E120/300 Loss:3.668 lr:5.00e-04 0s
  >> Val MRR:0.6554 (best:0.6582 p:1/30)
  >> Val MRR:0.6546 (best:0.6582 p:2/30)
  E130/300 Loss:3.665 lr:5.00e-04 0s
  >> Val MRR:0.6578 (best:0.6582 p:3/30)
  >> Val MRR:0.6588 H@1:54.0% H@10:92.8% ** BEST **
  E140/300 Loss:3.659 lr:5.00e-04 0s
  >> Val MRR:0.6684 H@1:55.6% H@10:93.2% ** BEST **
  >> Val MRR:0.6687 H@1:55.8% H@10:93.6% ** BEST **
  E150/300 Loss:3.645 lr:5.00e-04 0s
  >> Val MRR:0.6619 (best:0.6687 p:1/30)
  >> Val MRR:0.6650 (best:0.6687 p:2/30)
  E160/300 Loss:3.643 lr:5.00e-04 0s
  >> Val MRR:0.6690 H@1:56.0% H@10:94.2% ** BEST **
  >> Val MRR:0.6648 (best:0.6690 p:1/30)
  E170/300 Loss:3.632 lr:5.00e-04 0s
  >> Val MRR:0.6660 (best:0.6690 p:2/30)
  >> Val MRR:0.6682 (best:0.6690 p:3/30)
  E180/300 Loss:3.629 lr:1.50e-04 0s
  E190/300 Loss:3.630 lr:1.50e-04 0s
  E200/300 Loss:3.616 lr:1.50e-04 0s
  E210/300 Loss:3.620 lr:1.50e-04 0s
  >> Val MRR:0.6606 (best:0.6690 p:10/30)
  E220/300 Loss:3.620 lr:1.50e-04 0s
  E230/300 Loss:3.618 lr:1.50e-04 0s
  E240/300 Loss:3.614 lr:4.50e-05 0s
  E250/300 Loss:3.616 lr:4.50e-05 0s
  E260/300 Loss:3.606 lr:4.50e-05 0s
  >> Val MRR:0.6598 (best:0.6690 p:20/30)
  E270/300 Loss:3.609 lr:4.50e-05 0s
  E280/300 Loss:3.612 lr:4.50e-05 0s
  E290/300 Loss:3.608 lr:4.50e-05 0s
  E300/300 Loss:3.610 lr:4.50e-05 0s
  Training done: 14s, best_val_MRR=0.6690
  Full test evaluation (1074 triples)...

  FINAL TEST: MRR=0.6365 H@1=50.5% H@3=71.0% H@10=92.1%
  Saved: /home/shanxh/decoder/Kinship_d400_L2_ls0.3_seed456.json
=== Kinship/DistMult@d400/seed456 rc=0 in 17s ===
=== [22/25] Kinship/DistMult@d100/seed42 ===
Device: cuda, AMP: True
GPU: NVIDIA GeForce RTX 2080 Ti, 11.3 GB
======================================================================
CompGCN+DistMult | Kinship | seed=42
d_h=100 L=2 lr=0.0005 ls=0.3 epochs=300
======================================================================
  KG: 104 ent, 50 rel, 17088 edges
  Train/Val/Test: 8544/1068/1074
  Params: 66,200
  Training: epochs=300, lr=0.0005, batch=4096, ls=0.3
  Steps/epoch: 2
  E  1/300 Loss:5.378 lr:5.00e-04 0s
  >> Val MRR:0.0526 H@1:1.2% H@10:9.2% ** BEST **
  E 10/300 Loss:5.110 lr:5.00e-04 0s
  >> Val MRR:0.0521 (best:0.0526 p:1/30)
  >> Val MRR:0.0509 (best:0.0526 p:2/30)
  E 20/300 Loss:4.947 lr:5.00e-04 0s
  >> Val MRR:0.0606 H@1:1.2% H@10:12.4% ** BEST **
  >> Val MRR:0.0733 H@1:2.2% H@10:15.2% ** BEST **
  E 30/300 Loss:4.775 lr:5.00e-04 0s
  >> Val MRR:0.0901 H@1:3.2% H@10:18.2% ** BEST **
  >> Val MRR:0.1070 H@1:3.8% H@10:23.6% ** BEST **
  E 40/300 Loss:4.621 lr:5.00e-04 0s
  >> Val MRR:0.1276 H@1:4.4% H@10:29.8% ** BEST **
  >> Val MRR:0.1606 H@1:5.8% H@10:38.6% ** BEST **
  E 50/300 Loss:4.475 lr:5.00e-04 0s
  >> Val MRR:0.1998 H@1:8.0% H@10:46.2% ** BEST **
  >> Val MRR:0.2477 H@1:11.2% H@10:54.0% ** BEST **
  E 60/300 Loss:4.352 lr:5.00e-04 0s
  >> Val MRR:0.2851 H@1:13.8% H@10:62.2% ** BEST **
  >> Val MRR:0.3286 H@1:18.0% H@10:68.8% ** BEST **
  E 70/300 Loss:4.238 lr:5.00e-04 0s
  >> Val MRR:0.3638 H@1:20.8% H@10:72.6% ** BEST **
  >> Val MRR:0.3976 H@1:24.2% H@10:76.4% ** BEST **
  E 80/300 Loss:4.152 lr:5.00e-04 0s
  >> Val MRR:0.4251 H@1:26.4% H@10:77.4% ** BEST **
  >> Val MRR:0.4526 H@1:29.2% H@10:80.6% ** BEST **
  E 90/300 Loss:4.093 lr:5.00e-04 0s
  >> Val MRR:0.4712 H@1:30.6% H@10:82.0% ** BEST **
  >> Val MRR:0.4874 H@1:32.0% H@10:82.6% ** BEST **
  E100/300 Loss:4.064 lr:5.00e-04 0s
  >> Val MRR:0.5092 H@1:34.4% H@10:84.8% ** BEST **
  >> Val MRR:0.5229 H@1:35.8% H@10:85.4% ** BEST **
  E110/300 Loss:4.032 lr:5.00e-04 0s
  >> Val MRR:0.5311 H@1:36.8% H@10:86.4% ** BEST **
  >> Val MRR:0.5411 H@1:38.0% H@10:86.8% ** BEST **
  E120/300 Loss:3.990 lr:5.00e-04 0s
  >> Val MRR:0.5446 H@1:37.8% H@10:87.8% ** BEST **
  >> Val MRR:0.5521 H@1:38.6% H@10:88.4% ** BEST **
  E130/300 Loss:3.976 lr:5.00e-04 0s
  >> Val MRR:0.5594 H@1:39.6% H@10:88.8% ** BEST **
  >> Val MRR:0.5709 H@1:41.2% H@10:89.2% ** BEST **
  E140/300 Loss:3.957 lr:5.00e-04 0s
  >> Val MRR:0.5808 H@1:42.2% H@10:89.8% ** BEST **
  >> Val MRR:0.5860 H@1:42.4% H@10:90.4% ** BEST **
  E150/300 Loss:3.952 lr:5.00e-04 0s
  >> Val MRR:0.5916 H@1:42.8% H@10:91.0% ** BEST **
  >> Val MRR:0.5965 H@1:43.0% H@10:90.6% ** BEST **
  E160/300 Loss:3.922 lr:5.00e-04 0s
  >> Val MRR:0.6022 H@1:44.0% H@10:90.6% ** BEST **
  >> Val MRR:0.6041 H@1:44.2% H@10:91.0% ** BEST **
  E170/300 Loss:3.916 lr:5.00e-04 0s
  >> Val MRR:0.6118 H@1:44.6% H@10:91.2% ** BEST **
  >> Val MRR:0.6257 H@1:46.6% H@10:91.4% ** BEST **
  E180/300 Loss:3.901 lr:1.50e-04 0s
  >> Val MRR:0.6282 H@1:47.0% H@10:91.6% ** BEST **
  >> Val MRR:0.6288 H@1:47.2% H@10:91.6% ** BEST **
  E190/300 Loss:3.907 lr:1.50e-04 0s
  >> Val MRR:0.6301 H@1:47.6% H@10:91.6% ** BEST **
  >> Val MRR:0.6289 (best:0.6301 p:1/30)
  E200/300 Loss:3.891 lr:1.50e-04 0s
  >> Val MRR:0.6319 H@1:47.4% H@10:92.0% ** BEST **
  >> Val MRR:0.6320 H@1:47.2% H@10:92.2% ** BEST **
  E210/300 Loss:3.884 lr:1.50e-04 0s
  >> Val MRR:0.6311 (best:0.6320 p:1/30)
  >> Val MRR:0.6324 H@1:47.4% H@10:92.2% ** BEST **
  E220/300 Loss:3.878 lr:1.50e-04 0s
  >> Val MRR:0.6344 H@1:47.6% H@10:91.8% ** BEST **
  >> Val MRR:0.6351 H@1:47.8% H@10:91.8% ** BEST **
  E230/300 Loss:3.881 lr:1.50e-04 0s
  >> Val MRR:0.6363 H@1:47.8% H@10:91.8% ** BEST **
  >> Val MRR:0.6382 H@1:48.0% H@10:91.8% ** BEST **
  E240/300 Loss:3.872 lr:4.50e-05 0s
  >> Val MRR:0.6395 H@1:48.2% H@10:91.8% ** BEST **
  >> Val MRR:0.6390 (best:0.6395 p:1/30)
  E250/300 Loss:3.881 lr:4.50e-05 0s
  >> Val MRR:0.6407 H@1:48.4% H@10:91.8% ** BEST **
  >> Val MRR:0.6403 (best:0.6407 p:1/30)
  E260/300 Loss:3.865 lr:4.50e-05 0s
  >> Val MRR:0.6402 (best:0.6407 p:2/30)
  >> Val MRR:0.6403 (best:0.6407 p:3/30)
  E270/300 Loss:3.878 lr:4.50e-05 0s
  >> Val MRR:0.6421 H@1:48.6% H@10:91.8% ** BEST **
  >> Val MRR:0.6382 (best:0.6421 p:1/30)
  E280/300 Loss:3.873 lr:4.50e-05 0s
  >> Val MRR:0.6397 (best:0.6421 p:2/30)
  >> Val MRR:0.6407 (best:0.6421 p:3/30)
  E290/300 Loss:3.868 lr:4.50e-05 0s
  E300/300 Loss:3.873 lr:4.50e-05 0s
  Training done: 11s, best_val_MRR=0.6421
  Full test evaluation (1074 triples)...

  FINAL TEST: MRR=0.6190 H@1=47.0% H@3=71.9% H@10=91.3%
  Saved: /home/shanxh/decoder/Kinship_d100_L2_ls0.3_seed42.json
=== Kinship/DistMult@d100/seed42 rc=0 in 14s ===
=== [23/25] Kinship/DistMult@d100/seed123 ===
Device: cuda, AMP: True
GPU: NVIDIA GeForce RTX 2080 Ti, 11.3 GB
======================================================================
CompGCN+DistMult | Kinship | seed=123
d_h=100 L=2 lr=0.0005 ls=0.3 epochs=300
======================================================================
  KG: 104 ent, 50 rel, 17088 edges
  Train/Val/Test: 8544/1068/1074
  Params: 66,200
  Training: epochs=300, lr=0.0005, batch=4096, ls=0.3
  Steps/epoch: 2
  E  1/300 Loss:5.316 lr:5.00e-04 0s
  >> Val MRR:0.0498 H@1:0.2% H@10:11.6% ** BEST **
  E 10/300 Loss:5.079 lr:5.00e-04 0s
  >> Val MRR:0.0509 H@1:0.4% H@10:10.8% ** BEST **
  >> Val MRR:0.0566 H@1:1.0% H@10:12.0% ** BEST **
  E 20/300 Loss:4.880 lr:5.00e-04 0s
  >> Val MRR:0.0650 H@1:1.0% H@10:16.0% ** BEST **
  >> Val MRR:0.0923 H@1:2.8% H@10:21.4% ** BEST **
  E 30/300 Loss:4.697 lr:5.00e-04 0s
  >> Val MRR:0.1260 H@1:4.4% H@10:27.8% ** BEST **
  >> Val MRR:0.1588 H@1:5.4% H@10:38.2% ** BEST **
  E 40/300 Loss:4.522 lr:5.00e-04 0s
  >> Val MRR:0.2028 H@1:7.8% H@10:47.0% ** BEST **
  >> Val MRR:0.2528 H@1:12.2% H@10:54.6% ** BEST **
  E 50/300 Loss:4.373 lr:5.00e-04 0s
  >> Val MRR:0.2935 H@1:15.0% H@10:62.2% ** BEST **
  >> Val MRR:0.3280 H@1:17.4% H@10:68.6% ** BEST **
  E 60/300 Loss:4.245 lr:5.00e-04 0s
  >> Val MRR:0.3654 H@1:20.8% H@10:72.6% ** BEST **
  >> Val MRR:0.3999 H@1:24.6% H@10:76.6% ** BEST **
  E 70/300 Loss:4.181 lr:5.00e-04 0s
  >> Val MRR:0.4183 H@1:25.8% H@10:78.2% ** BEST **
  >> Val MRR:0.4440 H@1:28.6% H@10:81.2% ** BEST **
  E 80/300 Loss:4.113 lr:5.00e-04 0s
  >> Val MRR:0.4641 H@1:30.2% H@10:82.8% ** BEST **
  >> Val MRR:0.4825 H@1:32.4% H@10:83.8% ** BEST **
  E 90/300 Loss:4.058 lr:5.00e-04 0s
  >> Val MRR:0.4973 H@1:34.0% H@10:86.0% ** BEST **
  >> Val MRR:0.5083 H@1:34.4% H@10:87.0% ** BEST **
  E100/300 Loss:4.037 lr:5.00e-04 0s
  >> Val MRR:0.5296 H@1:36.6% H@10:87.2% ** BEST **
  >> Val MRR:0.5409 H@1:37.8% H@10:88.2% ** BEST **
  E110/300 Loss:4.005 lr:5.00e-04 0s
  >> Val MRR:0.5483 H@1:38.6% H@10:88.8% ** BEST **
  >> Val MRR:0.5629 H@1:40.2% H@10:89.2% ** BEST **
  E120/300 Loss:3.974 lr:5.00e-04 0s
  >> Val MRR:0.5686 H@1:40.4% H@10:90.0% ** BEST **
  >> Val MRR:0.5886 H@1:43.0% H@10:90.2% ** BEST **
  E130/300 Loss:3.958 lr:5.00e-04 0s
  >> Val MRR:0.5972 H@1:44.2% H@10:90.4% ** BEST **
  >> Val MRR:0.6070 H@1:45.4% H@10:90.4% ** BEST **
  E140/300 Loss:3.946 lr:5.00e-04 0s
  >> Val MRR:0.6080 H@1:44.6% H@10:91.2% ** BEST **
  >> Val MRR:0.6141 H@1:45.4% H@10:91.0% ** BEST **
  E150/300 Loss:3.924 lr:5.00e-04 0s
  >> Val MRR:0.6213 H@1:46.4% H@10:91.4% ** BEST **
  >> Val MRR:0.6257 H@1:47.0% H@10:91.6% ** BEST **
  E160/300 Loss:3.918 lr:5.00e-04 0s
  >> Val MRR:0.6344 H@1:48.8% H@10:92.6% ** BEST **
  >> Val MRR:0.6383 H@1:49.2% H@10:92.2% ** BEST **
  E170/300 Loss:3.907 lr:5.00e-04 0s
  >> Val MRR:0.6393 H@1:49.4% H@10:92.6% ** BEST **
  >> Val MRR:0.6435 H@1:49.8% H@10:92.4% ** BEST **
  E180/300 Loss:3.902 lr:1.50e-04 0s
  >> Val MRR:0.6496 H@1:50.8% H@10:92.0% ** BEST **
  >> Val MRR:0.6488 (best:0.6496 p:1/30)
  E190/300 Loss:3.886 lr:1.50e-04 0s
  >> Val MRR:0.6516 H@1:51.0% H@10:92.0% ** BEST **
  >> Val MRR:0.6514 (best:0.6516 p:1/30)
  E200/300 Loss:3.879 lr:1.50e-04 0s
  >> Val MRR:0.6552 H@1:51.6% H@10:92.0% ** BEST **
  >> Val MRR:0.6556 H@1:51.6% H@10:92.0% ** BEST **
  E210/300 Loss:3.884 lr:1.50e-04 0s
  >> Val MRR:0.6541 (best:0.6556 p:1/30)
  >> Val MRR:0.6549 (best:0.6556 p:2/30)
  E220/300 Loss:3.876 lr:1.50e-04 0s
  >> Val MRR:0.6572 H@1:51.6% H@10:92.2% ** BEST **
  >> Val MRR:0.6527 (best:0.6572 p:1/30)
  E230/300 Loss:3.882 lr:1.50e-04 0s
  >> Val MRR:0.6545 (best:0.6572 p:2/30)
  >> Val MRR:0.6572 (best:0.6572 p:3/30)
  E240/300 Loss:3.879 lr:4.50e-05 0s
  >> Val MRR:0.6576 H@1:51.6% H@10:92.0% ** BEST **
  >> Val MRR:0.6575 (best:0.6576 p:1/30)
  E250/300 Loss:3.870 lr:4.50e-05 0s
  >> Val MRR:0.6573 (best:0.6576 p:2/30)
  >> Val MRR:0.6575 (best:0.6576 p:3/30)
  E260/300 Loss:3.876 lr:4.50e-05 0s
  >> Val MRR:0.6594 H@1:52.0% H@10:92.2% ** BEST **
  >> Val MRR:0.6584 (best:0.6594 p:1/30)
  E270/300 Loss:3.870 lr:4.50e-05 0s
  >> Val MRR:0.6623 H@1:52.6% H@10:92.0% ** BEST **
  >> Val MRR:0.6597 (best:0.6623 p:1/30)
  E280/300 Loss:3.866 lr:4.50e-05 0s
  >> Val MRR:0.6587 (best:0.6623 p:2/30)
  >> Val MRR:0.6603 (best:0.6623 p:3/30)
  E290/300 Loss:3.870 lr:4.50e-05 0s
  E300/300 Loss:3.870 lr:4.50e-05 0s
  >> Val MRR:0.6628 H@1:52.4% H@10:92.4% ** BEST **
  Training done: 11s, best_val_MRR=0.6628
  Full test evaluation (1074 triples)...

  FINAL TEST: MRR=0.6286 H@1=47.8% H@3=73.5% H@10=92.4%
  Saved: /home/shanxh/decoder/Kinship_d100_L2_ls0.3_seed123.json
=== Kinship/DistMult@d100/seed123 rc=0 in 13s ===
=== [24/25] Kinship/DistMult@d100/seed456 ===
Device: cuda, AMP: True
GPU: NVIDIA GeForce RTX 2080 Ti, 11.3 GB
======================================================================
CompGCN+DistMult | Kinship | seed=456
d_h=100 L=2 lr=0.0005 ls=0.3 epochs=300
======================================================================
  KG: 104 ent, 50 rel, 17088 edges
  Train/Val/Test: 8544/1068/1074
  Params: 66,200
  Training: epochs=300, lr=0.0005, batch=4096, ls=0.3
  Steps/epoch: 2
  E  1/300 Loss:5.315 lr:5.00e-04 0s
  >> Val MRR:0.0536 H@1:1.0% H@10:11.4% ** BEST **
  E 10/300 Loss:5.096 lr:5.00e-04 0s
  >> Val MRR:0.0492 (best:0.0536 p:1/30)
  >> Val MRR:0.0477 (best:0.0536 p:2/30)
  E 20/300 Loss:4.924 lr:5.00e-04 0s
  >> Val MRR:0.0569 H@1:0.6% H@10:11.8% ** BEST **
  >> Val MRR:0.0713 H@1:1.6% H@10:14.6% ** BEST **
  E 30/300 Loss:4.769 lr:5.00e-04 0s
  >> Val MRR:0.0917 H@1:2.8% H@10:18.2% ** BEST **
  >> Val MRR:0.1203 H@1:4.8% H@10:25.2% ** BEST **
  E 40/300 Loss:4.613 lr:5.00e-04 0s
  >> Val MRR:0.1421 H@1:5.2% H@10:31.4% ** BEST **
  >> Val MRR:0.1838 H@1:6.8% H@10:41.6% ** BEST **
  E 50/300 Loss:4.452 lr:5.00e-04 0s
  >> Val MRR:0.2210 H@1:8.8% H@10:52.2% ** BEST **
  >> Val MRR:0.2758 H@1:12.6% H@10:60.4% ** BEST **
  E 60/300 Loss:4.319 lr:5.00e-04 0s
  >> Val MRR:0.3195 H@1:16.4% H@10:68.4% ** BEST **
  >> Val MRR:0.3535 H@1:18.4% H@10:72.8% ** BEST **
  E 70/300 Loss:4.204 lr:5.00e-04 0s
  >> Val MRR:0.3798 H@1:20.8% H@10:75.8% ** BEST **
  >> Val MRR:0.4064 H@1:24.0% H@10:78.6% ** BEST **
  E 80/300 Loss:4.152 lr:5.00e-04 0s
  >> Val MRR:0.4336 H@1:27.4% H@10:79.8% ** BEST **
  >> Val MRR:0.4543 H@1:29.6% H@10:81.2% ** BEST **
  E 90/300 Loss:4.103 lr:5.00e-04 0s
  >> Val MRR:0.4699 H@1:30.6% H@10:82.0% ** BEST **
  >> Val MRR:0.4871 H@1:32.4% H@10:83.8% ** BEST **
  E100/300 Loss:4.069 lr:5.00e-04 0s
  >> Val MRR:0.5030 H@1:34.2% H@10:85.2% ** BEST **
  >> Val MRR:0.5102 H@1:35.0% H@10:86.0% ** BEST **
  E110/300 Loss:4.018 lr:5.00e-04 0s
  >> Val MRR:0.5229 H@1:36.6% H@10:86.8% ** BEST **
  >> Val MRR:0.5365 H@1:38.4% H@10:87.2% ** BEST **
  E120/300 Loss:3.995 lr:5.00e-04 0s
  >> Val MRR:0.5469 H@1:40.0% H@10:87.4% ** BEST **
  >> Val MRR:0.5548 H@1:41.2% H@10:88.0% ** BEST **
  E130/300 Loss:3.990 lr:5.00e-04 0s
  >> Val MRR:0.5576 H@1:41.0% H@10:88.8% ** BEST **
  >> Val MRR:0.5683 H@1:42.2% H@10:89.0% ** BEST **
  E140/300 Loss:3.965 lr:5.00e-04 0s
  >> Val MRR:0.5704 H@1:42.2% H@10:90.0% ** BEST **
  >> Val MRR:0.5753 H@1:42.8% H@10:90.8% ** BEST **
  E150/300 Loss:3.957 lr:5.00e-04 0s
  >> Val MRR:0.5854 H@1:44.0% H@10:90.8% ** BEST **
  >> Val MRR:0.5828 (best:0.5854 p:1/30)
  E160/300 Loss:3.933 lr:5.00e-04 0s
  >> Val MRR:0.5915 H@1:44.4% H@10:91.6% ** BEST **
  >> Val MRR:0.5941 H@1:44.4% H@10:92.4% ** BEST **
  E170/300 Loss:3.926 lr:5.00e-04 0s
  >> Val MRR:0.5955 H@1:44.6% H@10:92.6% ** BEST **
  >> Val MRR:0.5961 H@1:44.4% H@10:92.6% ** BEST **
  E180/300 Loss:3.914 lr:1.50e-04 0s
  >> Val MRR:0.5932 (best:0.5961 p:1/30)
  >> Val MRR:0.5958 (best:0.5961 p:2/30)
  E190/300 Loss:3.906 lr:1.50e-04 0s
  >> Val MRR:0.6031 H@1:45.6% H@10:92.8% ** BEST **
  >> Val MRR:0.6026 (best:0.6031 p:1/30)
  E200/300 Loss:3.906 lr:1.50e-04 0s
  >> Val MRR:0.6053 H@1:45.6% H@10:93.2% ** BEST **
  >> Val MRR:0.6091 H@1:46.0% H@10:93.2% ** BEST **
  E210/300 Loss:3.909 lr:1.50e-04 0s
  >> Val MRR:0.6102 H@1:46.2% H@10:93.0% ** BEST **
  >> Val MRR:0.6084 (best:0.6102 p:1/30)
  E220/300 Loss:3.896 lr:1.50e-04 0s
  >> Val MRR:0.6091 (best:0.6102 p:2/30)
  >> Val MRR:0.6077 (best:0.6102 p:3/30)
  E230/300 Loss:3.897 lr:1.50e-04 0s
  >> Val MRR:0.6136 H@1:46.2% H@10:94.0% ** BEST **
  E240/300 Loss:3.886 lr:4.50e-05 0s
  >> Val MRR:0.6149 H@1:46.4% H@10:93.8% ** BEST **
  >> Val MRR:0.6173 H@1:46.8% H@10:93.8% ** BEST **
  E250/300 Loss:3.892 lr:4.50e-05 0s
  >> Val MRR:0.6195 H@1:47.2% H@10:94.0% ** BEST **
  >> Val MRR:0.6205 H@1:47.4% H@10:94.0% ** BEST **
  E260/300 Loss:3.883 lr:4.50e-05 0s
  >> Val MRR:0.6173 (best:0.6205 p:1/30)
  >> Val MRR:0.6192 (best:0.6205 p:2/30)
  E270/300 Loss:3.885 lr:4.50e-05 0s
  >> Val MRR:0.6199 (best:0.6205 p:3/30)
  E280/300 Loss:3.889 lr:4.50e-05 0s
  E290/300 Loss:3.891 lr:4.50e-05 0s
  >> Val MRR:0.6206 H@1:47.2% H@10:94.0% ** BEST **
  E300/300 Loss:3.889 lr:4.50e-05 0s
  >> Val MRR:0.6202 (best:0.6206 p:1/30)
  Training done: 11s, best_val_MRR=0.6206
  Full test evaluation (1074 triples)...

  FINAL TEST: MRR=0.6161 H@1=46.8% H@3=69.7% H@10=92.3%
  Saved: /home/shanxh/decoder/Kinship_d100_L2_ls0.3_seed456.json
=== Kinship/DistMult@d100/seed456 rc=0 in 14s ===
=== [25/25] FB15k-237/ComplEx@d100/seed42 ===
Device: cuda, AMP: True
GPU: NVIDIA GeForce RTX 2080 Ti, 11.3 GB
======================================================================
CompGCN+DistMult | FB15k-237 | seed=42
d_h=100 L=2 lr=0.0005 ls=0.3 epochs=200
======================================================================
  KG: 14541 ent, 474 rel, 544230 edges
  Train/Val/Test: 272115/17535/20466
  Params: 1,637,100
  Training: epochs=200, lr=0.0005, batch=4096, ls=0.3
  Steps/epoch: 66
  E  1/200 Loss:9.822 lr:5.00e-04 3s
  >> Val MRR:0.3307 H@1:24.6% H@10:48.8% ** BEST **
  E 10/200 Loss:6.811 lr:5.00e-04 3s
  >> Val MRR:0.3755 H@1:29.6% H@10:53.4% ** BEST **
  >> Val MRR:0.3724 (best:0.3755 p:1/30)
  E 20/200 Loss:6.474 lr:5.00e-04 3s
  >> Val MRR:0.3895 H@1:29.4% H@10:58.0% ** BEST **
  >> Val MRR:0.3955 H@1:29.6% H@10:58.6% ** BEST **
  E 30/200 Loss:6.313 lr:5.00e-04 3s
  >> Val MRR:0.3991 H@1:30.2% H@10:58.8% ** BEST **
  >> Val MRR:0.4077 H@1:31.4% H@10:59.6% ** BEST **
  E 40/200 Loss:6.215 lr:5.00e-04 3s
  >> Val MRR:0.4076 (best:0.4077 p:1/30)
  >> Val MRR:0.4168 H@1:32.6% H@10:59.8% ** BEST **
  E 50/200 Loss:6.144 lr:5.00e-04 3s
  >> Val MRR:0.4186 H@1:32.6% H@10:59.4% ** BEST **
  >> Val MRR:0.4180 (best:0.4186 p:1/30)
  E 60/200 Loss:6.085 lr:5.00e-04 3s
  >> Val MRR:0.4178 (best:0.4186 p:2/30)
  >> Val MRR:0.4224 H@1:32.6% H@10:62.4% ** BEST **
  E 70/200 Loss:6.033 lr:5.00e-04 3s
  >> Val MRR:0.4180 (best:0.4224 p:1/30)
  >> Val MRR:0.4202 (best:0.4224 p:2/30)
  E 80/200 Loss:5.973 lr:5.00e-04 3s
  >> Val MRR:0.4303 H@1:34.4% H@10:61.0% ** BEST **
  >> Val MRR:0.4231 (best:0.4303 p:1/30)
  E 90/200 Loss:5.898 lr:5.00e-04 3s
  >> Val MRR:0.4196 (best:0.4303 p:2/30)
  >> Val MRR:0.4199 (best:0.4303 p:3/30)
  E100/200 Loss:5.813 lr:5.00e-04 3s
  E110/200 Loss:5.730 lr:5.00e-04 3s
  E120/200 Loss:5.661 lr:1.50e-04 3s
  E130/200 Loss:5.591 lr:1.50e-04 3s
  >> Val MRR:0.4088 (best:0.4303 p:10/30)
  E140/200 Loss:5.572 lr:1.50e-04 3s
  E150/200 Loss:5.555 lr:1.50e-04 3s
  E160/200 Loss:5.542 lr:4.50e-05 3s
  E170/200 Loss:5.521 lr:4.50e-05 3s
  E180/200 Loss:5.516 lr:4.50e-05 3s
  >> Val MRR:0.4014 (best:0.4303 p:20/30)
  E190/200 Loss:5.513 lr:4.50e-05 3s
  E200/200 Loss:5.507 lr:4.50e-05 3s
  Training done: 603s, best_val_MRR=0.4303
  Full test evaluation (20466 triples)...

  FINAL TEST: MRR=0.4204 H@1=32.6% H@3=46.2% H@10=60.8%
  Saved: /home/shanxh/decoder/FB15k-237_d100_L2_ls0.3_ComplEx_seed42.json
=== FB15k-237/ComplEx@d100/seed42 rc=0 in 621s ===
=== GPU2 QUEUE DONE ===
